[2026-04-03 16:23:27.683] [17667] [HailoRT] [info] [vdevice.cpp:523] [create] Creating vdevice with params: device_count: 1, scheduling_algorithm: ROUND_ROBIN, multi_process_service: false
[2026-04-03 16:23:27.696] [17667] [HailoRT] [info] [device.cpp:49] [Device] OS Version: Linux 6.12.62+rpt-rpi-2712 #1 SMP PREEMPT Debian 1:6.12.62-1+rpt1~bookworm (2026-01-19) aarch64
[2026-04-03 16:23:27.697] [17667] [HailoRT] [info] [control.cpp:108] [control__parse_identify_results] firmware_version is: 4.20.0
[2026-04-03 16:23:27.697] [17667] [HailoRT] [info] [vdevice.cpp:651] [create] VDevice Infos: 0001:01:00.0
[2026-04-03 16:23:27.718] [17667] [HailoRT] [info] [hef.cpp:1929] [get_network_group_and_network_name] No name was given. Addressing all networks of default network_group: yolov8m
[2026-04-03 16:23:27.718] [17667] [HailoRT] [info] [hef.cpp:1929] [get_network_group_and_network_name] No name was given. Addressing all networks of default network_group: yolov8m
[2026-04-03 16:23:27.726] [17667] [HailoRT] [info] [internal_buffer_manager.cpp:204] [print_execution_results] Planned internal buffer memory: CMA memory 0, user memory 3037184. memory to edge layer usage factor is 1
[2026-04-03 16:23:27.726] [17667] [HailoRT] [info] [internal_buffer_manager.cpp:212] [print_execution_results] Default Internal buffer planner executed successfully
[2026-04-03 16:23:27.772] [17667] [HailoRT] [info] [device_internal.cpp:57] [configure] Configuring HEF took 51.498362 milliseconds
[2026-04-03 16:23:27.772] [17667] [HailoRT] [info] [vdevice.cpp:749] [configure] Configuring HEF on VDevice took 51.868234 milliseconds
[2026-04-03 16:23:27.772] [17667] [HailoRT] [info] [infer_model.cpp:436] [configure] Configuring network group 'yolov8m' with params: batch size: 0, power mode: PERFORMANCE, latency: NONE
[2026-04-03 16:23:27.772] [17667] [HailoRT] [info] [multi_io_elements.cpp:756] [create] Created (AsyncHwEl)
[2026-04-03 16:23:27.772] [17667] [HailoRT] [info] [queue_elements.cpp:450] [create] Created (EntryPushQEl0yolov8m/input_layer1 | timeout: 10s)
[2026-04-03 16:23:27.772] [17667] [HailoRT] [info] [filter_elements.cpp:101] [create] Created (PreInferEl3yolov8m/input_layer1 | Reorder - src_order: RGB4, src_shape: (640, 640, 3), dst_order: NHCW, dst_shape: (640, 640, 3))
[2026-04-03 16:23:27.772] [17667] [HailoRT] [info] [queue_elements.cpp:450] [create] Created (PushQEl3yolov8m/input_layer1 | timeout: 10s)
[2026-04-03 16:23:27.772] [17667] [HailoRT] [info] [multi_io_elements.cpp:135] [create] Created (NmsPPMuxEl0YOLOV8-Post-Process | Op YOLOV8, Name: YOLOV8-Post-Process, Score threshold: 0.001, IoU threshold: 0.70, Classes: 8, Cross classes: false, NMS results order: BY_CLASS, Max bboxes per class: 100, Image height: 640, Image width: 640)
[2026-04-03 16:23:27.773] [17667] [HailoRT] [info] [queue_elements.cpp:942] [create] Created (MultiPushQEl0YOLOV8-Post-Process | timeout: 10s)
[2026-04-03 16:23:27.773] [17667] [HailoRT] [info] [edge_elements.cpp:187] [create] Created (LastAsyncEl0NmsPPMuxEl0YOLOV8-Post-Process)
[2026-04-03 16:23:27.773] [17667] [HailoRT] [info] [pipeline.cpp:891] [print_deep_description] EntryPushQEl0yolov8m/input_layer1 | inputs: user | outputs: PreInferEl3yolov8m/input_layer1(running in thread_id: 17690)
[2026-04-03 16:23:27.773] [17667] [HailoRT] [info] [pipeline.cpp:891] [print_deep_description] PreInferEl3yolov8m/input_layer1 | inputs: EntryPushQEl0yolov8m/input_layer1[0] | outputs: PushQEl3yolov8m/input_layer1
[2026-04-03 16:23:27.773] [17667] [HailoRT] [info] [pipeline.cpp:891] [print_deep_description] PushQEl3yolov8m/input_layer1 | inputs: PreInferEl3yolov8m/input_layer1[0] | outputs: AsyncHwEl(running in thread_id: 17691)
[2026-04-03 16:23:27.773] [17667] [HailoRT] [info] [pipeline.cpp:891] [print_deep_description] AsyncHwEl | inputs: PushQEl3yolov8m/input_layer1[0] | outputs: MultiPushQEl0YOLOV8-Post-Process MultiPushQEl0YOLOV8-Post-Process MultiPushQEl0YOLOV8-Post-Process MultiPushQEl0YOLOV8-Post-Process MultiPushQEl0YOLOV8-Post-Process MultiPushQEl0YOLOV8-Post-Process
[2026-04-03 16:23:27.773] [17667] [HailoRT] [info] [pipeline.cpp:891] [print_deep_description] MultiPushQEl0YOLOV8-Post-Process | inputs: AsyncHwEl[0] AsyncHwEl[1] AsyncHwEl[2] AsyncHwEl[3] AsyncHwEl[4] AsyncHwEl[5] | outputs: NmsPPMuxEl0YOLOV8-Post-Process(running in thread_id: 17692)
[2026-04-03 16:23:27.773] [17667] [HailoRT] [info] [pipeline.cpp:891] [print_deep_description] NmsPPMuxEl0YOLOV8-Post-Process | inputs: MultiPushQEl0YOLOV8-Post-Process[0] | outputs: LastAsyncEl0NmsPPMuxEl0YOLOV8-Post-Process
[2026-04-03 16:23:27.773] [17667] [HailoRT] [info] [pipeline.cpp:891] [print_deep_description] LastAsyncEl0NmsPPMuxEl0YOLOV8-Post-Process | inputs: NmsPPMuxEl0YOLOV8-Post-Process[0] | outputs: user
[2026-04-03 16:23:28.767] [17687] [HailoRT] [info] [hef.cpp:1929] [get_network_group_and_network_name] No name was given. Addressing all networks of default network_group: yolov8m
[2026-04-03 16:23:32.325] [17667] [HailoRT] [info] [async_infer_runner.cpp:86] [shutdown] Pipeline was aborted. Shutting it down
[2026-04-03 16:23:32.325] [17667] [HailoRT] [info] [queue_elements.cpp:1131] [execute_deactivate] enqueue() in element MultiPushQEl0YOLOV8-Post-Process was aborted, got status = HAILO_SHUTDOWN_EVENT_SIGNALED(57)
[2026-04-03 16:23:32.325] [17667] [HailoRT] [info] [queue_elements.cpp:1131] [execute_deactivate] enqueue() in element MultiPushQEl0YOLOV8-Post-Process was aborted, got status = HAILO_SHUTDOWN_EVENT_SIGNALED(57)
[2026-04-03 16:23:32.325] [17667] [HailoRT] [info] [queue_elements.cpp:1131] [execute_deactivate] enqueue() in element MultiPushQEl0YOLOV8-Post-Process was aborted, got status = HAILO_SHUTDOWN_EVENT_SIGNALED(57)
[2026-04-03 16:23:32.325] [17667] [HailoRT] [info] [queue_elements.cpp:1131] [execute_deactivate] enqueue() in element MultiPushQEl0YOLOV8-Post-Process was aborted, got status = HAILO_SHUTDOWN_EVENT_SIGNALED(57)
[2026-04-03 16:23:32.325] [17667] [HailoRT] [info] [queue_elements.cpp:1131] [execute_deactivate] enqueue() in element MultiPushQEl0YOLOV8-Post-Process was aborted, got status = HAILO_SHUTDOWN_EVENT_SIGNALED(57)
[2026-04-03 16:23:32.326] [17667] [HailoRT] [info] [queue_elements.cpp:1131] [execute_deactivate] enqueue() in element MultiPushQEl0YOLOV8-Post-Process was aborted, got status = HAILO_SHUTDOWN_EVENT_SIGNALED(57)
[2026-04-03 16:23:32.326] [17667] [HailoRT] [info] [queue_elements.cpp:570] [execute_deactivate] enqueue() in element PushQEl3yolov8m/input_layer1 was aborted, got status = HAILO_SHUTDOWN_EVENT_SIGNALED(57)
[2026-04-03 16:23:32.326] [17667] [HailoRT] [info] [queue_elements.cpp:570] [execute_deactivate] enqueue() in element EntryPushQEl0yolov8m/input_layer1 was aborted, got status = HAILO_SHUTDOWN_EVENT_SIGNALED(57)
[2026-04-03 16:23:32.326] [17667] [HailoRT] [info] [queue_elements.cpp:46] [~BaseQueueElement] Queue element EntryPushQEl0yolov8m/input_layer1 has 0 frames in his Queue on destruction
[2026-04-03 16:23:32.326] [17667] [HailoRT] [info] [queue_elements.cpp:46] [~BaseQueueElement] Queue element PushQEl3yolov8m/input_layer1 has 0 frames in his Queue on destruction
[2026-04-03 16:24:12.118] [18043] [HailoRT] [info] [vdevice.cpp:523] [create] Creating vdevice with params: device_count: 1, scheduling_algorithm: ROUND_ROBIN, multi_process_service: false
[2026-04-03 16:24:12.129] [18043] [HailoRT] [info] [device.cpp:49] [Device] OS Version: Linux 6.12.62+rpt-rpi-2712 #1 SMP PREEMPT Debian 1:6.12.62-1+rpt1~bookworm (2026-01-19) aarch64
[2026-04-03 16:24:12.130] [18043] [HailoRT] [info] [control.cpp:108] [control__parse_identify_results] firmware_version is: 4.20.0
[2026-04-03 16:24:12.130] [18043] [HailoRT] [info] [vdevice.cpp:651] [create] VDevice Infos: 0001:01:00.0
[2026-04-03 16:24:12.154] [18043] [HailoRT] [info] [hef.cpp:1929] [get_network_group_and_network_name] No name was given. Addressing all networks of default network_group: yolov8m
[2026-04-03 16:24:12.154] [18043] [HailoRT] [info] [hef.cpp:1929] [get_network_group_and_network_name] No name was given. Addressing all networks of default network_group: yolov8m
[2026-04-03 16:24:12.168] [18043] [HailoRT] [info] [internal_buffer_manager.cpp:204] [print_execution_results] Planned internal buffer memory: CMA memory 0, user memory 3037184. memory to edge layer usage factor is 1
[2026-04-03 16:24:12.168] [18043] [HailoRT] [info] [internal_buffer_manager.cpp:212] [print_execution_results] Default Internal buffer planner executed successfully
[2026-04-03 16:24:12.211] [18043] [HailoRT] [info] [device_internal.cpp:57] [configure] Configuring HEF took 50.506728 milliseconds
[2026-04-03 16:24:12.211] [18043] [HailoRT] [info] [vdevice.cpp:749] [configure] Configuring HEF on VDevice took 50.822156 milliseconds
[2026-04-03 16:24:12.211] [18043] [HailoRT] [info] [infer_model.cpp:436] [configure] Configuring network group 'yolov8m' with params: batch size: 0, power mode: PERFORMANCE, latency: NONE
[2026-04-03 16:24:12.211] [18043] [HailoRT] [info] [multi_io_elements.cpp:756] [create] Created (AsyncHwEl)
[2026-04-03 16:24:12.211] [18043] [HailoRT] [info] [queue_elements.cpp:450] [create] Created (EntryPushQEl0yolov8m/input_layer1 | timeout: 10s)
[2026-04-03 16:24:12.211] [18043] [HailoRT] [info] [filter_elements.cpp:101] [create] Created (PreInferEl3yolov8m/input_layer1 | Reorder - src_order: RGB4, src_shape: (640, 640, 3), dst_order: NHCW, dst_shape: (640, 640, 3))
[2026-04-03 16:24:12.211] [18043] [HailoRT] [info] [queue_elements.cpp:450] [create] Created (PushQEl3yolov8m/input_layer1 | timeout: 10s)
[2026-04-03 16:24:12.211] [18043] [HailoRT] [info] [multi_io_elements.cpp:135] [create] Created (NmsPPMuxEl0YOLOV8-Post-Process | Op YOLOV8, Name: YOLOV8-Post-Process, Score threshold: 0.001, IoU threshold: 0.70, Classes: 8, Cross classes: false, NMS results order: BY_CLASS, Max bboxes per class: 100, Image height: 640, Image width: 640)
[2026-04-03 16:24:12.211] [18043] [HailoRT] [info] [queue_elements.cpp:942] [create] Created (MultiPushQEl0YOLOV8-Post-Process | timeout: 10s)
[2026-04-03 16:24:12.211] [18043] [HailoRT] [info] [edge_elements.cpp:187] [create] Created (LastAsyncEl0NmsPPMuxEl0YOLOV8-Post-Process)
[2026-04-03 16:24:12.211] [18043] [HailoRT] [info] [pipeline.cpp:891] [print_deep_description] EntryPushQEl0yolov8m/input_layer1 | inputs: user | outputs: PreInferEl3yolov8m/input_layer1(running in thread_id: 18066)
[2026-04-03 16:24:12.211] [18043] [HailoRT] [info] [pipeline.cpp:891] [print_deep_description] PreInferEl3yolov8m/input_layer1 | inputs: EntryPushQEl0yolov8m/input_layer1[0] | outputs: PushQEl3yolov8m/input_layer1
[2026-04-03 16:24:12.211] [18043] [HailoRT] [info] [pipeline.cpp:891] [print_deep_description] PushQEl3yolov8m/input_layer1 | inputs: PreInferEl3yolov8m/input_layer1[0] | outputs: AsyncHwEl(running in thread_id: 18067)
[2026-04-03 16:24:12.211] [18043] [HailoRT] [info] [pipeline.cpp:891] [print_deep_description] AsyncHwEl | inputs: PushQEl3yolov8m/input_layer1[0] | outputs: MultiPushQEl0YOLOV8-Post-Process MultiPushQEl0YOLOV8-Post-Process MultiPushQEl0YOLOV8-Post-Process MultiPushQEl0YOLOV8-Post-Process MultiPushQEl0YOLOV8-Post-Process MultiPushQEl0YOLOV8-Post-Process
[2026-04-03 16:24:12.212] [18043] [HailoRT] [info] [pipeline.cpp:891] [print_deep_description] MultiPushQEl0YOLOV8-Post-Process | inputs: AsyncHwEl[0] AsyncHwEl[1] AsyncHwEl[2] AsyncHwEl[3] AsyncHwEl[4] AsyncHwEl[5] | outputs: NmsPPMuxEl0YOLOV8-Post-Process(running in thread_id: 18068)
[2026-04-03 16:24:12.212] [18043] [HailoRT] [info] [pipeline.cpp:891] [print_deep_description] NmsPPMuxEl0YOLOV8-Post-Process | inputs: MultiPushQEl0YOLOV8-Post-Process[0] | outputs: LastAsyncEl0NmsPPMuxEl0YOLOV8-Post-Process
[2026-04-03 16:24:12.212] [18043] [HailoRT] [info] [pipeline.cpp:891] [print_deep_description] LastAsyncEl0NmsPPMuxEl0YOLOV8-Post-Process | inputs: NmsPPMuxEl0YOLOV8-Post-Process[0] | outputs: user
[2026-04-03 16:24:14.145] [18063] [HailoRT] [info] [hef.cpp:1929] [get_network_group_and_network_name] No name was given. Addressing all networks of default network_group: yolov8m
[2026-04-03 16:24:36.967] [18043] [HailoRT] [info] [async_infer_runner.cpp:86] [shutdown] Pipeline was aborted. Shutting it down
[2026-04-03 16:24:36.969] [18043] [HailoRT] [info] [queue_elements.cpp:1131] [execute_deactivate] enqueue() in element MultiPushQEl0YOLOV8-Post-Process was aborted, got status = HAILO_SHUTDOWN_EVENT_SIGNALED(57)
[2026-04-03 16:24:36.969] [18043] [HailoRT] [info] [queue_elements.cpp:1131] [execute_deactivate] enqueue() in element MultiPushQEl0YOLOV8-Post-Process was aborted, got status = HAILO_SHUTDOWN_EVENT_SIGNALED(57)
[2026-04-03 16:24:36.969] [18043] [HailoRT] [info] [queue_elements.cpp:1131] [execute_deactivate] enqueue() in element MultiPushQEl0YOLOV8-Post-Process was aborted, got status = HAILO_SHUTDOWN_EVENT_SIGNALED(57)
[2026-04-03 16:24:36.969] [18043] [HailoRT] [info] [queue_elements.cpp:1131] [execute_deactivate] enqueue() in element MultiPushQEl0YOLOV8-Post-Process was aborted, got status = HAILO_SHUTDOWN_EVENT_SIGNALED(57)
[2026-04-03 16:24:36.969] [18043] [HailoRT] [info] [queue_elements.cpp:1131] [execute_deactivate] enqueue() in element MultiPushQEl0YOLOV8-Post-Process was aborted, got status = HAILO_SHUTDOWN_EVENT_SIGNALED(57)
[2026-04-03 16:24:36.969] [18043] [HailoRT] [info] [queue_elements.cpp:1131] [execute_deactivate] enqueue() in element MultiPushQEl0YOLOV8-Post-Process was aborted, got status = HAILO_SHUTDOWN_EVENT_SIGNALED(57)
[2026-04-03 16:24:36.969] [18043] [HailoRT] [info] [queue_elements.cpp:570] [execute_deactivate] enqueue() in element PushQEl3yolov8m/input_layer1 was aborted, got status = HAILO_SHUTDOWN_EVENT_SIGNALED(57)
[2026-04-03 16:24:36.969] [18043] [HailoRT] [info] [queue_elements.cpp:570] [execute_deactivate] enqueue() in element EntryPushQEl0yolov8m/input_layer1 was aborted, got status = HAILO_SHUTDOWN_EVENT_SIGNALED(57)
[2026-04-03 16:24:36.969] [18043] [HailoRT] [info] [queue_elements.cpp:46] [~BaseQueueElement] Queue element EntryPushQEl0yolov8m/input_layer1 has 0 frames in his Queue on destruction
[2026-04-03 16:24:36.969] [18043] [HailoRT] [info] [queue_elements.cpp:46] [~BaseQueueElement] Queue element PushQEl3yolov8m/input_layer1 has 0 frames in his Queue on destruction
[2026-04-03 16:25:24.033] [18541] [HailoRT] [info] [vdevice.cpp:523] [create] Creating vdevice with params: device_count: 1, scheduling_algorithm: ROUND_ROBIN, multi_process_service: false
[2026-04-03 16:25:24.045] [18541] [HailoRT] [info] [device.cpp:49] [Device] OS Version: Linux 6.12.62+rpt-rpi-2712 #1 SMP PREEMPT Debian 1:6.12.62-1+rpt1~bookworm (2026-01-19) aarch64
[2026-04-03 16:25:24.047] [18541] [HailoRT] [info] [control.cpp:108] [control__parse_identify_results] firmware_version is: 4.20.0
[2026-04-03 16:25:24.047] [18541] [HailoRT] [info] [vdevice.cpp:651] [create] VDevice Infos: 0001:01:00.0
[2026-04-03 16:25:24.080] [18541] [HailoRT] [info] [hef.cpp:1929] [get_network_group_and_network_name] No name was given. Addressing all networks of default network_group: yolov8m
[2026-04-03 16:25:24.080] [18541] [HailoRT] [info] [hef.cpp:1929] [get_network_group_and_network_name] No name was given. Addressing all networks of default network_group: yolov8m
[2026-04-03 16:25:24.090] [18541] [HailoRT] [info] [internal_buffer_manager.cpp:204] [print_execution_results] Planned internal buffer memory: CMA memory 0, user memory 3037184. memory to edge layer usage factor is 1
[2026-04-03 16:25:24.090] [18541] [HailoRT] [info] [internal_buffer_manager.cpp:212] [print_execution_results] Default Internal buffer planner executed successfully
[2026-04-03 16:25:24.138] [18541] [HailoRT] [info] [device_internal.cpp:57] [configure] Configuring HEF took 54.803921 milliseconds
[2026-04-03 16:25:24.138] [18541] [HailoRT] [info] [vdevice.cpp:749] [configure] Configuring HEF on VDevice took 55.113201 milliseconds
[2026-04-03 16:25:24.138] [18541] [HailoRT] [info] [infer_model.cpp:436] [configure] Configuring network group 'yolov8m' with params: batch size: 0, power mode: PERFORMANCE, latency: NONE
[2026-04-03 16:25:24.138] [18541] [HailoRT] [info] [multi_io_elements.cpp:756] [create] Created (AsyncHwEl)
[2026-04-03 16:25:24.138] [18541] [HailoRT] [info] [queue_elements.cpp:450] [create] Created (EntryPushQEl0yolov8m/input_layer1 | timeout: 10s)
[2026-04-03 16:25:24.138] [18541] [HailoRT] [info] [filter_elements.cpp:101] [create] Created (PreInferEl3yolov8m/input_layer1 | Reorder - src_order: RGB4, src_shape: (640, 640, 3), dst_order: NHCW, dst_shape: (640, 640, 3))
[2026-04-03 16:25:24.138] [18541] [HailoRT] [info] [queue_elements.cpp:450] [create] Created (PushQEl3yolov8m/input_layer1 | timeout: 10s)
[2026-04-03 16:25:24.138] [18541] [HailoRT] [info] [multi_io_elements.cpp:135] [create] Created (NmsPPMuxEl0YOLOV8-Post-Process | Op YOLOV8, Name: YOLOV8-Post-Process, Score threshold: 0.001, IoU threshold: 0.70, Classes: 8, Cross classes: false, NMS results order: BY_CLASS, Max bboxes per class: 100, Image height: 640, Image width: 640)
[2026-04-03 16:25:24.139] [18541] [HailoRT] [info] [queue_elements.cpp:942] [create] Created (MultiPushQEl0YOLOV8-Post-Process | timeout: 10s)
[2026-04-03 16:25:24.139] [18541] [HailoRT] [info] [edge_elements.cpp:187] [create] Created (LastAsyncEl0NmsPPMuxEl0YOLOV8-Post-Process)
[2026-04-03 16:25:24.139] [18541] [HailoRT] [info] [pipeline.cpp:891] [print_deep_description] EntryPushQEl0yolov8m/input_layer1 | inputs: user | outputs: PreInferEl3yolov8m/input_layer1(running in thread_id: 18564)
[2026-04-03 16:25:24.139] [18541] [HailoRT] [info] [pipeline.cpp:891] [print_deep_description] PreInferEl3yolov8m/input_layer1 | inputs: EntryPushQEl0yolov8m/input_layer1[0] | outputs: PushQEl3yolov8m/input_layer1
[2026-04-03 16:25:24.139] [18541] [HailoRT] [info] [pipeline.cpp:891] [print_deep_description] PushQEl3yolov8m/input_layer1 | inputs: PreInferEl3yolov8m/input_layer1[0] | outputs: AsyncHwEl(running in thread_id: 18565)
[2026-04-03 16:25:24.139] [18541] [HailoRT] [info] [pipeline.cpp:891] [print_deep_description] AsyncHwEl | inputs: PushQEl3yolov8m/input_layer1[0] | outputs: MultiPushQEl0YOLOV8-Post-Process MultiPushQEl0YOLOV8-Post-Process MultiPushQEl0YOLOV8-Post-Process MultiPushQEl0YOLOV8-Post-Process MultiPushQEl0YOLOV8-Post-Process MultiPushQEl0YOLOV8-Post-Process
[2026-04-03 16:25:24.139] [18541] [HailoRT] [info] [pipeline.cpp:891] [print_deep_description] MultiPushQEl0YOLOV8-Post-Process | inputs: AsyncHwEl[0] AsyncHwEl[1] AsyncHwEl[2] AsyncHwEl[3] AsyncHwEl[4] AsyncHwEl[5] | outputs: NmsPPMuxEl0YOLOV8-Post-Process(running in thread_id: 18566)
[2026-04-03 16:25:24.139] [18541] [HailoRT] [info] [pipeline.cpp:891] [print_deep_description] NmsPPMuxEl0YOLOV8-Post-Process | inputs: MultiPushQEl0YOLOV8-Post-Process[0] | outputs: LastAsyncEl0NmsPPMuxEl0YOLOV8-Post-Process
[2026-04-03 16:25:24.139] [18541] [HailoRT] [info] [pipeline.cpp:891] [print_deep_description] LastAsyncEl0NmsPPMuxEl0YOLOV8-Post-Process | inputs: NmsPPMuxEl0YOLOV8-Post-Process[0] | outputs: user
[2026-04-03 16:25:26.067] [18561] [HailoRT] [info] [hef.cpp:1929] [get_network_group_and_network_name] No name was given. Addressing all networks of default network_group: yolov8m
[2026-04-03 16:25:50.419] [18541] [HailoRT] [info] [async_infer_runner.cpp:86] [shutdown] Pipeline was aborted. Shutting it down
[2026-04-03 16:25:50.421] [18541] [HailoRT] [info] [queue_elements.cpp:1131] [execute_deactivate] enqueue() in element MultiPushQEl0YOLOV8-Post-Process was aborted, got status = HAILO_SHUTDOWN_EVENT_SIGNALED(57)
[2026-04-03 16:25:50.421] [18541] [HailoRT] [info] [queue_elements.cpp:1131] [execute_deactivate] enqueue() in element MultiPushQEl0YOLOV8-Post-Process was aborted, got status = HAILO_SHUTDOWN_EVENT_SIGNALED(57)
[2026-04-03 16:25:50.421] [18541] [HailoRT] [info] [queue_elements.cpp:1131] [execute_deactivate] enqueue() in element MultiPushQEl0YOLOV8-Post-Process was aborted, got status = HAILO_SHUTDOWN_EVENT_SIGNALED(57)
[2026-04-03 16:25:50.421] [18541] [HailoRT] [info] [queue_elements.cpp:1131] [execute_deactivate] enqueue() in element MultiPushQEl0YOLOV8-Post-Process was aborted, got status = HAILO_SHUTDOWN_EVENT_SIGNALED(57)
[2026-04-03 16:25:50.421] [18541] [HailoRT] [info] [queue_elements.cpp:1131] [execute_deactivate] enqueue() in element MultiPushQEl0YOLOV8-Post-Process was aborted, got status = HAILO_SHUTDOWN_EVENT_SIGNALED(57)
[2026-04-03 16:25:50.421] [18541] [HailoRT] [info] [queue_elements.cpp:1131] [execute_deactivate] enqueue() in element MultiPushQEl0YOLOV8-Post-Process was aborted, got status = HAILO_SHUTDOWN_EVENT_SIGNALED(57)
[2026-04-03 16:25:50.421] [18541] [HailoRT] [info] [queue_elements.cpp:570] [execute_deactivate] enqueue() in element PushQEl3yolov8m/input_layer1 was aborted, got status = HAILO_SHUTDOWN_EVENT_SIGNALED(57)
[2026-04-03 16:25:50.421] [18541] [HailoRT] [info] [queue_elements.cpp:570] [execute_deactivate] enqueue() in element EntryPushQEl0yolov8m/input_layer1 was aborted, got status = HAILO_SHUTDOWN_EVENT_SIGNALED(57)
[2026-04-03 16:25:50.421] [18541] [HailoRT] [info] [queue_elements.cpp:46] [~BaseQueueElement] Queue element EntryPushQEl0yolov8m/input_layer1 has 0 frames in his Queue on destruction
[2026-04-03 16:25:50.421] [18541] [HailoRT] [info] [queue_elements.cpp:46] [~BaseQueueElement] Queue element PushQEl3yolov8m/input_layer1 has 0 frames in his Queue on destruction
[2026-04-03 16:28:52.088] [19634] [HailoRT] [info] [vdevice.cpp:523] [create] Creating vdevice with params: device_count: 1, scheduling_algorithm: ROUND_ROBIN, multi_process_service: false
[2026-04-03 16:28:52.101] [19634] [HailoRT] [info] [device.cpp:49] [Device] OS Version: Linux 6.12.62+rpt-rpi-2712 #1 SMP PREEMPT Debian 1:6.12.62-1+rpt1~bookworm (2026-01-19) aarch64
[2026-04-03 16:28:52.102] [19634] [HailoRT] [info] [control.cpp:108] [control__parse_identify_results] firmware_version is: 4.20.0
[2026-04-03 16:28:52.102] [19634] [HailoRT] [info] [vdevice.cpp:651] [create] VDevice Infos: 0001:01:00.0
[2026-04-03 16:28:52.124] [19634] [HailoRT] [info] [hef.cpp:1929] [get_network_group_and_network_name] No name was given. Addressing all networks of default network_group: yolov8m
[2026-04-03 16:28:52.124] [19634] [HailoRT] [info] [hef.cpp:1929] [get_network_group_and_network_name] No name was given. Addressing all networks of default network_group: yolov8m
[2026-04-03 16:28:52.135] [19634] [HailoRT] [info] [internal_buffer_manager.cpp:204] [print_execution_results] Planned internal buffer memory: CMA memory 0, user memory 3037184. memory to edge layer usage factor is 1
[2026-04-03 16:28:52.135] [19634] [HailoRT] [info] [internal_buffer_manager.cpp:212] [print_execution_results] Default Internal buffer planner executed successfully
[2026-04-03 16:28:52.175] [19634] [HailoRT] [info] [device_internal.cpp:57] [configure] Configuring HEF took 46.387731 milliseconds
[2026-04-03 16:28:52.175] [19634] [HailoRT] [info] [vdevice.cpp:749] [configure] Configuring HEF on VDevice took 46.704047 milliseconds
[2026-04-03 16:28:52.175] [19634] [HailoRT] [info] [infer_model.cpp:436] [configure] Configuring network group 'yolov8m' with params: batch size: 0, power mode: PERFORMANCE, latency: NONE
[2026-04-03 16:28:52.175] [19634] [HailoRT] [info] [multi_io_elements.cpp:756] [create] Created (AsyncHwEl)
[2026-04-03 16:28:52.175] [19634] [HailoRT] [info] [queue_elements.cpp:450] [create] Created (EntryPushQEl0yolov8m/input_layer1 | timeout: 10s)
[2026-04-03 16:28:52.175] [19634] [HailoRT] [info] [filter_elements.cpp:101] [create] Created (PreInferEl3yolov8m/input_layer1 | Reorder - src_order: RGB4, src_shape: (640, 640, 3), dst_order: NHCW, dst_shape: (640, 640, 3))
[2026-04-03 16:28:52.175] [19634] [HailoRT] [info] [queue_elements.cpp:450] [create] Created (PushQEl3yolov8m/input_layer1 | timeout: 10s)
[2026-04-03 16:28:52.175] [19634] [HailoRT] [info] [multi_io_elements.cpp:135] [create] Created (NmsPPMuxEl0YOLOV8-Post-Process | Op YOLOV8, Name: YOLOV8-Post-Process, Score threshold: 0.001, IoU threshold: 0.70, Classes: 8, Cross classes: false, NMS results order: BY_CLASS, Max bboxes per class: 100, Image height: 640, Image width: 640)
[2026-04-03 16:28:52.176] [19634] [HailoRT] [info] [queue_elements.cpp:942] [create] Created (MultiPushQEl0YOLOV8-Post-Process | timeout: 10s)
[2026-04-03 16:28:52.176] [19634] [HailoRT] [info] [edge_elements.cpp:187] [create] Created (LastAsyncEl0NmsPPMuxEl0YOLOV8-Post-Process)
[2026-04-03 16:28:52.176] [19634] [HailoRT] [info] [pipeline.cpp:891] [print_deep_description] EntryPushQEl0yolov8m/input_layer1 | inputs: user | outputs: PreInferEl3yolov8m/input_layer1(running in thread_id: 19665)
[2026-04-03 16:28:52.176] [19634] [HailoRT] [info] [pipeline.cpp:891] [print_deep_description] PreInferEl3yolov8m/input_layer1 | inputs: EntryPushQEl0yolov8m/input_layer1[0] | outputs: PushQEl3yolov8m/input_layer1
[2026-04-03 16:28:52.176] [19634] [HailoRT] [info] [pipeline.cpp:891] [print_deep_description] PushQEl3yolov8m/input_layer1 | inputs: PreInferEl3yolov8m/input_layer1[0] | outputs: AsyncHwEl(running in thread_id: 19666)
[2026-04-03 16:28:52.176] [19634] [HailoRT] [info] [pipeline.cpp:891] [print_deep_description] AsyncHwEl | inputs: PushQEl3yolov8m/input_layer1[0] | outputs: MultiPushQEl0YOLOV8-Post-Process MultiPushQEl0YOLOV8-Post-Process MultiPushQEl0YOLOV8-Post-Process MultiPushQEl0YOLOV8-Post-Process MultiPushQEl0YOLOV8-Post-Process MultiPushQEl0YOLOV8-Post-Process
[2026-04-03 16:28:52.176] [19634] [HailoRT] [info] [pipeline.cpp:891] [print_deep_description] MultiPushQEl0YOLOV8-Post-Process | inputs: AsyncHwEl[0] AsyncHwEl[1] AsyncHwEl[2] AsyncHwEl[3] AsyncHwEl[4] AsyncHwEl[5] | outputs: NmsPPMuxEl0YOLOV8-Post-Process(running in thread_id: 19667)
[2026-04-03 16:28:52.176] [19634] [HailoRT] [info] [pipeline.cpp:891] [print_deep_description] NmsPPMuxEl0YOLOV8-Post-Process | inputs: MultiPushQEl0YOLOV8-Post-Process[0] | outputs: LastAsyncEl0NmsPPMuxEl0YOLOV8-Post-Process
[2026-04-03 16:28:52.176] [19634] [HailoRT] [info] [pipeline.cpp:891] [print_deep_description] LastAsyncEl0NmsPPMuxEl0YOLOV8-Post-Process | inputs: NmsPPMuxEl0YOLOV8-Post-Process[0] | outputs: user
[2026-04-03 16:28:54.101] [19662] [HailoRT] [info] [hef.cpp:1929] [get_network_group_and_network_name] No name was given. Addressing all networks of default network_group: yolov8m
[2026-04-03 16:29:16.824] [19634] [HailoRT] [info] [async_infer_runner.cpp:86] [shutdown] Pipeline was aborted. Shutting it down
[2026-04-03 16:29:16.826] [19634] [HailoRT] [info] [queue_elements.cpp:1131] [execute_deactivate] enqueue() in element MultiPushQEl0YOLOV8-Post-Process was aborted, got status = HAILO_SHUTDOWN_EVENT_SIGNALED(57)
[2026-04-03 16:29:16.826] [19634] [HailoRT] [info] [queue_elements.cpp:1131] [execute_deactivate] enqueue() in element MultiPushQEl0YOLOV8-Post-Process was aborted, got status = HAILO_SHUTDOWN_EVENT_SIGNALED(57)
[2026-04-03 16:29:16.826] [19634] [HailoRT] [info] [queue_elements.cpp:1131] [execute_deactivate] enqueue() in element MultiPushQEl0YOLOV8-Post-Process was aborted, got status = HAILO_SHUTDOWN_EVENT_SIGNALED(57)
[2026-04-03 16:29:16.826] [19634] [HailoRT] [info] [queue_elements.cpp:1131] [execute_deactivate] enqueue() in element MultiPushQEl0YOLOV8-Post-Process was aborted, got status = HAILO_SHUTDOWN_EVENT_SIGNALED(57)
[2026-04-03 16:29:16.826] [19634] [HailoRT] [info] [queue_elements.cpp:1131] [execute_deactivate] enqueue() in element MultiPushQEl0YOLOV8-Post-Process was aborted, got status = HAILO_SHUTDOWN_EVENT_SIGNALED(57)
[2026-04-03 16:29:16.826] [19634] [HailoRT] [info] [queue_elements.cpp:1131] [execute_deactivate] enqueue() in element MultiPushQEl0YOLOV8-Post-Process was aborted, got status = HAILO_SHUTDOWN_EVENT_SIGNALED(57)
[2026-04-03 16:29:16.826] [19634] [HailoRT] [info] [queue_elements.cpp:570] [execute_deactivate] enqueue() in element PushQEl3yolov8m/input_layer1 was aborted, got status = HAILO_SHUTDOWN_EVENT_SIGNALED(57)
[2026-04-03 16:29:16.826] [19634] [HailoRT] [info] [queue_elements.cpp:570] [execute_deactivate] enqueue() in element EntryPushQEl0yolov8m/input_layer1 was aborted, got status = HAILO_SHUTDOWN_EVENT_SIGNALED(57)
[2026-04-03 16:29:16.826] [19634] [HailoRT] [info] [queue_elements.cpp:46] [~BaseQueueElement] Queue element EntryPushQEl0yolov8m/input_layer1 has 0 frames in his Queue on destruction
[2026-04-03 16:29:16.826] [19634] [HailoRT] [info] [queue_elements.cpp:46] [~BaseQueueElement] Queue element PushQEl3yolov8m/input_layer1 has 0 frames in his Queue on destruction
[2026-04-03 16:29:57.272] [20110] [HailoRT] [info] [vdevice.cpp:523] [create] Creating vdevice with params: device_count: 1, scheduling_algorithm: ROUND_ROBIN, multi_process_service: false
[2026-04-03 16:29:57.285] [20110] [HailoRT] [info] [device.cpp:49] [Device] OS Version: Linux 6.12.62+rpt-rpi-2712 #1 SMP PREEMPT Debian 1:6.12.62-1+rpt1~bookworm (2026-01-19) aarch64
[2026-04-03 16:29:57.287] [20110] [HailoRT] [info] [control.cpp:108] [control__parse_identify_results] firmware_version is: 4.20.0
[2026-04-03 16:29:57.287] [20110] [HailoRT] [info] [vdevice.cpp:651] [create] VDevice Infos: 0001:01:00.0
[2026-04-03 16:29:57.316] [20110] [HailoRT] [info] [hef.cpp:1929] [get_network_group_and_network_name] No name was given. Addressing all networks of default network_group: yolov8m
[2026-04-03 16:29:57.316] [20110] [HailoRT] [info] [hef.cpp:1929] [get_network_group_and_network_name] No name was given. Addressing all networks of default network_group: yolov8m
[2026-04-03 16:29:57.327] [20110] [HailoRT] [info] [internal_buffer_manager.cpp:204] [print_execution_results] Planned internal buffer memory: CMA memory 0, user memory 3037184. memory to edge layer usage factor is 1
[2026-04-03 16:29:57.327] [20110] [HailoRT] [info] [internal_buffer_manager.cpp:212] [print_execution_results] Default Internal buffer planner executed successfully
[2026-04-03 16:29:57.376] [20110] [HailoRT] [info] [device_internal.cpp:57] [configure] Configuring HEF took 57.230868 milliseconds
[2026-04-03 16:29:57.376] [20110] [HailoRT] [info] [vdevice.cpp:749] [configure] Configuring HEF on VDevice took 57.543944 milliseconds
[2026-04-03 16:29:57.376] [20110] [HailoRT] [info] [infer_model.cpp:436] [configure] Configuring network group 'yolov8m' with params: batch size: 0, power mode: PERFORMANCE, latency: NONE
[2026-04-03 16:29:57.376] [20110] [HailoRT] [info] [multi_io_elements.cpp:756] [create] Created (AsyncHwEl)
[2026-04-03 16:29:57.376] [20110] [HailoRT] [info] [queue_elements.cpp:450] [create] Created (EntryPushQEl0yolov8m/input_layer1 | timeout: 10s)
[2026-04-03 16:29:57.376] [20110] [HailoRT] [info] [filter_elements.cpp:101] [create] Created (PreInferEl3yolov8m/input_layer1 | Reorder - src_order: RGB4, src_shape: (640, 640, 3), dst_order: NHCW, dst_shape: (640, 640, 3))
[2026-04-03 16:29:57.376] [20110] [HailoRT] [info] [queue_elements.cpp:450] [create] Created (PushQEl3yolov8m/input_layer1 | timeout: 10s)
[2026-04-03 16:29:57.376] [20110] [HailoRT] [info] [multi_io_elements.cpp:135] [create] Created (NmsPPMuxEl0YOLOV8-Post-Process | Op YOLOV8, Name: YOLOV8-Post-Process, Score threshold: 0.001, IoU threshold: 0.70, Classes: 8, Cross classes: false, NMS results order: BY_CLASS, Max bboxes per class: 100, Image height: 640, Image width: 640)
[2026-04-03 16:29:57.377] [20110] [HailoRT] [info] [queue_elements.cpp:942] [create] Created (MultiPushQEl0YOLOV8-Post-Process | timeout: 10s)
[2026-04-03 16:29:57.377] [20110] [HailoRT] [info] [edge_elements.cpp:187] [create] Created (LastAsyncEl0NmsPPMuxEl0YOLOV8-Post-Process)
[2026-04-03 16:29:57.377] [20110] [HailoRT] [info] [pipeline.cpp:891] [print_deep_description] EntryPushQEl0yolov8m/input_layer1 | inputs: user | outputs: PreInferEl3yolov8m/input_layer1(running in thread_id: 20142)
[2026-04-03 16:29:57.377] [20110] [HailoRT] [info] [pipeline.cpp:891] [print_deep_description] PreInferEl3yolov8m/input_layer1 | inputs: EntryPushQEl0yolov8m/input_layer1[0] | outputs: PushQEl3yolov8m/input_layer1
[2026-04-03 16:29:57.377] [20110] [HailoRT] [info] [pipeline.cpp:891] [print_deep_description] PushQEl3yolov8m/input_layer1 | inputs: PreInferEl3yolov8m/input_layer1[0] | outputs: AsyncHwEl(running in thread_id: 20143)
[2026-04-03 16:29:57.377] [20110] [HailoRT] [info] [pipeline.cpp:891] [print_deep_description] AsyncHwEl | inputs: PushQEl3yolov8m/input_layer1[0] | outputs: MultiPushQEl0YOLOV8-Post-Process MultiPushQEl0YOLOV8-Post-Process MultiPushQEl0YOLOV8-Post-Process MultiPushQEl0YOLOV8-Post-Process MultiPushQEl0YOLOV8-Post-Process MultiPushQEl0YOLOV8-Post-Process
[2026-04-03 16:29:57.377] [20110] [HailoRT] [info] [pipeline.cpp:891] [print_deep_description] MultiPushQEl0YOLOV8-Post-Process | inputs: AsyncHwEl[0] AsyncHwEl[1] AsyncHwEl[2] AsyncHwEl[3] AsyncHwEl[4] AsyncHwEl[5] | outputs: NmsPPMuxEl0YOLOV8-Post-Process(running in thread_id: 20144)
[2026-04-03 16:29:57.377] [20110] [HailoRT] [info] [pipeline.cpp:891] [print_deep_description] NmsPPMuxEl0YOLOV8-Post-Process | inputs: MultiPushQEl0YOLOV8-Post-Process[0] | outputs: LastAsyncEl0NmsPPMuxEl0YOLOV8-Post-Process
[2026-04-03 16:29:57.377] [20110] [HailoRT] [info] [pipeline.cpp:891] [print_deep_description] LastAsyncEl0NmsPPMuxEl0YOLOV8-Post-Process | inputs: NmsPPMuxEl0YOLOV8-Post-Process[0] | outputs: user
[2026-04-03 16:29:59.298] [20139] [HailoRT] [info] [hef.cpp:1929] [get_network_group_and_network_name] No name was given. Addressing all networks of default network_group: yolov8m
[2026-04-03 16:35:34.057] [21818] [HailoRT] [info] [vdevice.cpp:523] [create] Creating vdevice with params: device_count: 1, scheduling_algorithm: ROUND_ROBIN, multi_process_service: false
[2026-04-03 16:35:34.069] [21818] [HailoRT] [info] [device.cpp:49] [Device] OS Version: Linux 6.12.62+rpt-rpi-2712 #1 SMP PREEMPT Debian 1:6.12.62-1+rpt1~bookworm (2026-01-19) aarch64
[2026-04-03 16:35:34.071] [21818] [HailoRT] [info] [control.cpp:108] [control__parse_identify_results] firmware_version is: 4.20.0
[2026-04-03 16:35:34.071] [21818] [HailoRT] [info] [vdevice.cpp:651] [create] VDevice Infos: 0001:01:00.0
[2026-04-03 16:35:34.100] [21818] [HailoRT] [info] [hef.cpp:1929] [get_network_group_and_network_name] No name was given. Addressing all networks of default network_group: yolov8m
[2026-04-03 16:35:34.100] [21818] [HailoRT] [info] [hef.cpp:1929] [get_network_group_and_network_name] No name was given. Addressing all networks of default network_group: yolov8m
[2026-04-03 16:35:34.111] [21818] [HailoRT] [info] [internal_buffer_manager.cpp:204] [print_execution_results] Planned internal buffer memory: CMA memory 0, user memory 3037184. memory to edge layer usage factor is 1
[2026-04-03 16:35:34.111] [21818] [HailoRT] [info] [internal_buffer_manager.cpp:212] [print_execution_results] Default Internal buffer planner executed successfully
[2026-04-03 16:35:34.152] [21818] [HailoRT] [info] [device_internal.cpp:57] [configure] Configuring HEF took 48.568248 milliseconds
[2026-04-03 16:35:34.152] [21818] [HailoRT] [info] [vdevice.cpp:749] [configure] Configuring HEF on VDevice took 48.95214 milliseconds
[2026-04-03 16:35:34.152] [21818] [HailoRT] [info] [infer_model.cpp:436] [configure] Configuring network group 'yolov8m' with params: batch size: 0, power mode: PERFORMANCE, latency: NONE
[2026-04-03 16:35:34.152] [21818] [HailoRT] [info] [multi_io_elements.cpp:756] [create] Created (AsyncHwEl)
[2026-04-03 16:35:34.152] [21818] [HailoRT] [info] [queue_elements.cpp:450] [create] Created (EntryPushQEl0yolov8m/input_layer1 | timeout: 10s)
[2026-04-03 16:35:34.152] [21818] [HailoRT] [info] [filter_elements.cpp:101] [create] Created (PreInferEl3yolov8m/input_layer1 | Reorder - src_order: RGB4, src_shape: (640, 640, 3), dst_order: NHCW, dst_shape: (640, 640, 3))
[2026-04-03 16:35:34.153] [21818] [HailoRT] [info] [queue_elements.cpp:450] [create] Created (PushQEl3yolov8m/input_layer1 | timeout: 10s)
[2026-04-03 16:35:34.153] [21818] [HailoRT] [info] [multi_io_elements.cpp:135] [create] Created (NmsPPMuxEl0YOLOV8-Post-Process | Op YOLOV8, Name: YOLOV8-Post-Process, Score threshold: 0.001, IoU threshold: 0.70, Classes: 8, Cross classes: false, NMS results order: BY_CLASS, Max bboxes per class: 100, Image height: 640, Image width: 640)
[2026-04-03 16:35:34.153] [21818] [HailoRT] [info] [queue_elements.cpp:942] [create] Created (MultiPushQEl0YOLOV8-Post-Process | timeout: 10s)
[2026-04-03 16:35:34.153] [21818] [HailoRT] [info] [edge_elements.cpp:187] [create] Created (LastAsyncEl0NmsPPMuxEl0YOLOV8-Post-Process)
[2026-04-03 16:35:34.153] [21818] [HailoRT] [info] [pipeline.cpp:891] [print_deep_description] EntryPushQEl0yolov8m/input_layer1 | inputs: user | outputs: PreInferEl3yolov8m/input_layer1(running in thread_id: 21841)
[2026-04-03 16:35:34.153] [21818] [HailoRT] [info] [pipeline.cpp:891] [print_deep_description] PreInferEl3yolov8m/input_layer1 | inputs: EntryPushQEl0yolov8m/input_layer1[0] | outputs: PushQEl3yolov8m/input_layer1
[2026-04-03 16:35:34.153] [21818] [HailoRT] [info] [pipeline.cpp:891] [print_deep_description] PushQEl3yolov8m/input_layer1 | inputs: PreInferEl3yolov8m/input_layer1[0] | outputs: AsyncHwEl(running in thread_id: 21842)
[2026-04-03 16:35:34.153] [21818] [HailoRT] [info] [pipeline.cpp:891] [print_deep_description] AsyncHwEl | inputs: PushQEl3yolov8m/input_layer1[0] | outputs: MultiPushQEl0YOLOV8-Post-Process MultiPushQEl0YOLOV8-Post-Process MultiPushQEl0YOLOV8-Post-Process MultiPushQEl0YOLOV8-Post-Process MultiPushQEl0YOLOV8-Post-Process MultiPushQEl0YOLOV8-Post-Process
[2026-04-03 16:35:34.153] [21818] [HailoRT] [info] [pipeline.cpp:891] [print_deep_description] MultiPushQEl0YOLOV8-Post-Process | inputs: AsyncHwEl[0] AsyncHwEl[1] AsyncHwEl[2] AsyncHwEl[3] AsyncHwEl[4] AsyncHwEl[5] | outputs: NmsPPMuxEl0YOLOV8-Post-Process(running in thread_id: 21843)
[2026-04-03 16:35:34.153] [21818] [HailoRT] [info] [pipeline.cpp:891] [print_deep_description] NmsPPMuxEl0YOLOV8-Post-Process | inputs: MultiPushQEl0YOLOV8-Post-Process[0] | outputs: LastAsyncEl0NmsPPMuxEl0YOLOV8-Post-Process
[2026-04-03 16:35:34.153] [21818] [HailoRT] [info] [pipeline.cpp:891] [print_deep_description] LastAsyncEl0NmsPPMuxEl0YOLOV8-Post-Process | inputs: NmsPPMuxEl0YOLOV8-Post-Process[0] | outputs: user
[2026-04-03 16:35:35.133] [21838] [HailoRT] [info] [hef.cpp:1929] [get_network_group_and_network_name] No name was given. Addressing all networks of default network_group: yolov8m
[2026-04-03 16:36:06.813] [21818] [HailoRT] [info] [async_infer_runner.cpp:86] [shutdown] Pipeline was aborted. Shutting it down
[2026-04-03 16:36:06.815] [21818] [HailoRT] [info] [queue_elements.cpp:1131] [execute_deactivate] enqueue() in element MultiPushQEl0YOLOV8-Post-Process was aborted, got status = HAILO_SHUTDOWN_EVENT_SIGNALED(57)
[2026-04-03 16:36:06.815] [21818] [HailoRT] [info] [queue_elements.cpp:1131] [execute_deactivate] enqueue() in element MultiPushQEl0YOLOV8-Post-Process was aborted, got status = HAILO_SHUTDOWN_EVENT_SIGNALED(57)
[2026-04-03 16:36:06.815] [21818] [HailoRT] [info] [queue_elements.cpp:1131] [execute_deactivate] enqueue() in element MultiPushQEl0YOLOV8-Post-Process was aborted, got status = HAILO_SHUTDOWN_EVENT_SIGNALED(57)
[2026-04-03 16:36:06.815] [21818] [HailoRT] [info] [queue_elements.cpp:1131] [execute_deactivate] enqueue() in element MultiPushQEl0YOLOV8-Post-Process was aborted, got status = HAILO_SHUTDOWN_EVENT_SIGNALED(57)
[2026-04-03 16:36:06.815] [21818] [HailoRT] [info] [queue_elements.cpp:1131] [execute_deactivate] enqueue() in element MultiPushQEl0YOLOV8-Post-Process was aborted, got status = HAILO_SHUTDOWN_EVENT_SIGNALED(57)
[2026-04-03 16:36:06.815] [21818] [HailoRT] [info] [queue_elements.cpp:1131] [execute_deactivate] enqueue() in element MultiPushQEl0YOLOV8-Post-Process was aborted, got status = HAILO_SHUTDOWN_EVENT_SIGNALED(57)
[2026-04-03 16:36:06.815] [21818] [HailoRT] [info] [queue_elements.cpp:570] [execute_deactivate] enqueue() in element PushQEl3yolov8m/input_layer1 was aborted, got status = HAILO_SHUTDOWN_EVENT_SIGNALED(57)
[2026-04-03 16:36:06.815] [21818] [HailoRT] [info] [queue_elements.cpp:570] [execute_deactivate] enqueue() in element EntryPushQEl0yolov8m/input_layer1 was aborted, got status = HAILO_SHUTDOWN_EVENT_SIGNALED(57)
[2026-04-03 16:36:06.815] [21818] [HailoRT] [info] [queue_elements.cpp:46] [~BaseQueueElement] Queue element EntryPushQEl0yolov8m/input_layer1 has 0 frames in his Queue on destruction
[2026-04-03 16:36:06.815] [21818] [HailoRT] [info] [queue_elements.cpp:46] [~BaseQueueElement] Queue element PushQEl3yolov8m/input_layer1 has 0 frames in his Queue on destruction
[2026-04-03 16:36:50.587] [22356] [HailoRT] [info] [vdevice.cpp:523] [create] Creating vdevice with params: device_count: 1, scheduling_algorithm: ROUND_ROBIN, multi_process_service: false
[2026-04-03 16:36:50.600] [22356] [HailoRT] [info] [device.cpp:49] [Device] OS Version: Linux 6.12.62+rpt-rpi-2712 #1 SMP PREEMPT Debian 1:6.12.62-1+rpt1~bookworm (2026-01-19) aarch64
[2026-04-03 16:36:50.601] [22356] [HailoRT] [info] [control.cpp:108] [control__parse_identify_results] firmware_version is: 4.20.0
[2026-04-03 16:36:50.601] [22356] [HailoRT] [info] [vdevice.cpp:651] [create] VDevice Infos: 0001:01:00.0
[2026-04-03 16:36:50.623] [22356] [HailoRT] [info] [hef.cpp:1929] [get_network_group_and_network_name] No name was given. Addressing all networks of default network_group: yolov8m
[2026-04-03 16:36:50.623] [22356] [HailoRT] [info] [hef.cpp:1929] [get_network_group_and_network_name] No name was given. Addressing all networks of default network_group: yolov8m
[2026-04-03 16:36:50.632] [22356] [HailoRT] [info] [internal_buffer_manager.cpp:204] [print_execution_results] Planned internal buffer memory: CMA memory 0, user memory 3037184. memory to edge layer usage factor is 1
[2026-04-03 16:36:50.632] [22356] [HailoRT] [info] [internal_buffer_manager.cpp:212] [print_execution_results] Default Internal buffer planner executed successfully
[2026-04-03 16:36:50.674] [22356] [HailoRT] [info] [device_internal.cpp:57] [configure] Configuring HEF took 48.089246 milliseconds
[2026-04-03 16:36:50.674] [22356] [HailoRT] [info] [vdevice.cpp:749] [configure] Configuring HEF on VDevice took 48.466711 milliseconds
[2026-04-03 16:36:50.674] [22356] [HailoRT] [info] [infer_model.cpp:436] [configure] Configuring network group 'yolov8m' with params: batch size: 0, power mode: PERFORMANCE, latency: NONE
[2026-04-03 16:36:50.674] [22356] [HailoRT] [info] [multi_io_elements.cpp:756] [create] Created (AsyncHwEl)
[2026-04-03 16:36:50.675] [22356] [HailoRT] [info] [queue_elements.cpp:450] [create] Created (EntryPushQEl0yolov8m/input_layer1 | timeout: 10s)
[2026-04-03 16:36:50.675] [22356] [HailoRT] [info] [filter_elements.cpp:101] [create] Created (PreInferEl3yolov8m/input_layer1 | Reorder - src_order: RGB4, src_shape: (640, 640, 3), dst_order: NHCW, dst_shape: (640, 640, 3))
[2026-04-03 16:36:50.675] [22356] [HailoRT] [info] [queue_elements.cpp:450] [create] Created (PushQEl3yolov8m/input_layer1 | timeout: 10s)
[2026-04-03 16:36:50.675] [22356] [HailoRT] [info] [multi_io_elements.cpp:135] [create] Created (NmsPPMuxEl0YOLOV8-Post-Process | Op YOLOV8, Name: YOLOV8-Post-Process, Score threshold: 0.001, IoU threshold: 0.70, Classes: 8, Cross classes: false, NMS results order: BY_CLASS, Max bboxes per class: 100, Image height: 640, Image width: 640)
[2026-04-03 16:36:50.676] [22356] [HailoRT] [info] [queue_elements.cpp:942] [create] Created (MultiPushQEl0YOLOV8-Post-Process | timeout: 10s)
[2026-04-03 16:36:50.676] [22356] [HailoRT] [info] [edge_elements.cpp:187] [create] Created (LastAsyncEl0NmsPPMuxEl0YOLOV8-Post-Process)
[2026-04-03 16:36:50.676] [22356] [HailoRT] [info] [pipeline.cpp:891] [print_deep_description] EntryPushQEl0yolov8m/input_layer1 | inputs: user | outputs: PreInferEl3yolov8m/input_layer1(running in thread_id: 22388)
[2026-04-03 16:36:50.676] [22356] [HailoRT] [info] [pipeline.cpp:891] [print_deep_description] PreInferEl3yolov8m/input_layer1 | inputs: EntryPushQEl0yolov8m/input_layer1[0] | outputs: PushQEl3yolov8m/input_layer1
[2026-04-03 16:36:50.676] [22356] [HailoRT] [info] [pipeline.cpp:891] [print_deep_description] PushQEl3yolov8m/input_layer1 | inputs: PreInferEl3yolov8m/input_layer1[0] | outputs: AsyncHwEl(running in thread_id: 22389)
[2026-04-03 16:36:50.676] [22356] [HailoRT] [info] [pipeline.cpp:891] [print_deep_description] AsyncHwEl | inputs: PushQEl3yolov8m/input_layer1[0] | outputs: MultiPushQEl0YOLOV8-Post-Process MultiPushQEl0YOLOV8-Post-Process MultiPushQEl0YOLOV8-Post-Process MultiPushQEl0YOLOV8-Post-Process MultiPushQEl0YOLOV8-Post-Process MultiPushQEl0YOLOV8-Post-Process
[2026-04-03 16:36:50.676] [22356] [HailoRT] [info] [pipeline.cpp:891] [print_deep_description] MultiPushQEl0YOLOV8-Post-Process | inputs: AsyncHwEl[0] AsyncHwEl[1] AsyncHwEl[2] AsyncHwEl[3] AsyncHwEl[4] AsyncHwEl[5] | outputs: NmsPPMuxEl0YOLOV8-Post-Process(running in thread_id: 22390)
[2026-04-03 16:36:50.676] [22356] [HailoRT] [info] [pipeline.cpp:891] [print_deep_description] NmsPPMuxEl0YOLOV8-Post-Process | inputs: MultiPushQEl0YOLOV8-Post-Process[0] | outputs: LastAsyncEl0NmsPPMuxEl0YOLOV8-Post-Process
[2026-04-03 16:36:50.676] [22356] [HailoRT] [info] [pipeline.cpp:891] [print_deep_description] LastAsyncEl0NmsPPMuxEl0YOLOV8-Post-Process | inputs: NmsPPMuxEl0YOLOV8-Post-Process[0] | outputs: user
[2026-04-03 16:36:52.636] [22385] [HailoRT] [info] [hef.cpp:1929] [get_network_group_and_network_name] No name was given. Addressing all networks of default network_group: yolov8m
[2026-04-03 16:39:10.979] [23158] [HailoRT] [info] [vdevice.cpp:523] [create] Creating vdevice with params: device_count: 1, scheduling_algorithm: ROUND_ROBIN, multi_process_service: false
[2026-04-03 16:39:10.991] [23158] [HailoRT] [info] [device.cpp:49] [Device] OS Version: Linux 6.12.62+rpt-rpi-2712 #1 SMP PREEMPT Debian 1:6.12.62-1+rpt1~bookworm (2026-01-19) aarch64
[2026-04-03 16:39:10.992] [23158] [HailoRT] [info] [control.cpp:108] [control__parse_identify_results] firmware_version is: 4.20.0
[2026-04-03 16:39:10.993] [23158] [HailoRT] [info] [vdevice.cpp:651] [create] VDevice Infos: 0001:01:00.0
[2026-04-03 16:39:11.013] [23158] [HailoRT] [info] [hef.cpp:1929] [get_network_group_and_network_name] No name was given. Addressing all networks of default network_group: yolov8m
[2026-04-03 16:39:11.013] [23158] [HailoRT] [info] [hef.cpp:1929] [get_network_group_and_network_name] No name was given. Addressing all networks of default network_group: yolov8m
[2026-04-03 16:39:11.021] [23158] [HailoRT] [info] [internal_buffer_manager.cpp:204] [print_execution_results] Planned internal buffer memory: CMA memory 0, user memory 3037184. memory to edge layer usage factor is 1
[2026-04-03 16:39:11.022] [23158] [HailoRT] [info] [internal_buffer_manager.cpp:212] [print_execution_results] Default Internal buffer planner executed successfully
[2026-04-03 16:39:11.063] [23158] [HailoRT] [info] [device_internal.cpp:57] [configure] Configuring HEF took 47.6288 milliseconds
[2026-04-03 16:39:11.063] [23158] [HailoRT] [info] [vdevice.cpp:749] [configure] Configuring HEF on VDevice took 47.981895 milliseconds
[2026-04-03 16:39:11.063] [23158] [HailoRT] [info] [infer_model.cpp:436] [configure] Configuring network group 'yolov8m' with params: batch size: 0, power mode: PERFORMANCE, latency: NONE
[2026-04-03 16:39:11.063] [23158] [HailoRT] [info] [multi_io_elements.cpp:756] [create] Created (AsyncHwEl)
[2026-04-03 16:39:11.064] [23158] [HailoRT] [info] [queue_elements.cpp:450] [create] Created (EntryPushQEl0yolov8m/input_layer1 | timeout: 10s)
[2026-04-03 16:39:11.064] [23158] [HailoRT] [info] [filter_elements.cpp:101] [create] Created (PreInferEl3yolov8m/input_layer1 | Reorder - src_order: RGB4, src_shape: (640, 640, 3), dst_order: NHCW, dst_shape: (640, 640, 3))
[2026-04-03 16:39:11.064] [23158] [HailoRT] [info] [queue_elements.cpp:450] [create] Created (PushQEl3yolov8m/input_layer1 | timeout: 10s)
[2026-04-03 16:39:11.064] [23158] [HailoRT] [info] [multi_io_elements.cpp:135] [create] Created (NmsPPMuxEl0YOLOV8-Post-Process | Op YOLOV8, Name: YOLOV8-Post-Process, Score threshold: 0.001, IoU threshold: 0.70, Classes: 8, Cross classes: false, NMS results order: BY_CLASS, Max bboxes per class: 100, Image height: 640, Image width: 640)
[2026-04-03 16:39:11.064] [23158] [HailoRT] [info] [queue_elements.cpp:942] [create] Created (MultiPushQEl0YOLOV8-Post-Process | timeout: 10s)
[2026-04-03 16:39:11.064] [23158] [HailoRT] [info] [edge_elements.cpp:187] [create] Created (LastAsyncEl0NmsPPMuxEl0YOLOV8-Post-Process)
[2026-04-03 16:39:11.064] [23158] [HailoRT] [info] [pipeline.cpp:891] [print_deep_description] EntryPushQEl0yolov8m/input_layer1 | inputs: user | outputs: PreInferEl3yolov8m/input_layer1(running in thread_id: 23181)
[2026-04-03 16:39:11.064] [23158] [HailoRT] [info] [pipeline.cpp:891] [print_deep_description] PreInferEl3yolov8m/input_layer1 | inputs: EntryPushQEl0yolov8m/input_layer1[0] | outputs: PushQEl3yolov8m/input_layer1
[2026-04-03 16:39:11.064] [23158] [HailoRT] [info] [pipeline.cpp:891] [print_deep_description] PushQEl3yolov8m/input_layer1 | inputs: PreInferEl3yolov8m/input_layer1[0] | outputs: AsyncHwEl(running in thread_id: 23182)
[2026-04-03 16:39:11.064] [23158] [HailoRT] [info] [pipeline.cpp:891] [print_deep_description] AsyncHwEl | inputs: PushQEl3yolov8m/input_layer1[0] | outputs: MultiPushQEl0YOLOV8-Post-Process MultiPushQEl0YOLOV8-Post-Process MultiPushQEl0YOLOV8-Post-Process MultiPushQEl0YOLOV8-Post-Process MultiPushQEl0YOLOV8-Post-Process MultiPushQEl0YOLOV8-Post-Process
[2026-04-03 16:39:11.064] [23158] [HailoRT] [info] [pipeline.cpp:891] [print_deep_description] MultiPushQEl0YOLOV8-Post-Process | inputs: AsyncHwEl[0] AsyncHwEl[1] AsyncHwEl[2] AsyncHwEl[3] AsyncHwEl[4] AsyncHwEl[5] | outputs: NmsPPMuxEl0YOLOV8-Post-Process(running in thread_id: 23183)
[2026-04-03 16:39:11.064] [23158] [HailoRT] [info] [pipeline.cpp:891] [print_deep_description] NmsPPMuxEl0YOLOV8-Post-Process | inputs: MultiPushQEl0YOLOV8-Post-Process[0] | outputs: LastAsyncEl0NmsPPMuxEl0YOLOV8-Post-Process
[2026-04-03 16:39:11.064] [23158] [HailoRT] [info] [pipeline.cpp:891] [print_deep_description] LastAsyncEl0NmsPPMuxEl0YOLOV8-Post-Process | inputs: NmsPPMuxEl0YOLOV8-Post-Process[0] | outputs: user
[2026-04-03 16:39:12.995] [23178] [HailoRT] [info] [hef.cpp:1929] [get_network_group_and_network_name] No name was given. Addressing all networks of default network_group: yolov8m
[2026-04-03 16:39:35.183] [23158] [HailoRT] [info] [async_infer_runner.cpp:86] [shutdown] Pipeline was aborted. Shutting it down
[2026-04-03 16:39:35.184] [23158] [HailoRT] [info] [queue_elements.cpp:1131] [execute_deactivate] enqueue() in element MultiPushQEl0YOLOV8-Post-Process was aborted, got status = HAILO_SHUTDOWN_EVENT_SIGNALED(57)
[2026-04-03 16:39:35.184] [23158] [HailoRT] [info] [queue_elements.cpp:1131] [execute_deactivate] enqueue() in element MultiPushQEl0YOLOV8-Post-Process was aborted, got status = HAILO_SHUTDOWN_EVENT_SIGNALED(57)
[2026-04-03 16:39:35.184] [23158] [HailoRT] [info] [queue_elements.cpp:1131] [execute_deactivate] enqueue() in element MultiPushQEl0YOLOV8-Post-Process was aborted, got status = HAILO_SHUTDOWN_EVENT_SIGNALED(57)
[2026-04-03 16:39:35.184] [23158] [HailoRT] [info] [queue_elements.cpp:1131] [execute_deactivate] enqueue() in element MultiPushQEl0YOLOV8-Post-Process was aborted, got status = HAILO_SHUTDOWN_EVENT_SIGNALED(57)
[2026-04-03 16:39:35.184] [23158] [HailoRT] [info] [queue_elements.cpp:1131] [execute_deactivate] enqueue() in element MultiPushQEl0YOLOV8-Post-Process was aborted, got status = HAILO_SHUTDOWN_EVENT_SIGNALED(57)
[2026-04-03 16:39:35.184] [23158] [HailoRT] [info] [queue_elements.cpp:1131] [execute_deactivate] enqueue() in element MultiPushQEl0YOLOV8-Post-Process was aborted, got status = HAILO_SHUTDOWN_EVENT_SIGNALED(57)
[2026-04-03 16:39:35.184] [23158] [HailoRT] [info] [queue_elements.cpp:570] [execute_deactivate] enqueue() in element PushQEl3yolov8m/input_layer1 was aborted, got status = HAILO_SHUTDOWN_EVENT_SIGNALED(57)
[2026-04-03 16:39:35.184] [23158] [HailoRT] [info] [queue_elements.cpp:570] [execute_deactivate] enqueue() in element EntryPushQEl0yolov8m/input_layer1 was aborted, got status = HAILO_SHUTDOWN_EVENT_SIGNALED(57)
[2026-04-03 16:39:35.184] [23158] [HailoRT] [info] [queue_elements.cpp:46] [~BaseQueueElement] Queue element EntryPushQEl0yolov8m/input_layer1 has 0 frames in his Queue on destruction
[2026-04-03 16:39:35.184] [23158] [HailoRT] [info] [queue_elements.cpp:46] [~BaseQueueElement] Queue element PushQEl3yolov8m/input_layer1 has 0 frames in his Queue on destruction
[2026-04-03 16:41:54.389] [24104] [HailoRT] [info] [vdevice.cpp:523] [create] Creating vdevice with params: device_count: 1, scheduling_algorithm: ROUND_ROBIN, multi_process_service: false
[2026-04-03 16:41:54.401] [24104] [HailoRT] [info] [device.cpp:49] [Device] OS Version: Linux 6.12.62+rpt-rpi-2712 #1 SMP PREEMPT Debian 1:6.12.62-1+rpt1~bookworm (2026-01-19) aarch64
[2026-04-03 16:41:54.410] [24104] [HailoRT] [info] [control.cpp:108] [control__parse_identify_results] firmware_version is: 4.20.0
[2026-04-03 16:41:54.410] [24104] [HailoRT] [info] [vdevice.cpp:651] [create] VDevice Infos: 0001:01:00.0
[2026-04-03 16:41:54.430] [24104] [HailoRT] [info] [hef.cpp:1929] [get_network_group_and_network_name] No name was given. Addressing all networks of default network_group: yolov8m
[2026-04-03 16:41:54.430] [24104] [HailoRT] [info] [hef.cpp:1929] [get_network_group_and_network_name] No name was given. Addressing all networks of default network_group: yolov8m
[2026-04-03 16:41:54.442] [24104] [HailoRT] [info] [internal_buffer_manager.cpp:204] [print_execution_results] Planned internal buffer memory: CMA memory 0, user memory 3037184. memory to edge layer usage factor is 1
[2026-04-03 16:41:54.442] [24104] [HailoRT] [info] [internal_buffer_manager.cpp:212] [print_execution_results] Default Internal buffer planner executed successfully
[2026-04-03 16:41:54.499] [24104] [HailoRT] [info] [device_internal.cpp:57] [configure] Configuring HEF took 65.596501 milliseconds
[2026-04-03 16:41:54.499] [24104] [HailoRT] [info] [vdevice.cpp:749] [configure] Configuring HEF on VDevice took 65.904779 milliseconds
[2026-04-03 16:41:54.499] [24104] [HailoRT] [info] [infer_model.cpp:436] [configure] Configuring network group 'yolov8m' with params: batch size: 0, power mode: PERFORMANCE, latency: NONE
[2026-04-03 16:41:54.499] [24104] [HailoRT] [info] [multi_io_elements.cpp:756] [create] Created (AsyncHwEl)
[2026-04-03 16:41:54.499] [24104] [HailoRT] [info] [queue_elements.cpp:450] [create] Created (EntryPushQEl0yolov8m/input_layer1 | timeout: 10s)
[2026-04-03 16:41:54.499] [24104] [HailoRT] [info] [filter_elements.cpp:101] [create] Created (PreInferEl3yolov8m/input_layer1 | Reorder - src_order: RGB4, src_shape: (640, 640, 3), dst_order: NHCW, dst_shape: (640, 640, 3))
[2026-04-03 16:41:54.499] [24104] [HailoRT] [info] [queue_elements.cpp:450] [create] Created (PushQEl3yolov8m/input_layer1 | timeout: 10s)
[2026-04-03 16:41:54.500] [24104] [HailoRT] [info] [multi_io_elements.cpp:135] [create] Created (NmsPPMuxEl0YOLOV8-Post-Process | Op YOLOV8, Name: YOLOV8-Post-Process, Score threshold: 0.001, IoU threshold: 0.70, Classes: 8, Cross classes: false, NMS results order: BY_CLASS, Max bboxes per class: 100, Image height: 640, Image width: 640)
[2026-04-03 16:41:54.500] [24104] [HailoRT] [info] [queue_elements.cpp:942] [create] Created (MultiPushQEl0YOLOV8-Post-Process | timeout: 10s)
[2026-04-03 16:41:54.500] [24104] [HailoRT] [info] [edge_elements.cpp:187] [create] Created (LastAsyncEl0NmsPPMuxEl0YOLOV8-Post-Process)
[2026-04-03 16:41:54.500] [24104] [HailoRT] [info] [pipeline.cpp:891] [print_deep_description] EntryPushQEl0yolov8m/input_layer1 | inputs: user | outputs: PreInferEl3yolov8m/input_layer1(running in thread_id: 24127)
[2026-04-03 16:41:54.500] [24104] [HailoRT] [info] [pipeline.cpp:891] [print_deep_description] PreInferEl3yolov8m/input_layer1 | inputs: EntryPushQEl0yolov8m/input_layer1[0] | outputs: PushQEl3yolov8m/input_layer1
[2026-04-03 16:41:54.500] [24104] [HailoRT] [info] [pipeline.cpp:891] [print_deep_description] PushQEl3yolov8m/input_layer1 | inputs: PreInferEl3yolov8m/input_layer1[0] | outputs: AsyncHwEl(running in thread_id: 24128)
[2026-04-03 16:41:54.500] [24104] [HailoRT] [info] [pipeline.cpp:891] [print_deep_description] AsyncHwEl | inputs: PushQEl3yolov8m/input_layer1[0] | outputs: MultiPushQEl0YOLOV8-Post-Process MultiPushQEl0YOLOV8-Post-Process MultiPushQEl0YOLOV8-Post-Process MultiPushQEl0YOLOV8-Post-Process MultiPushQEl0YOLOV8-Post-Process MultiPushQEl0YOLOV8-Post-Process
[2026-04-03 16:41:54.500] [24104] [HailoRT] [info] [pipeline.cpp:891] [print_deep_description] MultiPushQEl0YOLOV8-Post-Process | inputs: AsyncHwEl[0] AsyncHwEl[1] AsyncHwEl[2] AsyncHwEl[3] AsyncHwEl[4] AsyncHwEl[5] | outputs: NmsPPMuxEl0YOLOV8-Post-Process(running in thread_id: 24129)
[2026-04-03 16:41:54.500] [24104] [HailoRT] [info] [pipeline.cpp:891] [print_deep_description] NmsPPMuxEl0YOLOV8-Post-Process | inputs: MultiPushQEl0YOLOV8-Post-Process[0] | outputs: LastAsyncEl0NmsPPMuxEl0YOLOV8-Post-Process
[2026-04-03 16:41:54.500] [24104] [HailoRT] [info] [pipeline.cpp:891] [print_deep_description] LastAsyncEl0NmsPPMuxEl0YOLOV8-Post-Process | inputs: NmsPPMuxEl0YOLOV8-Post-Process[0] | outputs: user
[2026-04-03 16:41:56.424] [24124] [HailoRT] [info] [hef.cpp:1929] [get_network_group_and_network_name] No name was given. Addressing all networks of default network_group: yolov8m
[2026-04-03 16:44:45.727] [25033] [HailoRT] [info] [vdevice.cpp:523] [create] Creating vdevice with params: device_count: 1, scheduling_algorithm: ROUND_ROBIN, multi_process_service: false
[2026-04-03 16:44:45.741] [25033] [HailoRT] [info] [device.cpp:49] [Device] OS Version: Linux 6.12.62+rpt-rpi-2712 #1 SMP PREEMPT Debian 1:6.12.62-1+rpt1~bookworm (2026-01-19) aarch64
[2026-04-03 16:44:45.743] [25033] [HailoRT] [info] [control.cpp:108] [control__parse_identify_results] firmware_version is: 4.20.0
[2026-04-03 16:44:45.743] [25033] [HailoRT] [info] [vdevice.cpp:651] [create] VDevice Infos: 0001:01:00.0
[2026-04-03 16:44:45.772] [25033] [HailoRT] [info] [hef.cpp:1929] [get_network_group_and_network_name] No name was given. Addressing all networks of default network_group: yolov8m
[2026-04-03 16:44:45.772] [25033] [HailoRT] [info] [hef.cpp:1929] [get_network_group_and_network_name] No name was given. Addressing all networks of default network_group: yolov8m
[2026-04-03 16:44:45.786] [25033] [HailoRT] [info] [internal_buffer_manager.cpp:204] [print_execution_results] Planned internal buffer memory: CMA memory 0, user memory 3037184. memory to edge layer usage factor is 1
[2026-04-03 16:44:45.786] [25033] [HailoRT] [info] [internal_buffer_manager.cpp:212] [print_execution_results] Default Internal buffer planner executed successfully
[2026-04-03 16:44:45.828] [25033] [HailoRT] [info] [device_internal.cpp:57] [configure] Configuring HEF took 51.593218 milliseconds
[2026-04-03 16:44:45.828] [25033] [HailoRT] [info] [vdevice.cpp:749] [configure] Configuring HEF on VDevice took 52.138348 milliseconds
[2026-04-03 16:44:45.828] [25033] [HailoRT] [info] [infer_model.cpp:436] [configure] Configuring network group 'yolov8m' with params: batch size: 0, power mode: PERFORMANCE, latency: NONE
[2026-04-03 16:44:45.828] [25033] [HailoRT] [info] [multi_io_elements.cpp:756] [create] Created (AsyncHwEl)
[2026-04-03 16:44:45.829] [25033] [HailoRT] [info] [queue_elements.cpp:450] [create] Created (EntryPushQEl0yolov8m/input_layer1 | timeout: 10s)
[2026-04-03 16:44:45.829] [25033] [HailoRT] [info] [filter_elements.cpp:101] [create] Created (PreInferEl3yolov8m/input_layer1 | Reorder - src_order: RGB4, src_shape: (640, 640, 3), dst_order: NHCW, dst_shape: (640, 640, 3))
[2026-04-03 16:44:45.829] [25033] [HailoRT] [info] [queue_elements.cpp:450] [create] Created (PushQEl3yolov8m/input_layer1 | timeout: 10s)
[2026-04-03 16:44:45.829] [25033] [HailoRT] [info] [multi_io_elements.cpp:135] [create] Created (NmsPPMuxEl0YOLOV8-Post-Process | Op YOLOV8, Name: YOLOV8-Post-Process, Score threshold: 0.001, IoU threshold: 0.70, Classes: 8, Cross classes: false, NMS results order: BY_CLASS, Max bboxes per class: 100, Image height: 640, Image width: 640)
[2026-04-03 16:44:45.829] [25033] [HailoRT] [info] [queue_elements.cpp:942] [create] Created (MultiPushQEl0YOLOV8-Post-Process | timeout: 10s)
[2026-04-03 16:44:45.829] [25033] [HailoRT] [info] [edge_elements.cpp:187] [create] Created (LastAsyncEl0NmsPPMuxEl0YOLOV8-Post-Process)
[2026-04-03 16:44:45.829] [25033] [HailoRT] [info] [pipeline.cpp:891] [print_deep_description] EntryPushQEl0yolov8m/input_layer1 | inputs: user | outputs: PreInferEl3yolov8m/input_layer1(running in thread_id: 25065)
[2026-04-03 16:44:45.829] [25033] [HailoRT] [info] [pipeline.cpp:891] [print_deep_description] PreInferEl3yolov8m/input_layer1 | inputs: EntryPushQEl0yolov8m/input_layer1[0] | outputs: PushQEl3yolov8m/input_layer1
[2026-04-03 16:44:45.829] [25033] [HailoRT] [info] [pipeline.cpp:891] [print_deep_description] PushQEl3yolov8m/input_layer1 | inputs: PreInferEl3yolov8m/input_layer1[0] | outputs: AsyncHwEl(running in thread_id: 25066)
[2026-04-03 16:44:45.829] [25033] [HailoRT] [info] [pipeline.cpp:891] [print_deep_description] AsyncHwEl | inputs: PushQEl3yolov8m/input_layer1[0] | outputs: MultiPushQEl0YOLOV8-Post-Process MultiPushQEl0YOLOV8-Post-Process MultiPushQEl0YOLOV8-Post-Process MultiPushQEl0YOLOV8-Post-Process MultiPushQEl0YOLOV8-Post-Process MultiPushQEl0YOLOV8-Post-Process
[2026-04-03 16:44:45.829] [25033] [HailoRT] [info] [pipeline.cpp:891] [print_deep_description] MultiPushQEl0YOLOV8-Post-Process | inputs: AsyncHwEl[0] AsyncHwEl[1] AsyncHwEl[2] AsyncHwEl[3] AsyncHwEl[4] AsyncHwEl[5] | outputs: NmsPPMuxEl0YOLOV8-Post-Process(running in thread_id: 25067)
[2026-04-03 16:44:45.829] [25033] [HailoRT] [info] [pipeline.cpp:891] [print_deep_description] NmsPPMuxEl0YOLOV8-Post-Process | inputs: MultiPushQEl0YOLOV8-Post-Process[0] | outputs: LastAsyncEl0NmsPPMuxEl0YOLOV8-Post-Process
[2026-04-03 16:44:45.829] [25033] [HailoRT] [info] [pipeline.cpp:891] [print_deep_description] LastAsyncEl0NmsPPMuxEl0YOLOV8-Post-Process | inputs: NmsPPMuxEl0YOLOV8-Post-Process[0] | outputs: user
[2026-04-03 16:44:46.806] [25062] [HailoRT] [info] [hef.cpp:1929] [get_network_group_and_network_name] No name was given. Addressing all networks of default network_group: yolov8m
[2026-04-03 16:44:49.318] [25033] [HailoRT] [info] [async_infer_runner.cpp:86] [shutdown] Pipeline was aborted. Shutting it down
[2026-04-03 16:44:49.319] [25033] [HailoRT] [info] [queue_elements.cpp:1131] [execute_deactivate] enqueue() in element MultiPushQEl0YOLOV8-Post-Process was aborted, got status = HAILO_SHUTDOWN_EVENT_SIGNALED(57)
[2026-04-03 16:44:49.319] [25033] [HailoRT] [info] [queue_elements.cpp:1131] [execute_deactivate] enqueue() in element MultiPushQEl0YOLOV8-Post-Process was aborted, got status = HAILO_SHUTDOWN_EVENT_SIGNALED(57)
[2026-04-03 16:44:49.319] [25033] [HailoRT] [info] [queue_elements.cpp:1131] [execute_deactivate] enqueue() in element MultiPushQEl0YOLOV8-Post-Process was aborted, got status = HAILO_SHUTDOWN_EVENT_SIGNALED(57)
[2026-04-03 16:44:49.319] [25033] [HailoRT] [info] [queue_elements.cpp:1131] [execute_deactivate] enqueue() in element MultiPushQEl0YOLOV8-Post-Process was aborted, got status = HAILO_SHUTDOWN_EVENT_SIGNALED(57)
[2026-04-03 16:44:49.319] [25033] [HailoRT] [info] [queue_elements.cpp:1131] [execute_deactivate] enqueue() in element MultiPushQEl0YOLOV8-Post-Process was aborted, got status = HAILO_SHUTDOWN_EVENT_SIGNALED(57)
[2026-04-03 16:44:49.319] [25033] [HailoRT] [info] [queue_elements.cpp:1131] [execute_deactivate] enqueue() in element MultiPushQEl0YOLOV8-Post-Process was aborted, got status = HAILO_SHUTDOWN_EVENT_SIGNALED(57)
[2026-04-03 16:44:49.319] [25033] [HailoRT] [info] [queue_elements.cpp:570] [execute_deactivate] enqueue() in element PushQEl3yolov8m/input_layer1 was aborted, got status = HAILO_SHUTDOWN_EVENT_SIGNALED(57)
[2026-04-03 16:44:49.319] [25033] [HailoRT] [info] [queue_elements.cpp:570] [execute_deactivate] enqueue() in element EntryPushQEl0yolov8m/input_layer1 was aborted, got status = HAILO_SHUTDOWN_EVENT_SIGNALED(57)
[2026-04-03 16:44:49.319] [25033] [HailoRT] [info] [queue_elements.cpp:46] [~BaseQueueElement] Queue element EntryPushQEl0yolov8m/input_layer1 has 0 frames in his Queue on destruction
[2026-04-03 16:44:49.319] [25033] [HailoRT] [info] [queue_elements.cpp:46] [~BaseQueueElement] Queue element PushQEl3yolov8m/input_layer1 has 0 frames in his Queue on destruction
[2026-04-03 16:45:14.994] [25340] [HailoRT] [info] [vdevice.cpp:523] [create] Creating vdevice with params: device_count: 1, scheduling_algorithm: ROUND_ROBIN, multi_process_service: false
[2026-04-03 16:45:15.005] [25340] [HailoRT] [info] [device.cpp:49] [Device] OS Version: Linux 6.12.62+rpt-rpi-2712 #1 SMP PREEMPT Debian 1:6.12.62-1+rpt1~bookworm (2026-01-19) aarch64
[2026-04-03 16:45:15.006] [25340] [HailoRT] [info] [control.cpp:108] [control__parse_identify_results] firmware_version is: 4.20.0
[2026-04-03 16:45:15.006] [25340] [HailoRT] [info] [vdevice.cpp:651] [create] VDevice Infos: 0001:01:00.0
[2026-04-03 16:45:15.027] [25340] [HailoRT] [info] [hef.cpp:1929] [get_network_group_and_network_name] No name was given. Addressing all networks of default network_group: yolov8m
[2026-04-03 16:45:15.027] [25340] [HailoRT] [info] [hef.cpp:1929] [get_network_group_and_network_name] No name was given. Addressing all networks of default network_group: yolov8m
[2026-04-03 16:45:15.036] [25340] [HailoRT] [info] [internal_buffer_manager.cpp:204] [print_execution_results] Planned internal buffer memory: CMA memory 0, user memory 3037184. memory to edge layer usage factor is 1
[2026-04-03 16:45:15.036] [25340] [HailoRT] [info] [internal_buffer_manager.cpp:212] [print_execution_results] Default Internal buffer planner executed successfully
[2026-04-03 16:45:15.073] [25340] [HailoRT] [info] [device_internal.cpp:57] [configure] Configuring HEF took 43.209756 milliseconds
[2026-04-03 16:45:15.073] [25340] [HailoRT] [info] [vdevice.cpp:749] [configure] Configuring HEF on VDevice took 43.509387 milliseconds
[2026-04-03 16:45:15.073] [25340] [HailoRT] [info] [infer_model.cpp:436] [configure] Configuring network group 'yolov8m' with params: batch size: 0, power mode: PERFORMANCE, latency: NONE
[2026-04-03 16:45:15.074] [25340] [HailoRT] [info] [multi_io_elements.cpp:756] [create] Created (AsyncHwEl)
[2026-04-03 16:45:15.074] [25340] [HailoRT] [info] [queue_elements.cpp:450] [create] Created (EntryPushQEl0yolov8m/input_layer1 | timeout: 10s)
[2026-04-03 16:45:15.074] [25340] [HailoRT] [info] [filter_elements.cpp:101] [create] Created (PreInferEl3yolov8m/input_layer1 | Reorder - src_order: RGB4, src_shape: (640, 640, 3), dst_order: NHCW, dst_shape: (640, 640, 3))
[2026-04-03 16:45:15.074] [25340] [HailoRT] [info] [queue_elements.cpp:450] [create] Created (PushQEl3yolov8m/input_layer1 | timeout: 10s)
[2026-04-03 16:45:15.074] [25340] [HailoRT] [info] [multi_io_elements.cpp:135] [create] Created (NmsPPMuxEl0YOLOV8-Post-Process | Op YOLOV8, Name: YOLOV8-Post-Process, Score threshold: 0.001, IoU threshold: 0.70, Classes: 8, Cross classes: false, NMS results order: BY_CLASS, Max bboxes per class: 100, Image height: 640, Image width: 640)
[2026-04-03 16:45:15.074] [25340] [HailoRT] [info] [queue_elements.cpp:942] [create] Created (MultiPushQEl0YOLOV8-Post-Process | timeout: 10s)
[2026-04-03 16:45:15.074] [25340] [HailoRT] [info] [edge_elements.cpp:187] [create] Created (LastAsyncEl0NmsPPMuxEl0YOLOV8-Post-Process)
[2026-04-03 16:45:15.074] [25340] [HailoRT] [info] [pipeline.cpp:891] [print_deep_description] EntryPushQEl0yolov8m/input_layer1 | inputs: user | outputs: PreInferEl3yolov8m/input_layer1(running in thread_id: 25363)
[2026-04-03 16:45:15.074] [25340] [HailoRT] [info] [pipeline.cpp:891] [print_deep_description] PreInferEl3yolov8m/input_layer1 | inputs: EntryPushQEl0yolov8m/input_layer1[0] | outputs: PushQEl3yolov8m/input_layer1
[2026-04-03 16:45:15.074] [25340] [HailoRT] [info] [pipeline.cpp:891] [print_deep_description] PushQEl3yolov8m/input_layer1 | inputs: PreInferEl3yolov8m/input_layer1[0] | outputs: AsyncHwEl(running in thread_id: 25364)
[2026-04-03 16:45:15.074] [25340] [HailoRT] [info] [pipeline.cpp:891] [print_deep_description] AsyncHwEl | inputs: PushQEl3yolov8m/input_layer1[0] | outputs: MultiPushQEl0YOLOV8-Post-Process MultiPushQEl0YOLOV8-Post-Process MultiPushQEl0YOLOV8-Post-Process MultiPushQEl0YOLOV8-Post-Process MultiPushQEl0YOLOV8-Post-Process MultiPushQEl0YOLOV8-Post-Process
[2026-04-03 16:45:15.074] [25340] [HailoRT] [info] [pipeline.cpp:891] [print_deep_description] MultiPushQEl0YOLOV8-Post-Process | inputs: AsyncHwEl[0] AsyncHwEl[1] AsyncHwEl[2] AsyncHwEl[3] AsyncHwEl[4] AsyncHwEl[5] | outputs: NmsPPMuxEl0YOLOV8-Post-Process(running in thread_id: 25365)
[2026-04-03 16:45:15.074] [25340] [HailoRT] [info] [pipeline.cpp:891] [print_deep_description] NmsPPMuxEl0YOLOV8-Post-Process | inputs: MultiPushQEl0YOLOV8-Post-Process[0] | outputs: LastAsyncEl0NmsPPMuxEl0YOLOV8-Post-Process
[2026-04-03 16:45:15.074] [25340] [HailoRT] [info] [pipeline.cpp:891] [print_deep_description] LastAsyncEl0NmsPPMuxEl0YOLOV8-Post-Process | inputs: NmsPPMuxEl0YOLOV8-Post-Process[0] | outputs: user
[2026-04-03 16:45:16.037] [25360] [HailoRT] [info] [hef.cpp:1929] [get_network_group_and_network_name] No name was given. Addressing all networks of default network_group: yolov8m
[2026-04-03 16:45:41.369] [25340] [HailoRT] [info] [async_infer_runner.cpp:86] [shutdown] Pipeline was aborted. Shutting it down
[2026-04-03 16:45:41.370] [25340] [HailoRT] [info] [queue_elements.cpp:1131] [execute_deactivate] enqueue() in element MultiPushQEl0YOLOV8-Post-Process was aborted, got status = HAILO_SHUTDOWN_EVENT_SIGNALED(57)
[2026-04-03 16:45:41.370] [25340] [HailoRT] [info] [queue_elements.cpp:1131] [execute_deactivate] enqueue() in element MultiPushQEl0YOLOV8-Post-Process was aborted, got status = HAILO_SHUTDOWN_EVENT_SIGNALED(57)
[2026-04-03 16:45:41.370] [25340] [HailoRT] [info] [queue_elements.cpp:1131] [execute_deactivate] enqueue() in element MultiPushQEl0YOLOV8-Post-Process was aborted, got status = HAILO_SHUTDOWN_EVENT_SIGNALED(57)
[2026-04-03 16:45:41.370] [25340] [HailoRT] [info] [queue_elements.cpp:1131] [execute_deactivate] enqueue() in element MultiPushQEl0YOLOV8-Post-Process was aborted, got status = HAILO_SHUTDOWN_EVENT_SIGNALED(57)
[2026-04-03 16:45:41.370] [25340] [HailoRT] [info] [queue_elements.cpp:1131] [execute_deactivate] enqueue() in element MultiPushQEl0YOLOV8-Post-Process was aborted, got status = HAILO_SHUTDOWN_EVENT_SIGNALED(57)
[2026-04-03 16:45:41.370] [25340] [HailoRT] [info] [queue_elements.cpp:1131] [execute_deactivate] enqueue() in element MultiPushQEl0YOLOV8-Post-Process was aborted, got status = HAILO_SHUTDOWN_EVENT_SIGNALED(57)
[2026-04-03 16:45:41.370] [25340] [HailoRT] [info] [queue_elements.cpp:570] [execute_deactivate] enqueue() in element PushQEl3yolov8m/input_layer1 was aborted, got status = HAILO_SHUTDOWN_EVENT_SIGNALED(57)
[2026-04-03 16:45:41.370] [25340] [HailoRT] [info] [queue_elements.cpp:570] [execute_deactivate] enqueue() in element EntryPushQEl0yolov8m/input_layer1 was aborted, got status = HAILO_SHUTDOWN_EVENT_SIGNALED(57)
[2026-04-03 16:45:41.370] [25340] [HailoRT] [info] [queue_elements.cpp:46] [~BaseQueueElement] Queue element EntryPushQEl0yolov8m/input_layer1 has 0 frames in his Queue on destruction
[2026-04-03 16:45:41.370] [25340] [HailoRT] [info] [queue_elements.cpp:46] [~BaseQueueElement] Queue element PushQEl3yolov8m/input_layer1 has 0 frames in his Queue on destruction
[2026-04-03 16:49:01.107] [26550] [HailoRT] [info] [vdevice.cpp:523] [create] Creating vdevice with params: device_count: 1, scheduling_algorithm: ROUND_ROBIN, multi_process_service: false
[2026-04-03 16:49:01.119] [26550] [HailoRT] [info] [device.cpp:49] [Device] OS Version: Linux 6.12.62+rpt-rpi-2712 #1 SMP PREEMPT Debian 1:6.12.62-1+rpt1~bookworm (2026-01-19) aarch64
[2026-04-03 16:49:01.120] [26550] [HailoRT] [info] [control.cpp:108] [control__parse_identify_results] firmware_version is: 4.20.0
[2026-04-03 16:49:01.120] [26550] [HailoRT] [info] [vdevice.cpp:651] [create] VDevice Infos: 0001:01:00.0
[2026-04-03 16:49:01.141] [26550] [HailoRT] [info] [hef.cpp:1929] [get_network_group_and_network_name] No name was given. Addressing all networks of default network_group: yolov8m
[2026-04-03 16:49:01.141] [26550] [HailoRT] [info] [hef.cpp:1929] [get_network_group_and_network_name] No name was given. Addressing all networks of default network_group: yolov8m
[2026-04-03 16:49:01.154] [26550] [HailoRT] [info] [internal_buffer_manager.cpp:204] [print_execution_results] Planned internal buffer memory: CMA memory 0, user memory 3037184. memory to edge layer usage factor is 1
[2026-04-03 16:49:01.154] [26550] [HailoRT] [info] [internal_buffer_manager.cpp:212] [print_execution_results] Default Internal buffer planner executed successfully
[2026-04-03 16:49:01.190] [26550] [HailoRT] [info] [device_internal.cpp:57] [configure] Configuring HEF took 46.504234 milliseconds
[2026-04-03 16:49:01.190] [26550] [HailoRT] [info] [vdevice.cpp:749] [configure] Configuring HEF on VDevice took 46.798328 milliseconds
[2026-04-03 16:49:01.190] [26550] [HailoRT] [info] [infer_model.cpp:436] [configure] Configuring network group 'yolov8m' with params: batch size: 0, power mode: PERFORMANCE, latency: NONE
[2026-04-03 16:49:01.190] [26550] [HailoRT] [info] [multi_io_elements.cpp:756] [create] Created (AsyncHwEl)
[2026-04-03 16:49:01.190] [26550] [HailoRT] [info] [queue_elements.cpp:450] [create] Created (EntryPushQEl0yolov8m/input_layer1 | timeout: 10s)
[2026-04-03 16:49:01.190] [26550] [HailoRT] [info] [filter_elements.cpp:101] [create] Created (PreInferEl3yolov8m/input_layer1 | Reorder - src_order: RGB4, src_shape: (640, 640, 3), dst_order: NHCW, dst_shape: (640, 640, 3))
[2026-04-03 16:49:01.190] [26550] [HailoRT] [info] [queue_elements.cpp:450] [create] Created (PushQEl3yolov8m/input_layer1 | timeout: 10s)
[2026-04-03 16:49:01.191] [26550] [HailoRT] [info] [multi_io_elements.cpp:135] [create] Created (NmsPPMuxEl0YOLOV8-Post-Process | Op YOLOV8, Name: YOLOV8-Post-Process, Score threshold: 0.001, IoU threshold: 0.70, Classes: 8, Cross classes: false, NMS results order: BY_CLASS, Max bboxes per class: 100, Image height: 640, Image width: 640)
[2026-04-03 16:49:01.191] [26550] [HailoRT] [info] [queue_elements.cpp:942] [create] Created (MultiPushQEl0YOLOV8-Post-Process | timeout: 10s)
[2026-04-03 16:49:01.191] [26550] [HailoRT] [info] [edge_elements.cpp:187] [create] Created (LastAsyncEl0NmsPPMuxEl0YOLOV8-Post-Process)
[2026-04-03 16:49:01.191] [26550] [HailoRT] [info] [pipeline.cpp:891] [print_deep_description] EntryPushQEl0yolov8m/input_layer1 | inputs: user | outputs: PreInferEl3yolov8m/input_layer1(running in thread_id: 26581)
[2026-04-03 16:49:01.191] [26550] [HailoRT] [info] [pipeline.cpp:891] [print_deep_description] PreInferEl3yolov8m/input_layer1 | inputs: EntryPushQEl0yolov8m/input_layer1[0] | outputs: PushQEl3yolov8m/input_layer1
[2026-04-03 16:49:01.191] [26550] [HailoRT] [info] [pipeline.cpp:891] [print_deep_description] PushQEl3yolov8m/input_layer1 | inputs: PreInferEl3yolov8m/input_layer1[0] | outputs: AsyncHwEl(running in thread_id: 26582)
[2026-04-03 16:49:01.191] [26550] [HailoRT] [info] [pipeline.cpp:891] [print_deep_description] AsyncHwEl | inputs: PushQEl3yolov8m/input_layer1[0] | outputs: MultiPushQEl0YOLOV8-Post-Process MultiPushQEl0YOLOV8-Post-Process MultiPushQEl0YOLOV8-Post-Process MultiPushQEl0YOLOV8-Post-Process MultiPushQEl0YOLOV8-Post-Process MultiPushQEl0YOLOV8-Post-Process
[2026-04-03 16:49:01.191] [26550] [HailoRT] [info] [pipeline.cpp:891] [print_deep_description] MultiPushQEl0YOLOV8-Post-Process | inputs: AsyncHwEl[0] AsyncHwEl[1] AsyncHwEl[2] AsyncHwEl[3] AsyncHwEl[4] AsyncHwEl[5] | outputs: NmsPPMuxEl0YOLOV8-Post-Process(running in thread_id: 26583)
[2026-04-03 16:49:01.191] [26550] [HailoRT] [info] [pipeline.cpp:891] [print_deep_description] NmsPPMuxEl0YOLOV8-Post-Process | inputs: MultiPushQEl0YOLOV8-Post-Process[0] | outputs: LastAsyncEl0NmsPPMuxEl0YOLOV8-Post-Process
[2026-04-03 16:49:01.191] [26550] [HailoRT] [info] [pipeline.cpp:891] [print_deep_description] LastAsyncEl0NmsPPMuxEl0YOLOV8-Post-Process | inputs: NmsPPMuxEl0YOLOV8-Post-Process[0] | outputs: user
[2026-04-03 16:49:02.135] [26578] [HailoRT] [info] [hef.cpp:1929] [get_network_group_and_network_name] No name was given. Addressing all networks of default network_group: yolov8m
[2026-04-03 16:49:50.028] [26550] [HailoRT] [info] [async_infer_runner.cpp:86] [shutdown] Pipeline was aborted. Shutting it down
[2026-04-03 16:49:50.029] [26550] [HailoRT] [info] [queue_elements.cpp:1131] [execute_deactivate] enqueue() in element MultiPushQEl0YOLOV8-Post-Process was aborted, got status = HAILO_SHUTDOWN_EVENT_SIGNALED(57)
[2026-04-03 16:49:50.029] [26550] [HailoRT] [info] [queue_elements.cpp:1131] [execute_deactivate] enqueue() in element MultiPushQEl0YOLOV8-Post-Process was aborted, got status = HAILO_SHUTDOWN_EVENT_SIGNALED(57)
[2026-04-03 16:49:50.029] [26550] [HailoRT] [info] [queue_elements.cpp:1131] [execute_deactivate] enqueue() in element MultiPushQEl0YOLOV8-Post-Process was aborted, got status = HAILO_SHUTDOWN_EVENT_SIGNALED(57)
[2026-04-03 16:49:50.029] [26550] [HailoRT] [info] [queue_elements.cpp:1131] [execute_deactivate] enqueue() in element MultiPushQEl0YOLOV8-Post-Process was aborted, got status = HAILO_SHUTDOWN_EVENT_SIGNALED(57)
[2026-04-03 16:49:50.029] [26550] [HailoRT] [info] [queue_elements.cpp:1131] [execute_deactivate] enqueue() in element MultiPushQEl0YOLOV8-Post-Process was aborted, got status = HAILO_SHUTDOWN_EVENT_SIGNALED(57)
[2026-04-03 16:49:50.029] [26550] [HailoRT] [info] [queue_elements.cpp:1131] [execute_deactivate] enqueue() in element MultiPushQEl0YOLOV8-Post-Process was aborted, got status = HAILO_SHUTDOWN_EVENT_SIGNALED(57)
[2026-04-03 16:49:50.029] [26550] [HailoRT] [info] [queue_elements.cpp:570] [execute_deactivate] enqueue() in element PushQEl3yolov8m/input_layer1 was aborted, got status = HAILO_SHUTDOWN_EVENT_SIGNALED(57)
[2026-04-03 16:49:50.029] [26550] [HailoRT] [info] [queue_elements.cpp:570] [execute_deactivate] enqueue() in element EntryPushQEl0yolov8m/input_layer1 was aborted, got status = HAILO_SHUTDOWN_EVENT_SIGNALED(57)
[2026-04-03 16:49:50.029] [26550] [HailoRT] [info] [queue_elements.cpp:46] [~BaseQueueElement] Queue element EntryPushQEl0yolov8m/input_layer1 has 0 frames in his Queue on destruction
[2026-04-03 16:49:50.029] [26550] [HailoRT] [info] [queue_elements.cpp:46] [~BaseQueueElement] Queue element PushQEl3yolov8m/input_layer1 has 0 frames in his Queue on destruction
[2026-04-03 16:51:39.398] [27455] [HailoRT] [info] [vdevice.cpp:523] [create] Creating vdevice with params: device_count: 1, scheduling_algorithm: ROUND_ROBIN, multi_process_service: false
[2026-04-03 16:51:39.409] [27455] [HailoRT] [info] [device.cpp:49] [Device] OS Version: Linux 6.12.62+rpt-rpi-2712 #1 SMP PREEMPT Debian 1:6.12.62-1+rpt1~bookworm (2026-01-19) aarch64
[2026-04-03 16:51:39.414] [27455] [HailoRT] [info] [control.cpp:108] [control__parse_identify_results] firmware_version is: 4.20.0
[2026-04-03 16:51:39.414] [27455] [HailoRT] [info] [vdevice.cpp:651] [create] VDevice Infos: 0001:01:00.0
[2026-04-03 16:51:39.436] [27455] [HailoRT] [info] [hef.cpp:1929] [get_network_group_and_network_name] No name was given. Addressing all networks of default network_group: yolov8m
[2026-04-03 16:51:39.436] [27455] [HailoRT] [info] [hef.cpp:1929] [get_network_group_and_network_name] No name was given. Addressing all networks of default network_group: yolov8m
[2026-04-03 16:51:39.446] [27455] [HailoRT] [info] [internal_buffer_manager.cpp:204] [print_execution_results] Planned internal buffer memory: CMA memory 0, user memory 3037184. memory to edge layer usage factor is 1
[2026-04-03 16:51:39.446] [27455] [HailoRT] [info] [internal_buffer_manager.cpp:212] [print_execution_results] Default Internal buffer planner executed successfully
[2026-04-03 16:51:39.489] [27455] [HailoRT] [info] [device_internal.cpp:57] [configure] Configuring HEF took 49.759935 milliseconds
[2026-04-03 16:51:39.489] [27455] [HailoRT] [info] [vdevice.cpp:749] [configure] Configuring HEF on VDevice took 50.136177 milliseconds
[2026-04-03 16:51:39.489] [27455] [HailoRT] [info] [infer_model.cpp:436] [configure] Configuring network group 'yolov8m' with params: batch size: 0, power mode: PERFORMANCE, latency: NONE
[2026-04-03 16:51:39.489] [27455] [HailoRT] [info] [multi_io_elements.cpp:756] [create] Created (AsyncHwEl)
[2026-04-03 16:51:39.489] [27455] [HailoRT] [info] [queue_elements.cpp:450] [create] Created (EntryPushQEl0yolov8m/input_layer1 | timeout: 10s)
[2026-04-03 16:51:39.489] [27455] [HailoRT] [info] [filter_elements.cpp:101] [create] Created (PreInferEl3yolov8m/input_layer1 | Reorder - src_order: RGB4, src_shape: (640, 640, 3), dst_order: NHCW, dst_shape: (640, 640, 3))
[2026-04-03 16:51:39.490] [27455] [HailoRT] [info] [queue_elements.cpp:450] [create] Created (PushQEl3yolov8m/input_layer1 | timeout: 10s)
[2026-04-03 16:51:39.490] [27455] [HailoRT] [info] [multi_io_elements.cpp:135] [create] Created (NmsPPMuxEl0YOLOV8-Post-Process | Op YOLOV8, Name: YOLOV8-Post-Process, Score threshold: 0.001, IoU threshold: 0.70, Classes: 8, Cross classes: false, NMS results order: BY_CLASS, Max bboxes per class: 100, Image height: 640, Image width: 640)
[2026-04-03 16:51:39.490] [27455] [HailoRT] [info] [queue_elements.cpp:942] [create] Created (MultiPushQEl0YOLOV8-Post-Process | timeout: 10s)
[2026-04-03 16:51:39.490] [27455] [HailoRT] [info] [edge_elements.cpp:187] [create] Created (LastAsyncEl0NmsPPMuxEl0YOLOV8-Post-Process)
[2026-04-03 16:51:39.490] [27455] [HailoRT] [info] [pipeline.cpp:891] [print_deep_description] EntryPushQEl0yolov8m/input_layer1 | inputs: user | outputs: PreInferEl3yolov8m/input_layer1(running in thread_id: 27479)
[2026-04-03 16:51:39.490] [27455] [HailoRT] [info] [pipeline.cpp:891] [print_deep_description] PreInferEl3yolov8m/input_layer1 | inputs: EntryPushQEl0yolov8m/input_layer1[0] | outputs: PushQEl3yolov8m/input_layer1
[2026-04-03 16:51:39.490] [27455] [HailoRT] [info] [pipeline.cpp:891] [print_deep_description] PushQEl3yolov8m/input_layer1 | inputs: PreInferEl3yolov8m/input_layer1[0] | outputs: AsyncHwEl(running in thread_id: 27480)
[2026-04-03 16:51:39.490] [27455] [HailoRT] [info] [pipeline.cpp:891] [print_deep_description] AsyncHwEl | inputs: PushQEl3yolov8m/input_layer1[0] | outputs: MultiPushQEl0YOLOV8-Post-Process MultiPushQEl0YOLOV8-Post-Process MultiPushQEl0YOLOV8-Post-Process MultiPushQEl0YOLOV8-Post-Process MultiPushQEl0YOLOV8-Post-Process MultiPushQEl0YOLOV8-Post-Process
[2026-04-03 16:51:39.490] [27455] [HailoRT] [info] [pipeline.cpp:891] [print_deep_description] MultiPushQEl0YOLOV8-Post-Process | inputs: AsyncHwEl[0] AsyncHwEl[1] AsyncHwEl[2] AsyncHwEl[3] AsyncHwEl[4] AsyncHwEl[5] | outputs: NmsPPMuxEl0YOLOV8-Post-Process(running in thread_id: 27481)
[2026-04-03 16:51:39.490] [27455] [HailoRT] [info] [pipeline.cpp:891] [print_deep_description] NmsPPMuxEl0YOLOV8-Post-Process | inputs: MultiPushQEl0YOLOV8-Post-Process[0] | outputs: LastAsyncEl0NmsPPMuxEl0YOLOV8-Post-Process
[2026-04-03 16:51:39.490] [27455] [HailoRT] [info] [pipeline.cpp:891] [print_deep_description] LastAsyncEl0NmsPPMuxEl0YOLOV8-Post-Process | inputs: NmsPPMuxEl0YOLOV8-Post-Process[0] | outputs: user
[2026-04-03 16:51:41.409] [27476] [HailoRT] [info] [hef.cpp:1929] [get_network_group_and_network_name] No name was given. Addressing all networks of default network_group: yolov8m
[2026-04-03 16:52:23.356] [27455] [HailoRT] [info] [async_infer_runner.cpp:86] [shutdown] Pipeline was aborted. Shutting it down
[2026-04-03 16:52:23.357] [27455] [HailoRT] [info] [queue_elements.cpp:1131] [execute_deactivate] enqueue() in element MultiPushQEl0YOLOV8-Post-Process was aborted, got status = HAILO_SHUTDOWN_EVENT_SIGNALED(57)
[2026-04-03 16:52:23.357] [27455] [HailoRT] [info] [queue_elements.cpp:1131] [execute_deactivate] enqueue() in element MultiPushQEl0YOLOV8-Post-Process was aborted, got status = HAILO_SHUTDOWN_EVENT_SIGNALED(57)
[2026-04-03 16:52:23.357] [27455] [HailoRT] [info] [queue_elements.cpp:1131] [execute_deactivate] enqueue() in element MultiPushQEl0YOLOV8-Post-Process was aborted, got status = HAILO_SHUTDOWN_EVENT_SIGNALED(57)
[2026-04-03 16:52:23.357] [27455] [HailoRT] [info] [queue_elements.cpp:1131] [execute_deactivate] enqueue() in element MultiPushQEl0YOLOV8-Post-Process was aborted, got status = HAILO_SHUTDOWN_EVENT_SIGNALED(57)
[2026-04-03 16:52:23.357] [27455] [HailoRT] [info] [queue_elements.cpp:1131] [execute_deactivate] enqueue() in element MultiPushQEl0YOLOV8-Post-Process was aborted, got status = HAILO_SHUTDOWN_EVENT_SIGNALED(57)
[2026-04-03 16:52:23.357] [27455] [HailoRT] [info] [queue_elements.cpp:1131] [execute_deactivate] enqueue() in element MultiPushQEl0YOLOV8-Post-Process was aborted, got status = HAILO_SHUTDOWN_EVENT_SIGNALED(57)
[2026-04-03 16:52:23.357] [27455] [HailoRT] [info] [queue_elements.cpp:570] [execute_deactivate] enqueue() in element PushQEl3yolov8m/input_layer1 was aborted, got status = HAILO_SHUTDOWN_EVENT_SIGNALED(57)
[2026-04-03 16:52:23.357] [27455] [HailoRT] [info] [queue_elements.cpp:570] [execute_deactivate] enqueue() in element EntryPushQEl0yolov8m/input_layer1 was aborted, got status = HAILO_SHUTDOWN_EVENT_SIGNALED(57)
[2026-04-03 16:52:23.357] [27455] [HailoRT] [info] [queue_elements.cpp:46] [~BaseQueueElement] Queue element EntryPushQEl0yolov8m/input_layer1 has 0 frames in his Queue on destruction
[2026-04-03 16:52:23.358] [27455] [HailoRT] [info] [queue_elements.cpp:46] [~BaseQueueElement] Queue element PushQEl3yolov8m/input_layer1 has 0 frames in his Queue on destruction
[2026-04-03 16:53:46.891] [28227] [HailoRT] [info] [vdevice.cpp:523] [create] Creating vdevice with params: device_count: 1, scheduling_algorithm: ROUND_ROBIN, multi_process_service: false
[2026-04-03 16:53:46.903] [28227] [HailoRT] [info] [device.cpp:49] [Device] OS Version: Linux 6.12.62+rpt-rpi-2712 #1 SMP PREEMPT Debian 1:6.12.62-1+rpt1~bookworm (2026-01-19) aarch64
[2026-04-03 16:53:46.904] [28227] [HailoRT] [info] [control.cpp:108] [control__parse_identify_results] firmware_version is: 4.20.0
[2026-04-03 16:53:46.904] [28227] [HailoRT] [info] [vdevice.cpp:651] [create] VDevice Infos: 0001:01:00.0
[2026-04-03 16:53:46.925] [28227] [HailoRT] [info] [hef.cpp:1929] [get_network_group_and_network_name] No name was given. Addressing all networks of default network_group: yolov8m
[2026-04-03 16:53:46.925] [28227] [HailoRT] [info] [hef.cpp:1929] [get_network_group_and_network_name] No name was given. Addressing all networks of default network_group: yolov8m
[2026-04-03 16:53:46.934] [28227] [HailoRT] [info] [internal_buffer_manager.cpp:204] [print_execution_results] Planned internal buffer memory: CMA memory 0, user memory 3037184. memory to edge layer usage factor is 1
[2026-04-03 16:53:46.934] [28227] [HailoRT] [info] [internal_buffer_manager.cpp:212] [print_execution_results] Default Internal buffer planner executed successfully
[2026-04-03 16:53:46.974] [28227] [HailoRT] [info] [device_internal.cpp:57] [configure] Configuring HEF took 46.040172 milliseconds
[2026-04-03 16:53:46.974] [28227] [HailoRT] [info] [vdevice.cpp:749] [configure] Configuring HEF on VDevice took 46.385081 milliseconds
[2026-04-03 16:53:46.974] [28227] [HailoRT] [info] [infer_model.cpp:436] [configure] Configuring network group 'yolov8m' with params: batch size: 0, power mode: PERFORMANCE, latency: NONE
[2026-04-03 16:53:46.974] [28227] [HailoRT] [info] [multi_io_elements.cpp:756] [create] Created (AsyncHwEl)
[2026-04-03 16:53:46.974] [28227] [HailoRT] [info] [queue_elements.cpp:450] [create] Created (EntryPushQEl0yolov8m/input_layer1 | timeout: 10s)
[2026-04-03 16:53:46.974] [28227] [HailoRT] [info] [filter_elements.cpp:101] [create] Created (PreInferEl3yolov8m/input_layer1 | Reorder - src_order: RGB4, src_shape: (640, 640, 3), dst_order: NHCW, dst_shape: (640, 640, 3))
[2026-04-03 16:53:46.975] [28227] [HailoRT] [info] [queue_elements.cpp:450] [create] Created (PushQEl3yolov8m/input_layer1 | timeout: 10s)
[2026-04-03 16:53:46.975] [28227] [HailoRT] [info] [multi_io_elements.cpp:135] [create] Created (NmsPPMuxEl0YOLOV8-Post-Process | Op YOLOV8, Name: YOLOV8-Post-Process, Score threshold: 0.001, IoU threshold: 0.70, Classes: 8, Cross classes: false, NMS results order: BY_CLASS, Max bboxes per class: 100, Image height: 640, Image width: 640)
[2026-04-03 16:53:46.976] [28227] [HailoRT] [info] [queue_elements.cpp:942] [create] Created (MultiPushQEl0YOLOV8-Post-Process | timeout: 10s)
[2026-04-03 16:53:46.976] [28227] [HailoRT] [info] [edge_elements.cpp:187] [create] Created (LastAsyncEl0NmsPPMuxEl0YOLOV8-Post-Process)
[2026-04-03 16:53:46.976] [28227] [HailoRT] [info] [pipeline.cpp:891] [print_deep_description] EntryPushQEl0yolov8m/input_layer1 | inputs: user | outputs: PreInferEl3yolov8m/input_layer1(running in thread_id: 28258)
[2026-04-03 16:53:46.976] [28227] [HailoRT] [info] [pipeline.cpp:891] [print_deep_description] PreInferEl3yolov8m/input_layer1 | inputs: EntryPushQEl0yolov8m/input_layer1[0] | outputs: PushQEl3yolov8m/input_layer1
[2026-04-03 16:53:46.976] [28227] [HailoRT] [info] [pipeline.cpp:891] [print_deep_description] PushQEl3yolov8m/input_layer1 | inputs: PreInferEl3yolov8m/input_layer1[0] | outputs: AsyncHwEl(running in thread_id: 28259)
[2026-04-03 16:53:46.976] [28227] [HailoRT] [info] [pipeline.cpp:891] [print_deep_description] AsyncHwEl | inputs: PushQEl3yolov8m/input_layer1[0] | outputs: MultiPushQEl0YOLOV8-Post-Process MultiPushQEl0YOLOV8-Post-Process MultiPushQEl0YOLOV8-Post-Process MultiPushQEl0YOLOV8-Post-Process MultiPushQEl0YOLOV8-Post-Process MultiPushQEl0YOLOV8-Post-Process
[2026-04-03 16:53:46.976] [28227] [HailoRT] [info] [pipeline.cpp:891] [print_deep_description] MultiPushQEl0YOLOV8-Post-Process | inputs: AsyncHwEl[0] AsyncHwEl[1] AsyncHwEl[2] AsyncHwEl[3] AsyncHwEl[4] AsyncHwEl[5] | outputs: NmsPPMuxEl0YOLOV8-Post-Process(running in thread_id: 28260)
[2026-04-03 16:53:46.976] [28227] [HailoRT] [info] [pipeline.cpp:891] [print_deep_description] NmsPPMuxEl0YOLOV8-Post-Process | inputs: MultiPushQEl0YOLOV8-Post-Process[0] | outputs: LastAsyncEl0NmsPPMuxEl0YOLOV8-Post-Process
[2026-04-03 16:53:46.976] [28227] [HailoRT] [info] [pipeline.cpp:891] [print_deep_description] LastAsyncEl0NmsPPMuxEl0YOLOV8-Post-Process | inputs: NmsPPMuxEl0YOLOV8-Post-Process[0] | outputs: user
[2026-04-03 16:53:48.908] [28255] [HailoRT] [info] [hef.cpp:1929] [get_network_group_and_network_name] No name was given. Addressing all networks of default network_group: yolov8m
[2026-04-03 17:00:41.665] [28227] [HailoRT] [info] [async_infer_runner.cpp:86] [shutdown] Pipeline was aborted. Shutting it down
[2026-04-03 17:00:41.666] [28227] [HailoRT] [info] [queue_elements.cpp:1131] [execute_deactivate] enqueue() in element MultiPushQEl0YOLOV8-Post-Process was aborted, got status = HAILO_SHUTDOWN_EVENT_SIGNALED(57)
[2026-04-03 17:00:41.666] [28227] [HailoRT] [info] [queue_elements.cpp:1131] [execute_deactivate] enqueue() in element MultiPushQEl0YOLOV8-Post-Process was aborted, got status = HAILO_SHUTDOWN_EVENT_SIGNALED(57)
[2026-04-03 17:00:41.666] [28227] [HailoRT] [info] [queue_elements.cpp:1131] [execute_deactivate] enqueue() in element MultiPushQEl0YOLOV8-Post-Process was aborted, got status = HAILO_SHUTDOWN_EVENT_SIGNALED(57)
[2026-04-03 17:00:41.666] [28227] [HailoRT] [info] [queue_elements.cpp:1131] [execute_deactivate] enqueue() in element MultiPushQEl0YOLOV8-Post-Process was aborted, got status = HAILO_SHUTDOWN_EVENT_SIGNALED(57)
[2026-04-03 17:00:41.666] [28227] [HailoRT] [info] [queue_elements.cpp:1131] [execute_deactivate] enqueue() in element MultiPushQEl0YOLOV8-Post-Process was aborted, got status = HAILO_SHUTDOWN_EVENT_SIGNALED(57)
[2026-04-03 17:00:41.666] [28227] [HailoRT] [info] [queue_elements.cpp:1131] [execute_deactivate] enqueue() in element MultiPushQEl0YOLOV8-Post-Process was aborted, got status = HAILO_SHUTDOWN_EVENT_SIGNALED(57)
[2026-04-03 17:00:41.666] [28227] [HailoRT] [info] [queue_elements.cpp:570] [execute_deactivate] enqueue() in element PushQEl3yolov8m/input_layer1 was aborted, got status = HAILO_SHUTDOWN_EVENT_SIGNALED(57)
[2026-04-03 17:00:41.666] [28227] [HailoRT] [info] [queue_elements.cpp:570] [execute_deactivate] enqueue() in element EntryPushQEl0yolov8m/input_layer1 was aborted, got status = HAILO_SHUTDOWN_EVENT_SIGNALED(57)
[2026-04-03 17:00:41.666] [28227] [HailoRT] [info] [queue_elements.cpp:46] [~BaseQueueElement] Queue element EntryPushQEl0yolov8m/input_layer1 has 0 frames in his Queue on destruction
[2026-04-03 17:00:41.666] [28227] [HailoRT] [info] [queue_elements.cpp:46] [~BaseQueueElement] Queue element PushQEl3yolov8m/input_layer1 has 0 frames in his Queue on destruction
[2026-04-03 17:27:01.282] [2602] [HailoRT] [info] [device.cpp:49] [Device] OS Version: Linux 6.12.62+rpt-rpi-2712 #1 SMP PREEMPT Debian 1:6.12.62-1+rpt1~bookworm (2026-01-19) aarch64
[2026-04-03 17:27:01.284] [2602] [HailoRT] [info] [control.cpp:108] [control__parse_identify_results] firmware_version is: 4.20.0
[2026-04-03 17:27:01.285] [2602] [HailoRT] [info] [control.cpp:108] [control__parse_identify_results] firmware_version is: 4.20.0
[2026-04-03 17:27:01.337] [2614] [HailoRT] [info] [device.cpp:49] [Device] OS Version: Linux 6.12.62+rpt-rpi-2712 #1 SMP PREEMPT Debian 1:6.12.62-1+rpt1~bookworm (2026-01-19) aarch64
[2026-04-03 17:27:01.339] [2614] [HailoRT] [info] [control.cpp:108] [control__parse_identify_results] firmware_version is: 4.20.0
[2026-04-03 17:27:01.340] [2614] [HailoRT] [info] [control.cpp:108] [control__parse_identify_results] firmware_version is: 4.20.0
[2026-04-03 17:27:01.429] [2594] [HailoRT] [info] [vdevice.cpp:523] [create] Creating vdevice with params: device_count: 1, scheduling_algorithm: ROUND_ROBIN, multi_process_service: false
[2026-04-03 17:27:01.441] [2594] [HailoRT] [info] [device.cpp:49] [Device] OS Version: Linux 6.12.62+rpt-rpi-2712 #1 SMP PREEMPT Debian 1:6.12.62-1+rpt1~bookworm (2026-01-19) aarch64
[2026-04-03 17:27:01.442] [2594] [HailoRT] [info] [control.cpp:108] [control__parse_identify_results] firmware_version is: 4.20.0
[2026-04-03 17:27:01.442] [2594] [HailoRT] [info] [vdevice.cpp:651] [create] VDevice Infos: 0001:01:00.0
[2026-04-03 17:27:01.786] [2594] [HailoRT] [info] [hef.cpp:1929] [get_network_group_and_network_name] No name was given. Addressing all networks of default network_group: yolov8m
[2026-04-03 17:27:01.786] [2594] [HailoRT] [info] [hef.cpp:1929] [get_network_group_and_network_name] No name was given. Addressing all networks of default network_group: yolov8m
[2026-04-03 17:27:01.975] [2594] [HailoRT] [info] [internal_buffer_manager.cpp:204] [print_execution_results] Planned internal buffer memory: CMA memory 0, user memory 6070784. memory to edge layer usage factor is 1
[2026-04-03 17:27:01.975] [2594] [HailoRT] [info] [internal_buffer_manager.cpp:212] [print_execution_results] Default Internal buffer planner executed successfully
[2026-04-03 17:27:02.013] [2594] [HailoRT] [info] [device_internal.cpp:57] [configure] Configuring HEF took 46.974388 milliseconds
[2026-04-03 17:27:02.013] [2594] [HailoRT] [info] [vdevice.cpp:749] [configure] Configuring HEF on VDevice took 47.681203 milliseconds
[2026-04-03 17:27:02.013] [2594] [HailoRT] [info] [infer_model.cpp:436] [configure] Configuring network group 'yolov8m' with params: batch size: 2, power mode: PERFORMANCE, latency: NONE
[2026-04-03 17:27:02.015] [2594] [HailoRT] [info] [multi_io_elements.cpp:756] [create] Created (AsyncHwEl)
[2026-04-03 17:27:02.016] [2594] [HailoRT] [info] [queue_elements.cpp:450] [create] Created (EntryPushQEl0yolov8m/input_layer1 | timeout: 10s)
[2026-04-03 17:27:02.016] [2594] [HailoRT] [info] [filter_elements.cpp:101] [create] Created (PreInferEl3yolov8m/input_layer1 | Reorder - src_order: RGB4, src_shape: (640, 640, 3), dst_order: NHCW, dst_shape: (640, 640, 3))
[2026-04-03 17:27:02.016] [2594] [HailoRT] [info] [queue_elements.cpp:450] [create] Created (PushQEl3yolov8m/input_layer1 | timeout: 10s)
[2026-04-03 17:27:02.016] [2594] [HailoRT] [info] [multi_io_elements.cpp:135] [create] Created (NmsPPMuxEl0YOLOV8-Post-Process | Op YOLOV8, Name: YOLOV8-Post-Process, Score threshold: 0.300, IoU threshold: 0.45, Classes: 8, Cross classes: false, NMS results order: BY_CLASS, Max bboxes per class: 100, Image height: 640, Image width: 640)
[2026-04-03 17:27:02.016] [2594] [HailoRT] [info] [queue_elements.cpp:942] [create] Created (MultiPushQEl0YOLOV8-Post-Process | timeout: 10s)
[2026-04-03 17:27:02.016] [2594] [HailoRT] [info] [edge_elements.cpp:187] [create] Created (LastAsyncEl0NmsPPMuxEl0YOLOV8-Post-Process)
[2026-04-03 17:27:02.016] [2594] [HailoRT] [info] [pipeline.cpp:891] [print_deep_description] EntryPushQEl0yolov8m/input_layer1 | inputs: user | outputs: PreInferEl3yolov8m/input_layer1(running in thread_id: 2654)
[2026-04-03 17:27:02.017] [2594] [HailoRT] [info] [pipeline.cpp:891] [print_deep_description] PreInferEl3yolov8m/input_layer1 | inputs: EntryPushQEl0yolov8m/input_layer1[0] | outputs: PushQEl3yolov8m/input_layer1
[2026-04-03 17:27:02.017] [2594] [HailoRT] [info] [pipeline.cpp:891] [print_deep_description] PushQEl3yolov8m/input_layer1 | inputs: PreInferEl3yolov8m/input_layer1[0] | outputs: AsyncHwEl(running in thread_id: 2655)
[2026-04-03 17:27:02.017] [2594] [HailoRT] [info] [pipeline.cpp:891] [print_deep_description] AsyncHwEl | inputs: PushQEl3yolov8m/input_layer1[0] | outputs: MultiPushQEl0YOLOV8-Post-Process MultiPushQEl0YOLOV8-Post-Process MultiPushQEl0YOLOV8-Post-Process MultiPushQEl0YOLOV8-Post-Process MultiPushQEl0YOLOV8-Post-Process MultiPushQEl0YOLOV8-Post-Process
[2026-04-03 17:27:02.017] [2594] [HailoRT] [info] [pipeline.cpp:891] [print_deep_description] MultiPushQEl0YOLOV8-Post-Process | inputs: AsyncHwEl[0] AsyncHwEl[1] AsyncHwEl[2] AsyncHwEl[3] AsyncHwEl[4] AsyncHwEl[5] | outputs: NmsPPMuxEl0YOLOV8-Post-Process(running in thread_id: 2656)
[2026-04-03 17:27:02.017] [2594] [HailoRT] [info] [pipeline.cpp:891] [print_deep_description] NmsPPMuxEl0YOLOV8-Post-Process | inputs: MultiPushQEl0YOLOV8-Post-Process[0] | outputs: LastAsyncEl0NmsPPMuxEl0YOLOV8-Post-Process
[2026-04-03 17:27:02.017] [2594] [HailoRT] [info] [pipeline.cpp:891] [print_deep_description] LastAsyncEl0NmsPPMuxEl0YOLOV8-Post-Process | inputs: NmsPPMuxEl0YOLOV8-Post-Process[0] | outputs: user
[2026-04-03 17:27:02.432] [2646] [HailoRT] [info] [hef.cpp:1929] [get_network_group_and_network_name] No name was given. Addressing all networks of default network_group: yolov8m
[2026-04-03 17:28:03.107] [2594] [HailoRT] [info] [async_infer_runner.cpp:86] [shutdown] Pipeline was aborted. Shutting it down
[2026-04-03 17:28:03.108] [2627] [HailoRT] [info] [network_group.cpp:857] [operator()] Infer request was aborted by user
[2026-04-03 17:28:03.108] [2594] [HailoRT] [info] [queue_elements.cpp:1131] [execute_deactivate] enqueue() in element MultiPushQEl0YOLOV8-Post-Process was aborted, got status = HAILO_SHUTDOWN_EVENT_SIGNALED(57)
[2026-04-03 17:28:03.108] [2594] [HailoRT] [info] [queue_elements.cpp:1131] [execute_deactivate] enqueue() in element MultiPushQEl0YOLOV8-Post-Process was aborted, got status = HAILO_SHUTDOWN_EVENT_SIGNALED(57)
[2026-04-03 17:28:03.108] [2594] [HailoRT] [info] [queue_elements.cpp:1131] [execute_deactivate] enqueue() in element MultiPushQEl0YOLOV8-Post-Process was aborted, got status = HAILO_SHUTDOWN_EVENT_SIGNALED(57)
[2026-04-03 17:28:03.108] [2594] [HailoRT] [info] [queue_elements.cpp:1131] [execute_deactivate] enqueue() in element MultiPushQEl0YOLOV8-Post-Process was aborted, got status = HAILO_SHUTDOWN_EVENT_SIGNALED(57)
[2026-04-03 17:28:03.108] [2594] [HailoRT] [info] [queue_elements.cpp:1131] [execute_deactivate] enqueue() in element MultiPushQEl0YOLOV8-Post-Process was aborted, got status = HAILO_SHUTDOWN_EVENT_SIGNALED(57)
[2026-04-03 17:28:03.108] [2594] [HailoRT] [info] [queue_elements.cpp:1131] [execute_deactivate] enqueue() in element MultiPushQEl0YOLOV8-Post-Process was aborted, got status = HAILO_SHUTDOWN_EVENT_SIGNALED(57)
[2026-04-03 17:28:03.108] [2594] [HailoRT] [info] [queue_elements.cpp:570] [execute_deactivate] enqueue() in element PushQEl3yolov8m/input_layer1 was aborted, got status = HAILO_SHUTDOWN_EVENT_SIGNALED(57)
[2026-04-03 17:28:03.108] [2594] [HailoRT] [info] [queue_elements.cpp:570] [execute_deactivate] enqueue() in element EntryPushQEl0yolov8m/input_layer1 was aborted, got status = HAILO_SHUTDOWN_EVENT_SIGNALED(57)
[2026-04-03 17:28:03.108] [2594] [HailoRT] [info] [queue_elements.cpp:46] [~BaseQueueElement] Queue element EntryPushQEl0yolov8m/input_layer1 has 0 frames in his Queue on destruction
[2026-04-03 17:28:03.108] [2594] [HailoRT] [info] [queue_elements.cpp:46] [~BaseQueueElement] Queue element PushQEl3yolov8m/input_layer1 has 0 frames in his Queue on destruction
[2026-04-06 22:42:19.212] [15882] [HailoRT] [info] [vdevice.cpp:523] [create] Creating vdevice with params: device_count: 1, scheduling_algorithm: ROUND_ROBIN, multi_process_service: false
[2026-04-06 22:42:19.213] [15882] [HailoRT] [info] [device.cpp:49] [Device] OS Version: Linux 6.12.62+rpt-rpi-2712 #1 SMP PREEMPT Debian 1:6.12.62-1+rpt1~bookworm (2026-01-19) aarch64
[2026-04-06 22:42:19.215] [15882] [HailoRT] [info] [control.cpp:108] [control__parse_identify_results] firmware_version is: 4.20.0
[2026-04-06 22:42:19.237] [15882] [HailoRT] [error] [vdevice.cpp:820] [create_devices] CHECK failed - Failed to create vdevice. there are not enough free devices. requested: 1, found: 0
[2026-04-06 22:42:19.239] [15882] [HailoRT] [error] [vdevice.cpp:631] [create] CHECK_SUCCESS failed with status=HAILO_OUT_OF_PHYSICAL_DEVICES(74)
[2026-04-06 22:42:19.240] [15882] [HailoRT] [error] [shared_resource_manager.hpp:81] [register_resource] CHECK_SUCCESS failed with status=HAILO_OUT_OF_PHYSICAL_DEVICES(74)
[2026-04-06 22:42:19.241] [15882] [HailoRT] [error] [vdevice.cpp:132] [create] CHECK_SUCCESS failed with status=HAILO_OUT_OF_PHYSICAL_DEVICES(74)
[2026-04-06 22:42:19.241] [15882] [HailoRT] [error] [vdevice.cpp:554] [create] CHECK_SUCCESS failed with status=HAILO_OUT_OF_PHYSICAL_DEVICES(74)
[2026-04-06 22:42:59.480] [16185] [HailoRT] [info] [vdevice.cpp:523] [create] Creating vdevice with params: device_count: 1, scheduling_algorithm: ROUND_ROBIN, multi_process_service: false
[2026-04-06 22:42:59.493] [16185] [HailoRT] [info] [device.cpp:49] [Device] OS Version: Linux 6.12.62+rpt-rpi-2712 #1 SMP PREEMPT Debian 1:6.12.62-1+rpt1~bookworm (2026-01-19) aarch64
[2026-04-06 22:42:59.494] [16185] [HailoRT] [info] [control.cpp:108] [control__parse_identify_results] firmware_version is: 4.20.0
[2026-04-06 22:42:59.494] [16185] [HailoRT] [info] [vdevice.cpp:651] [create] VDevice Infos: 0001:01:00.0
[2026-04-06 22:42:59.835] [16185] [HailoRT] [info] [hef.cpp:1929] [get_network_group_and_network_name] No name was given. Addressing all networks of default network_group: yolov8m
[2026-04-06 22:42:59.835] [16185] [HailoRT] [info] [hef.cpp:1929] [get_network_group_and_network_name] No name was given. Addressing all networks of default network_group: yolov8m
[2026-04-06 22:42:59.844] [16185] [HailoRT] [info] [internal_buffer_manager.cpp:204] [print_execution_results] Planned internal buffer memory: CMA memory 0, user memory 3037184. memory to edge layer usage factor is 1
[2026-04-06 22:42:59.844] [16185] [HailoRT] [info] [internal_buffer_manager.cpp:212] [print_execution_results] Default Internal buffer planner executed successfully
[2026-04-06 22:42:59.880] [16185] [HailoRT] [info] [device_internal.cpp:57] [configure] Configuring HEF took 41.414019 milliseconds
[2026-04-06 22:42:59.880] [16185] [HailoRT] [info] [vdevice.cpp:749] [configure] Configuring HEF on VDevice took 41.719539 milliseconds
[2026-04-06 22:42:59.880] [16185] [HailoRT] [info] [infer_model.cpp:436] [configure] Configuring network group 'yolov8m' with params: batch size: 0, power mode: PERFORMANCE, latency: NONE
[2026-04-06 22:42:59.880] [16185] [HailoRT] [info] [multi_io_elements.cpp:756] [create] Created (AsyncHwEl)
[2026-04-06 22:42:59.880] [16185] [HailoRT] [info] [queue_elements.cpp:450] [create] Created (EntryPushQEl0yolov8m/input_layer1 | timeout: 10s)
[2026-04-06 22:42:59.880] [16185] [HailoRT] [info] [filter_elements.cpp:101] [create] Created (PreInferEl3yolov8m/input_layer1 | Reorder - src_order: RGB4, src_shape: (640, 640, 3), dst_order: NHCW, dst_shape: (640, 640, 3))
[2026-04-06 22:42:59.880] [16185] [HailoRT] [info] [queue_elements.cpp:450] [create] Created (PushQEl3yolov8m/input_layer1 | timeout: 10s)
[2026-04-06 22:42:59.880] [16185] [HailoRT] [info] [multi_io_elements.cpp:135] [create] Created (NmsPPMuxEl0YOLOV8-Post-Process | Op YOLOV8, Name: YOLOV8-Post-Process, Score threshold: 0.001, IoU threshold: 0.70, Classes: 8, Cross classes: false, NMS results order: BY_CLASS, Max bboxes per class: 100, Image height: 640, Image width: 640)
[2026-04-06 22:42:59.880] [16185] [HailoRT] [info] [queue_elements.cpp:942] [create] Created (MultiPushQEl0YOLOV8-Post-Process | timeout: 10s)
[2026-04-06 22:42:59.880] [16185] [HailoRT] [info] [edge_elements.cpp:187] [create] Created (LastAsyncEl0NmsPPMuxEl0YOLOV8-Post-Process)
[2026-04-06 22:42:59.880] [16185] [HailoRT] [info] [pipeline.cpp:891] [print_deep_description] EntryPushQEl0yolov8m/input_layer1 | inputs: user | outputs: PreInferEl3yolov8m/input_layer1(running in thread_id: 16207)
[2026-04-06 22:42:59.880] [16185] [HailoRT] [info] [pipeline.cpp:891] [print_deep_description] PreInferEl3yolov8m/input_layer1 | inputs: EntryPushQEl0yolov8m/input_layer1[0] | outputs: PushQEl3yolov8m/input_layer1
[2026-04-06 22:42:59.880] [16185] [HailoRT] [info] [pipeline.cpp:891] [print_deep_description] PushQEl3yolov8m/input_layer1 | inputs: PreInferEl3yolov8m/input_layer1[0] | outputs: AsyncHwEl(running in thread_id: 16208)
[2026-04-06 22:42:59.880] [16185] [HailoRT] [info] [pipeline.cpp:891] [print_deep_description] AsyncHwEl | inputs: PushQEl3yolov8m/input_layer1[0] | outputs: MultiPushQEl0YOLOV8-Post-Process MultiPushQEl0YOLOV8-Post-Process MultiPushQEl0YOLOV8-Post-Process MultiPushQEl0YOLOV8-Post-Process MultiPushQEl0YOLOV8-Post-Process MultiPushQEl0YOLOV8-Post-Process
[2026-04-06 22:42:59.880] [16185] [HailoRT] [info] [pipeline.cpp:891] [print_deep_description] MultiPushQEl0YOLOV8-Post-Process | inputs: AsyncHwEl[0] AsyncHwEl[1] AsyncHwEl[2] AsyncHwEl[3] AsyncHwEl[4] AsyncHwEl[5] | outputs: NmsPPMuxEl0YOLOV8-Post-Process(running in thread_id: 16209)
[2026-04-06 22:42:59.880] [16185] [HailoRT] [info] [pipeline.cpp:891] [print_deep_description] NmsPPMuxEl0YOLOV8-Post-Process | inputs: MultiPushQEl0YOLOV8-Post-Process[0] | outputs: LastAsyncEl0NmsPPMuxEl0YOLOV8-Post-Process
[2026-04-06 22:42:59.880] [16185] [HailoRT] [info] [pipeline.cpp:891] [print_deep_description] LastAsyncEl0NmsPPMuxEl0YOLOV8-Post-Process | inputs: NmsPPMuxEl0YOLOV8-Post-Process[0] | outputs: user
[2026-04-06 22:43:01.058] [16204] [HailoRT] [info] [hef.cpp:1929] [get_network_group_and_network_name] No name was given. Addressing all networks of default network_group: yolov8m
[2026-04-06 22:43:27.484] [16185] [HailoRT] [info] [async_infer_runner.cpp:86] [shutdown] Pipeline was aborted. Shutting it down
[2026-04-06 22:43:27.484] [16185] [HailoRT] [info] [queue_elements.cpp:1131] [execute_deactivate] enqueue() in element MultiPushQEl0YOLOV8-Post-Process was aborted, got status = HAILO_SHUTDOWN_EVENT_SIGNALED(57)
[2026-04-06 22:43:27.484] [16185] [HailoRT] [info] [queue_elements.cpp:1131] [execute_deactivate] enqueue() in element MultiPushQEl0YOLOV8-Post-Process was aborted, got status = HAILO_SHUTDOWN_EVENT_SIGNALED(57)
[2026-04-06 22:43:27.484] [16185] [HailoRT] [info] [queue_elements.cpp:1131] [execute_deactivate] enqueue() in element MultiPushQEl0YOLOV8-Post-Process was aborted, got status = HAILO_SHUTDOWN_EVENT_SIGNALED(57)
[2026-04-06 22:43:27.484] [16185] [HailoRT] [info] [queue_elements.cpp:1131] [execute_deactivate] enqueue() in element MultiPushQEl0YOLOV8-Post-Process was aborted, got status = HAILO_SHUTDOWN_EVENT_SIGNALED(57)
[2026-04-06 22:43:27.484] [16185] [HailoRT] [info] [queue_elements.cpp:1131] [execute_deactivate] enqueue() in element MultiPushQEl0YOLOV8-Post-Process was aborted, got status = HAILO_SHUTDOWN_EVENT_SIGNALED(57)
[2026-04-06 22:43:27.484] [16185] [HailoRT] [info] [queue_elements.cpp:1131] [execute_deactivate] enqueue() in element MultiPushQEl0YOLOV8-Post-Process was aborted, got status = HAILO_SHUTDOWN_EVENT_SIGNALED(57)
[2026-04-06 22:43:27.484] [16185] [HailoRT] [info] [queue_elements.cpp:570] [execute_deactivate] enqueue() in element PushQEl3yolov8m/input_layer1 was aborted, got status = HAILO_SHUTDOWN_EVENT_SIGNALED(57)
[2026-04-06 22:43:27.484] [16185] [HailoRT] [info] [queue_elements.cpp:570] [execute_deactivate] enqueue() in element EntryPushQEl0yolov8m/input_layer1 was aborted, got status = HAILO_SHUTDOWN_EVENT_SIGNALED(57)
[2026-04-06 22:43:27.484] [16185] [HailoRT] [info] [queue_elements.cpp:46] [~BaseQueueElement] Queue element EntryPushQEl0yolov8m/input_layer1 has 0 frames in his Queue on destruction
[2026-04-06 22:43:27.484] [16185] [HailoRT] [info] [queue_elements.cpp:46] [~BaseQueueElement] Queue element PushQEl3yolov8m/input_layer1 has 0 frames in his Queue on destruction
[2026-04-06 22:48:33.443] [18013] [HailoRT] [info] [vdevice.cpp:523] [create] Creating vdevice with params: device_count: 1, scheduling_algorithm: ROUND_ROBIN, multi_process_service: false
[2026-04-06 22:48:33.454] [18013] [HailoRT] [info] [device.cpp:49] [Device] OS Version: Linux 6.12.62+rpt-rpi-2712 #1 SMP PREEMPT Debian 1:6.12.62-1+rpt1~bookworm (2026-01-19) aarch64
[2026-04-06 22:48:33.456] [18013] [HailoRT] [info] [control.cpp:108] [control__parse_identify_results] firmware_version is: 4.20.0
[2026-04-06 22:48:33.456] [18013] [HailoRT] [info] [vdevice.cpp:651] [create] VDevice Infos: 0001:01:00.0
[2026-04-06 22:48:33.476] [18013] [HailoRT] [info] [hef.cpp:1929] [get_network_group_and_network_name] No name was given. Addressing all networks of default network_group: yolov8m
[2026-04-06 22:48:33.476] [18013] [HailoRT] [info] [hef.cpp:1929] [get_network_group_and_network_name] No name was given. Addressing all networks of default network_group: yolov8m
[2026-04-06 22:48:33.485] [18013] [HailoRT] [info] [internal_buffer_manager.cpp:204] [print_execution_results] Planned internal buffer memory: CMA memory 0, user memory 3037184. memory to edge layer usage factor is 1
[2026-04-06 22:48:33.485] [18013] [HailoRT] [info] [internal_buffer_manager.cpp:212] [print_execution_results] Default Internal buffer planner executed successfully
[2026-04-06 22:48:33.522] [18013] [HailoRT] [info] [device_internal.cpp:57] [configure] Configuring HEF took 43.061462 milliseconds
[2026-04-06 22:48:33.522] [18013] [HailoRT] [info] [vdevice.cpp:749] [configure] Configuring HEF on VDevice took 43.364185 milliseconds
[2026-04-06 22:48:33.522] [18013] [HailoRT] [info] [infer_model.cpp:436] [configure] Configuring network group 'yolov8m' with params: batch size: 0, power mode: PERFORMANCE, latency: NONE
[2026-04-06 22:48:33.522] [18013] [HailoRT] [info] [multi_io_elements.cpp:756] [create] Created (AsyncHwEl)
[2026-04-06 22:48:33.522] [18013] [HailoRT] [info] [queue_elements.cpp:450] [create] Created (EntryPushQEl0yolov8m/input_layer1 | timeout: 10s)
[2026-04-06 22:48:33.522] [18013] [HailoRT] [info] [filter_elements.cpp:101] [create] Created (PreInferEl3yolov8m/input_layer1 | Reorder - src_order: RGB4, src_shape: (640, 640, 3), dst_order: NHCW, dst_shape: (640, 640, 3))
[2026-04-06 22:48:33.522] [18013] [HailoRT] [info] [queue_elements.cpp:450] [create] Created (PushQEl3yolov8m/input_layer1 | timeout: 10s)
[2026-04-06 22:48:33.522] [18013] [HailoRT] [info] [multi_io_elements.cpp:135] [create] Created (NmsPPMuxEl0YOLOV8-Post-Process | Op YOLOV8, Name: YOLOV8-Post-Process, Score threshold: 0.001, IoU threshold: 0.70, Classes: 8, Cross classes: false, NMS results order: BY_CLASS, Max bboxes per class: 100, Image height: 640, Image width: 640)
[2026-04-06 22:48:33.523] [18013] [HailoRT] [info] [queue_elements.cpp:942] [create] Created (MultiPushQEl0YOLOV8-Post-Process | timeout: 10s)
[2026-04-06 22:48:33.523] [18013] [HailoRT] [info] [edge_elements.cpp:187] [create] Created (LastAsyncEl0NmsPPMuxEl0YOLOV8-Post-Process)
[2026-04-06 22:48:33.523] [18013] [HailoRT] [info] [pipeline.cpp:891] [print_deep_description] EntryPushQEl0yolov8m/input_layer1 | inputs: user | outputs: PreInferEl3yolov8m/input_layer1(running in thread_id: 18039)
[2026-04-06 22:48:33.523] [18013] [HailoRT] [info] [pipeline.cpp:891] [print_deep_description] PreInferEl3yolov8m/input_layer1 | inputs: EntryPushQEl0yolov8m/input_layer1[0] | outputs: PushQEl3yolov8m/input_layer1
[2026-04-06 22:48:33.523] [18013] [HailoRT] [info] [pipeline.cpp:891] [print_deep_description] PushQEl3yolov8m/input_layer1 | inputs: PreInferEl3yolov8m/input_layer1[0] | outputs: AsyncHwEl(running in thread_id: 18040)
[2026-04-06 22:48:33.523] [18013] [HailoRT] [info] [pipeline.cpp:891] [print_deep_description] AsyncHwEl | inputs: PushQEl3yolov8m/input_layer1[0] | outputs: MultiPushQEl0YOLOV8-Post-Process MultiPushQEl0YOLOV8-Post-Process MultiPushQEl0YOLOV8-Post-Process MultiPushQEl0YOLOV8-Post-Process MultiPushQEl0YOLOV8-Post-Process MultiPushQEl0YOLOV8-Post-Process
[2026-04-06 22:48:33.523] [18013] [HailoRT] [info] [pipeline.cpp:891] [print_deep_description] MultiPushQEl0YOLOV8-Post-Process | inputs: AsyncHwEl[0] AsyncHwEl[1] AsyncHwEl[2] AsyncHwEl[3] AsyncHwEl[4] AsyncHwEl[5] | outputs: NmsPPMuxEl0YOLOV8-Post-Process(running in thread_id: 18041)
[2026-04-06 22:48:33.523] [18013] [HailoRT] [info] [pipeline.cpp:891] [print_deep_description] NmsPPMuxEl0YOLOV8-Post-Process | inputs: MultiPushQEl0YOLOV8-Post-Process[0] | outputs: LastAsyncEl0NmsPPMuxEl0YOLOV8-Post-Process
[2026-04-06 22:48:33.523] [18013] [HailoRT] [info] [pipeline.cpp:891] [print_deep_description] LastAsyncEl0NmsPPMuxEl0YOLOV8-Post-Process | inputs: NmsPPMuxEl0YOLOV8-Post-Process[0] | outputs: user
[2026-04-06 22:48:34.542] [18036] [HailoRT] [info] [hef.cpp:1929] [get_network_group_and_network_name] No name was given. Addressing all networks of default network_group: yolov8m
[2026-04-06 22:48:41.686] [18013] [HailoRT] [info] [async_infer_runner.cpp:86] [shutdown] Pipeline was aborted. Shutting it down
[2026-04-06 22:48:41.688] [18013] [HailoRT] [info] [queue_elements.cpp:1131] [execute_deactivate] enqueue() in element MultiPushQEl0YOLOV8-Post-Process was aborted, got status = HAILO_SHUTDOWN_EVENT_SIGNALED(57)
[2026-04-06 22:48:41.688] [18013] [HailoRT] [info] [queue_elements.cpp:1131] [execute_deactivate] enqueue() in element MultiPushQEl0YOLOV8-Post-Process was aborted, got status = HAILO_SHUTDOWN_EVENT_SIGNALED(57)
[2026-04-06 22:48:41.688] [18013] [HailoRT] [info] [queue_elements.cpp:1131] [execute_deactivate] enqueue() in element MultiPushQEl0YOLOV8-Post-Process was aborted, got status = HAILO_SHUTDOWN_EVENT_SIGNALED(57)
[2026-04-06 22:48:41.688] [18013] [HailoRT] [info] [queue_elements.cpp:1131] [execute_deactivate] enqueue() in element MultiPushQEl0YOLOV8-Post-Process was aborted, got status = HAILO_SHUTDOWN_EVENT_SIGNALED(57)
[2026-04-06 22:48:41.688] [18013] [HailoRT] [info] [queue_elements.cpp:1131] [execute_deactivate] enqueue() in element MultiPushQEl0YOLOV8-Post-Process was aborted, got status = HAILO_SHUTDOWN_EVENT_SIGNALED(57)
[2026-04-06 22:48:41.688] [18013] [HailoRT] [info] [queue_elements.cpp:1131] [execute_deactivate] enqueue() in element MultiPushQEl0YOLOV8-Post-Process was aborted, got status = HAILO_SHUTDOWN_EVENT_SIGNALED(57)
[2026-04-06 22:48:41.688] [18013] [HailoRT] [info] [queue_elements.cpp:570] [execute_deactivate] enqueue() in element PushQEl3yolov8m/input_layer1 was aborted, got status = HAILO_SHUTDOWN_EVENT_SIGNALED(57)
[2026-04-06 22:48:41.688] [18013] [HailoRT] [info] [queue_elements.cpp:570] [execute_deactivate] enqueue() in element EntryPushQEl0yolov8m/input_layer1 was aborted, got status = HAILO_SHUTDOWN_EVENT_SIGNALED(57)
[2026-04-06 22:48:41.688] [18013] [HailoRT] [info] [queue_elements.cpp:46] [~BaseQueueElement] Queue element EntryPushQEl0yolov8m/input_layer1 has 0 frames in his Queue on destruction
[2026-04-06 22:48:41.688] [18013] [HailoRT] [info] [queue_elements.cpp:46] [~BaseQueueElement] Queue element PushQEl3yolov8m/input_layer1 has 0 frames in his Queue on destruction
[2026-04-06 22:49:13.438] [18378] [HailoRT] [info] [vdevice.cpp:523] [create] Creating vdevice with params: device_count: 1, scheduling_algorithm: ROUND_ROBIN, multi_process_service: false
[2026-04-06 22:49:13.449] [18378] [HailoRT] [info] [device.cpp:49] [Device] OS Version: Linux 6.12.62+rpt-rpi-2712 #1 SMP PREEMPT Debian 1:6.12.62-1+rpt1~bookworm (2026-01-19) aarch64
[2026-04-06 22:49:13.450] [18378] [HailoRT] [info] [control.cpp:108] [control__parse_identify_results] firmware_version is: 4.20.0
[2026-04-06 22:49:13.450] [18378] [HailoRT] [info] [vdevice.cpp:651] [create] VDevice Infos: 0001:01:00.0
[2026-04-06 22:49:13.471] [18378] [HailoRT] [info] [hef.cpp:1929] [get_network_group_and_network_name] No name was given. Addressing all networks of default network_group: yolov8m
[2026-04-06 22:49:13.471] [18378] [HailoRT] [info] [hef.cpp:1929] [get_network_group_and_network_name] No name was given. Addressing all networks of default network_group: yolov8m
[2026-04-06 22:49:13.482] [18378] [HailoRT] [info] [internal_buffer_manager.cpp:204] [print_execution_results] Planned internal buffer memory: CMA memory 0, user memory 3037184. memory to edge layer usage factor is 1
[2026-04-06 22:49:13.482] [18378] [HailoRT] [info] [internal_buffer_manager.cpp:212] [print_execution_results] Default Internal buffer planner executed successfully
[2026-04-06 22:49:13.522] [18378] [HailoRT] [info] [device_internal.cpp:57] [configure] Configuring HEF took 48.577327 milliseconds
[2026-04-06 22:49:13.522] [18378] [HailoRT] [info] [vdevice.cpp:749] [configure] Configuring HEF on VDevice took 48.897235 milliseconds
[2026-04-06 22:49:13.522] [18378] [HailoRT] [info] [infer_model.cpp:436] [configure] Configuring network group 'yolov8m' with params: batch size: 0, power mode: PERFORMANCE, latency: NONE
[2026-04-06 22:49:13.522] [18378] [HailoRT] [info] [multi_io_elements.cpp:756] [create] Created (AsyncHwEl)
[2026-04-06 22:49:13.522] [18378] [HailoRT] [info] [queue_elements.cpp:450] [create] Created (EntryPushQEl0yolov8m/input_layer1 | timeout: 10s)
[2026-04-06 22:49:13.522] [18378] [HailoRT] [info] [filter_elements.cpp:101] [create] Created (PreInferEl3yolov8m/input_layer1 | Reorder - src_order: RGB4, src_shape: (640, 640, 3), dst_order: NHCW, dst_shape: (640, 640, 3))
[2026-04-06 22:49:13.522] [18378] [HailoRT] [info] [queue_elements.cpp:450] [create] Created (PushQEl3yolov8m/input_layer1 | timeout: 10s)
[2026-04-06 22:49:13.522] [18378] [HailoRT] [info] [multi_io_elements.cpp:135] [create] Created (NmsPPMuxEl0YOLOV8-Post-Process | Op YOLOV8, Name: YOLOV8-Post-Process, Score threshold: 0.001, IoU threshold: 0.70, Classes: 8, Cross classes: false, NMS results order: BY_CLASS, Max bboxes per class: 100, Image height: 640, Image width: 640)
[2026-04-06 22:49:13.523] [18378] [HailoRT] [info] [queue_elements.cpp:942] [create] Created (MultiPushQEl0YOLOV8-Post-Process | timeout: 10s)
[2026-04-06 22:49:13.523] [18378] [HailoRT] [info] [edge_elements.cpp:187] [create] Created (LastAsyncEl0NmsPPMuxEl0YOLOV8-Post-Process)
[2026-04-06 22:49:13.523] [18378] [HailoRT] [info] [pipeline.cpp:891] [print_deep_description] EntryPushQEl0yolov8m/input_layer1 | inputs: user | outputs: PreInferEl3yolov8m/input_layer1(running in thread_id: 18409)
[2026-04-06 22:49:13.523] [18378] [HailoRT] [info] [pipeline.cpp:891] [print_deep_description] PreInferEl3yolov8m/input_layer1 | inputs: EntryPushQEl0yolov8m/input_layer1[0] | outputs: PushQEl3yolov8m/input_layer1
[2026-04-06 22:49:13.523] [18378] [HailoRT] [info] [pipeline.cpp:891] [print_deep_description] PushQEl3yolov8m/input_layer1 | inputs: PreInferEl3yolov8m/input_layer1[0] | outputs: AsyncHwEl(running in thread_id: 18410)
[2026-04-06 22:49:13.523] [18378] [HailoRT] [info] [pipeline.cpp:891] [print_deep_description] AsyncHwEl | inputs: PushQEl3yolov8m/input_layer1[0] | outputs: MultiPushQEl0YOLOV8-Post-Process MultiPushQEl0YOLOV8-Post-Process MultiPushQEl0YOLOV8-Post-Process MultiPushQEl0YOLOV8-Post-Process MultiPushQEl0YOLOV8-Post-Process MultiPushQEl0YOLOV8-Post-Process
[2026-04-06 22:49:13.523] [18378] [HailoRT] [info] [pipeline.cpp:891] [print_deep_description] MultiPushQEl0YOLOV8-Post-Process | inputs: AsyncHwEl[0] AsyncHwEl[1] AsyncHwEl[2] AsyncHwEl[3] AsyncHwEl[4] AsyncHwEl[5] | outputs: NmsPPMuxEl0YOLOV8-Post-Process(running in thread_id: 18411)
[2026-04-06 22:49:13.523] [18378] [HailoRT] [info] [pipeline.cpp:891] [print_deep_description] NmsPPMuxEl0YOLOV8-Post-Process | inputs: MultiPushQEl0YOLOV8-Post-Process[0] | outputs: LastAsyncEl0NmsPPMuxEl0YOLOV8-Post-Process
[2026-04-06 22:49:13.523] [18378] [HailoRT] [info] [pipeline.cpp:891] [print_deep_description] LastAsyncEl0NmsPPMuxEl0YOLOV8-Post-Process | inputs: NmsPPMuxEl0YOLOV8-Post-Process[0] | outputs: user
[2026-04-06 22:49:14.542] [18406] [HailoRT] [info] [hef.cpp:1929] [get_network_group_and_network_name] No name was given. Addressing all networks of default network_group: yolov8m
[2026-04-06 22:49:18.253] [18378] [HailoRT] [info] [async_infer_runner.cpp:86] [shutdown] Pipeline was aborted. Shutting it down
[2026-04-06 22:49:18.253] [18378] [HailoRT] [info] [queue_elements.cpp:1131] [execute_deactivate] enqueue() in element MultiPushQEl0YOLOV8-Post-Process was aborted, got status = HAILO_SHUTDOWN_EVENT_SIGNALED(57)
[2026-04-06 22:49:18.253] [18378] [HailoRT] [info] [queue_elements.cpp:1131] [execute_deactivate] enqueue() in element MultiPushQEl0YOLOV8-Post-Process was aborted, got status = HAILO_SHUTDOWN_EVENT_SIGNALED(57)
[2026-04-06 22:49:18.253] [18378] [HailoRT] [info] [queue_elements.cpp:1131] [execute_deactivate] enqueue() in element MultiPushQEl0YOLOV8-Post-Process was aborted, got status = HAILO_SHUTDOWN_EVENT_SIGNALED(57)
[2026-04-06 22:49:18.253] [18378] [HailoRT] [info] [queue_elements.cpp:1131] [execute_deactivate] enqueue() in element MultiPushQEl0YOLOV8-Post-Process was aborted, got status = HAILO_SHUTDOWN_EVENT_SIGNALED(57)
[2026-04-06 22:49:18.253] [18378] [HailoRT] [info] [queue_elements.cpp:1131] [execute_deactivate] enqueue() in element MultiPushQEl0YOLOV8-Post-Process was aborted, got status = HAILO_SHUTDOWN_EVENT_SIGNALED(57)
[2026-04-06 22:49:18.253] [18378] [HailoRT] [info] [queue_elements.cpp:1131] [execute_deactivate] enqueue() in element MultiPushQEl0YOLOV8-Post-Process was aborted, got status = HAILO_SHUTDOWN_EVENT_SIGNALED(57)
[2026-04-06 22:49:18.253] [18378] [HailoRT] [info] [queue_elements.cpp:570] [execute_deactivate] enqueue() in element PushQEl3yolov8m/input_layer1 was aborted, got status = HAILO_SHUTDOWN_EVENT_SIGNALED(57)
[2026-04-06 22:49:18.253] [18378] [HailoRT] [info] [queue_elements.cpp:570] [execute_deactivate] enqueue() in element EntryPushQEl0yolov8m/input_layer1 was aborted, got status = HAILO_SHUTDOWN_EVENT_SIGNALED(57)
[2026-04-06 22:49:18.253] [18378] [HailoRT] [info] [queue_elements.cpp:46] [~BaseQueueElement] Queue element EntryPushQEl0yolov8m/input_layer1 has 0 frames in his Queue on destruction
[2026-04-06 22:49:18.253] [18378] [HailoRT] [info] [queue_elements.cpp:46] [~BaseQueueElement] Queue element PushQEl3yolov8m/input_layer1 has 0 frames in his Queue on destruction
[2026-04-06 22:55:26.935] [20272] [HailoRT] [info] [vdevice.cpp:523] [create] Creating vdevice with params: device_count: 1, scheduling_algorithm: ROUND_ROBIN, multi_process_service: false
[2026-04-06 22:55:26.947] [20272] [HailoRT] [info] [device.cpp:49] [Device] OS Version: Linux 6.12.62+rpt-rpi-2712 #1 SMP PREEMPT Debian 1:6.12.62-1+rpt1~bookworm (2026-01-19) aarch64
[2026-04-06 22:55:26.948] [20272] [HailoRT] [info] [control.cpp:108] [control__parse_identify_results] firmware_version is: 4.20.0
[2026-04-06 22:55:26.948] [20272] [HailoRT] [info] [vdevice.cpp:651] [create] VDevice Infos: 0001:01:00.0
[2026-04-06 22:55:26.968] [20272] [HailoRT] [info] [hef.cpp:1929] [get_network_group_and_network_name] No name was given. Addressing all networks of default network_group: yolov8m
[2026-04-06 22:55:26.968] [20272] [HailoRT] [info] [hef.cpp:1929] [get_network_group_and_network_name] No name was given. Addressing all networks of default network_group: yolov8m
[2026-04-06 22:55:26.977] [20272] [HailoRT] [info] [internal_buffer_manager.cpp:204] [print_execution_results] Planned internal buffer memory: CMA memory 0, user memory 3037184. memory to edge layer usage factor is 1
[2026-04-06 22:55:26.977] [20272] [HailoRT] [info] [internal_buffer_manager.cpp:212] [print_execution_results] Default Internal buffer planner executed successfully
[2026-04-06 22:55:27.019] [20272] [HailoRT] [info] [device_internal.cpp:57] [configure] Configuring HEF took 47.875359 milliseconds
[2026-04-06 22:55:27.019] [20272] [HailoRT] [info] [vdevice.cpp:749] [configure] Configuring HEF on VDevice took 48.19612 milliseconds
[2026-04-06 22:55:27.019] [20272] [HailoRT] [info] [infer_model.cpp:436] [configure] Configuring network group 'yolov8m' with params: batch size: 0, power mode: PERFORMANCE, latency: NONE
[2026-04-06 22:55:27.019] [20272] [HailoRT] [info] [multi_io_elements.cpp:756] [create] Created (AsyncHwEl)
[2026-04-06 22:55:27.019] [20272] [HailoRT] [info] [queue_elements.cpp:450] [create] Created (EntryPushQEl0yolov8m/input_layer1 | timeout: 10s)
[2026-04-06 22:55:27.019] [20272] [HailoRT] [info] [filter_elements.cpp:101] [create] Created (PreInferEl3yolov8m/input_layer1 | Reorder - src_order: RGB4, src_shape: (640, 640, 3), dst_order: NHCW, dst_shape: (640, 640, 3))
[2026-04-06 22:55:27.019] [20272] [HailoRT] [info] [queue_elements.cpp:450] [create] Created (PushQEl3yolov8m/input_layer1 | timeout: 10s)
[2026-04-06 22:55:27.019] [20272] [HailoRT] [info] [multi_io_elements.cpp:135] [create] Created (NmsPPMuxEl0YOLOV8-Post-Process | Op YOLOV8, Name: YOLOV8-Post-Process, Score threshold: 0.001, IoU threshold: 0.70, Classes: 8, Cross classes: false, NMS results order: BY_CLASS, Max bboxes per class: 100, Image height: 640, Image width: 640)
[2026-04-06 22:55:27.019] [20272] [HailoRT] [info] [queue_elements.cpp:942] [create] Created (MultiPushQEl0YOLOV8-Post-Process | timeout: 10s)
[2026-04-06 22:55:27.019] [20272] [HailoRT] [info] [edge_elements.cpp:187] [create] Created (LastAsyncEl0NmsPPMuxEl0YOLOV8-Post-Process)
[2026-04-06 22:55:27.019] [20272] [HailoRT] [info] [pipeline.cpp:891] [print_deep_description] EntryPushQEl0yolov8m/input_layer1 | inputs: user | outputs: PreInferEl3yolov8m/input_layer1(running in thread_id: 20295)
[2026-04-06 22:55:27.019] [20272] [HailoRT] [info] [pipeline.cpp:891] [print_deep_description] PreInferEl3yolov8m/input_layer1 | inputs: EntryPushQEl0yolov8m/input_layer1[0] | outputs: PushQEl3yolov8m/input_layer1
[2026-04-06 22:55:27.019] [20272] [HailoRT] [info] [pipeline.cpp:891] [print_deep_description] PushQEl3yolov8m/input_layer1 | inputs: PreInferEl3yolov8m/input_layer1[0] | outputs: AsyncHwEl(running in thread_id: 20296)
[2026-04-06 22:55:27.019] [20272] [HailoRT] [info] [pipeline.cpp:891] [print_deep_description] AsyncHwEl | inputs: PushQEl3yolov8m/input_layer1[0] | outputs: MultiPushQEl0YOLOV8-Post-Process MultiPushQEl0YOLOV8-Post-Process MultiPushQEl0YOLOV8-Post-Process MultiPushQEl0YOLOV8-Post-Process MultiPushQEl0YOLOV8-Post-Process MultiPushQEl0YOLOV8-Post-Process
[2026-04-06 22:55:27.020] [20272] [HailoRT] [info] [pipeline.cpp:891] [print_deep_description] MultiPushQEl0YOLOV8-Post-Process | inputs: AsyncHwEl[0] AsyncHwEl[1] AsyncHwEl[2] AsyncHwEl[3] AsyncHwEl[4] AsyncHwEl[5] | outputs: NmsPPMuxEl0YOLOV8-Post-Process(running in thread_id: 20297)
[2026-04-06 22:55:27.020] [20272] [HailoRT] [info] [pipeline.cpp:891] [print_deep_description] NmsPPMuxEl0YOLOV8-Post-Process | inputs: MultiPushQEl0YOLOV8-Post-Process[0] | outputs: LastAsyncEl0NmsPPMuxEl0YOLOV8-Post-Process
[2026-04-06 22:55:27.020] [20272] [HailoRT] [info] [pipeline.cpp:891] [print_deep_description] LastAsyncEl0NmsPPMuxEl0YOLOV8-Post-Process | inputs: NmsPPMuxEl0YOLOV8-Post-Process[0] | outputs: user
[2026-04-06 22:55:28.039] [20292] [HailoRT] [info] [hef.cpp:1929] [get_network_group_and_network_name] No name was given. Addressing all networks of default network_group: yolov8m
[2026-04-06 22:55:30.856] [20272] [HailoRT] [info] [async_infer_runner.cpp:86] [shutdown] Pipeline was aborted. Shutting it down
[2026-04-06 22:55:30.858] [20272] [HailoRT] [info] [queue_elements.cpp:1131] [execute_deactivate] enqueue() in element MultiPushQEl0YOLOV8-Post-Process was aborted, got status = HAILO_SHUTDOWN_EVENT_SIGNALED(57)
[2026-04-06 22:55:30.858] [20272] [HailoRT] [info] [queue_elements.cpp:1131] [execute_deactivate] enqueue() in element MultiPushQEl0YOLOV8-Post-Process was aborted, got status = HAILO_SHUTDOWN_EVENT_SIGNALED(57)
[2026-04-06 22:55:30.858] [20272] [HailoRT] [info] [queue_elements.cpp:1131] [execute_deactivate] enqueue() in element MultiPushQEl0YOLOV8-Post-Process was aborted, got status = HAILO_SHUTDOWN_EVENT_SIGNALED(57)
[2026-04-06 22:55:30.858] [20272] [HailoRT] [info] [queue_elements.cpp:1131] [execute_deactivate] enqueue() in element MultiPushQEl0YOLOV8-Post-Process was aborted, got status = HAILO_SHUTDOWN_EVENT_SIGNALED(57)
[2026-04-06 22:55:30.858] [20272] [HailoRT] [info] [queue_elements.cpp:1131] [execute_deactivate] enqueue() in element MultiPushQEl0YOLOV8-Post-Process was aborted, got status = HAILO_SHUTDOWN_EVENT_SIGNALED(57)
[2026-04-06 22:55:30.858] [20272] [HailoRT] [info] [queue_elements.cpp:1131] [execute_deactivate] enqueue() in element MultiPushQEl0YOLOV8-Post-Process was aborted, got status = HAILO_SHUTDOWN_EVENT_SIGNALED(57)
[2026-04-06 22:55:30.858] [20272] [HailoRT] [info] [queue_elements.cpp:570] [execute_deactivate] enqueue() in element PushQEl3yolov8m/input_layer1 was aborted, got status = HAILO_SHUTDOWN_EVENT_SIGNALED(57)
[2026-04-06 22:55:30.858] [20272] [HailoRT] [info] [queue_elements.cpp:570] [execute_deactivate] enqueue() in element EntryPushQEl0yolov8m/input_layer1 was aborted, got status = HAILO_SHUTDOWN_EVENT_SIGNALED(57)
[2026-04-06 22:55:30.858] [20272] [HailoRT] [info] [queue_elements.cpp:46] [~BaseQueueElement] Queue element EntryPushQEl0yolov8m/input_layer1 has 0 frames in his Queue on destruction
[2026-04-06 22:55:30.858] [20272] [HailoRT] [info] [queue_elements.cpp:46] [~BaseQueueElement] Queue element PushQEl3yolov8m/input_layer1 has 0 frames in his Queue on destruction
[2026-04-06 22:57:19.831] [20967] [HailoRT] [info] [vdevice.cpp:523] [create] Creating vdevice with params: device_count: 1, scheduling_algorithm: ROUND_ROBIN, multi_process_service: false
[2026-04-06 22:57:19.843] [20967] [HailoRT] [info] [device.cpp:49] [Device] OS Version: Linux 6.12.62+rpt-rpi-2712 #1 SMP PREEMPT Debian 1:6.12.62-1+rpt1~bookworm (2026-01-19) aarch64
[2026-04-06 22:57:19.844] [20967] [HailoRT] [info] [control.cpp:108] [control__parse_identify_results] firmware_version is: 4.20.0
[2026-04-06 22:57:19.844] [20967] [HailoRT] [info] [vdevice.cpp:651] [create] VDevice Infos: 0001:01:00.0
[2026-04-06 22:57:19.865] [20967] [HailoRT] [info] [hef.cpp:1929] [get_network_group_and_network_name] No name was given. Addressing all networks of default network_group: yolov8m
[2026-04-06 22:57:19.865] [20967] [HailoRT] [info] [hef.cpp:1929] [get_network_group_and_network_name] No name was given. Addressing all networks of default network_group: yolov8m
[2026-04-06 22:57:19.873] [20967] [HailoRT] [info] [internal_buffer_manager.cpp:204] [print_execution_results] Planned internal buffer memory: CMA memory 0, user memory 3037184. memory to edge layer usage factor is 1
[2026-04-06 22:57:19.873] [20967] [HailoRT] [info] [internal_buffer_manager.cpp:212] [print_execution_results] Default Internal buffer planner executed successfully
[2026-04-06 22:57:19.915] [20967] [HailoRT] [info] [device_internal.cpp:57] [configure] Configuring HEF took 47.217003 milliseconds
[2026-04-06 22:57:19.915] [20967] [HailoRT] [info] [vdevice.cpp:749] [configure] Configuring HEF on VDevice took 47.526783 milliseconds
[2026-04-06 22:57:19.915] [20967] [HailoRT] [info] [infer_model.cpp:436] [configure] Configuring network group 'yolov8m' with params: batch size: 0, power mode: PERFORMANCE, latency: NONE
[2026-04-06 22:57:19.915] [20967] [HailoRT] [info] [multi_io_elements.cpp:756] [create] Created (AsyncHwEl)
[2026-04-06 22:57:19.915] [20967] [HailoRT] [info] [queue_elements.cpp:450] [create] Created (EntryPushQEl0yolov8m/input_layer1 | timeout: 10s)
[2026-04-06 22:57:19.915] [20967] [HailoRT] [info] [filter_elements.cpp:101] [create] Created (PreInferEl3yolov8m/input_layer1 | Reorder - src_order: RGB4, src_shape: (640, 640, 3), dst_order: NHCW, dst_shape: (640, 640, 3))
[2026-04-06 22:57:19.915] [20967] [HailoRT] [info] [queue_elements.cpp:450] [create] Created (PushQEl3yolov8m/input_layer1 | timeout: 10s)
[2026-04-06 22:57:19.915] [20967] [HailoRT] [info] [multi_io_elements.cpp:135] [create] Created (NmsPPMuxEl0YOLOV8-Post-Process | Op YOLOV8, Name: YOLOV8-Post-Process, Score threshold: 0.001, IoU threshold: 0.70, Classes: 8, Cross classes: false, NMS results order: BY_CLASS, Max bboxes per class: 100, Image height: 640, Image width: 640)
[2026-04-06 22:57:19.915] [20967] [HailoRT] [info] [queue_elements.cpp:942] [create] Created (MultiPushQEl0YOLOV8-Post-Process | timeout: 10s)
[2026-04-06 22:57:19.915] [20967] [HailoRT] [info] [edge_elements.cpp:187] [create] Created (LastAsyncEl0NmsPPMuxEl0YOLOV8-Post-Process)
[2026-04-06 22:57:19.915] [20967] [HailoRT] [info] [pipeline.cpp:891] [print_deep_description] EntryPushQEl0yolov8m/input_layer1 | inputs: user | outputs: PreInferEl3yolov8m/input_layer1(running in thread_id: 20990)
[2026-04-06 22:57:19.915] [20967] [HailoRT] [info] [pipeline.cpp:891] [print_deep_description] PreInferEl3yolov8m/input_layer1 | inputs: EntryPushQEl0yolov8m/input_layer1[0] | outputs: PushQEl3yolov8m/input_layer1
[2026-04-06 22:57:19.915] [20967] [HailoRT] [info] [pipeline.cpp:891] [print_deep_description] PushQEl3yolov8m/input_layer1 | inputs: PreInferEl3yolov8m/input_layer1[0] | outputs: AsyncHwEl(running in thread_id: 20991)
[2026-04-06 22:57:19.915] [20967] [HailoRT] [info] [pipeline.cpp:891] [print_deep_description] AsyncHwEl | inputs: PushQEl3yolov8m/input_layer1[0] | outputs: MultiPushQEl0YOLOV8-Post-Process MultiPushQEl0YOLOV8-Post-Process MultiPushQEl0YOLOV8-Post-Process MultiPushQEl0YOLOV8-Post-Process MultiPushQEl0YOLOV8-Post-Process MultiPushQEl0YOLOV8-Post-Process
[2026-04-06 22:57:19.915] [20967] [HailoRT] [info] [pipeline.cpp:891] [print_deep_description] MultiPushQEl0YOLOV8-Post-Process | inputs: AsyncHwEl[0] AsyncHwEl[1] AsyncHwEl[2] AsyncHwEl[3] AsyncHwEl[4] AsyncHwEl[5] | outputs: NmsPPMuxEl0YOLOV8-Post-Process(running in thread_id: 20992)
[2026-04-06 22:57:19.915] [20967] [HailoRT] [info] [pipeline.cpp:891] [print_deep_description] NmsPPMuxEl0YOLOV8-Post-Process | inputs: MultiPushQEl0YOLOV8-Post-Process[0] | outputs: LastAsyncEl0NmsPPMuxEl0YOLOV8-Post-Process
[2026-04-06 22:57:19.915] [20967] [HailoRT] [info] [pipeline.cpp:891] [print_deep_description] LastAsyncEl0NmsPPMuxEl0YOLOV8-Post-Process | inputs: NmsPPMuxEl0YOLOV8-Post-Process[0] | outputs: user
[2026-04-06 22:57:20.930] [20987] [HailoRT] [info] [hef.cpp:1929] [get_network_group_and_network_name] No name was given. Addressing all networks of default network_group: yolov8m
[2026-04-06 22:57:24.742] [20967] [HailoRT] [info] [async_infer_runner.cpp:86] [shutdown] Pipeline was aborted. Shutting it down
[2026-04-06 22:57:24.743] [20967] [HailoRT] [info] [queue_elements.cpp:1131] [execute_deactivate] enqueue() in element MultiPushQEl0YOLOV8-Post-Process was aborted, got status = HAILO_SHUTDOWN_EVENT_SIGNALED(57)
[2026-04-06 22:57:24.743] [20967] [HailoRT] [info] [queue_elements.cpp:1131] [execute_deactivate] enqueue() in element MultiPushQEl0YOLOV8-Post-Process was aborted, got status = HAILO_SHUTDOWN_EVENT_SIGNALED(57)
[2026-04-06 22:57:24.743] [20967] [HailoRT] [info] [queue_elements.cpp:1131] [execute_deactivate] enqueue() in element MultiPushQEl0YOLOV8-Post-Process was aborted, got status = HAILO_SHUTDOWN_EVENT_SIGNALED(57)
[2026-04-06 22:57:24.743] [20967] [HailoRT] [info] [queue_elements.cpp:1131] [execute_deactivate] enqueue() in element MultiPushQEl0YOLOV8-Post-Process was aborted, got status = HAILO_SHUTDOWN_EVENT_SIGNALED(57)
[2026-04-06 22:57:24.743] [20967] [HailoRT] [info] [queue_elements.cpp:1131] [execute_deactivate] enqueue() in element MultiPushQEl0YOLOV8-Post-Process was aborted, got status = HAILO_SHUTDOWN_EVENT_SIGNALED(57)
[2026-04-06 22:57:24.743] [20967] [HailoRT] [info] [queue_elements.cpp:1131] [execute_deactivate] enqueue() in element MultiPushQEl0YOLOV8-Post-Process was aborted, got status = HAILO_SHUTDOWN_EVENT_SIGNALED(57)
[2026-04-06 22:57:24.743] [20967] [HailoRT] [info] [queue_elements.cpp:570] [execute_deactivate] enqueue() in element PushQEl3yolov8m/input_layer1 was aborted, got status = HAILO_SHUTDOWN_EVENT_SIGNALED(57)
[2026-04-06 22:57:24.743] [20967] [HailoRT] [info] [queue_elements.cpp:570] [execute_deactivate] enqueue() in element EntryPushQEl0yolov8m/input_layer1 was aborted, got status = HAILO_SHUTDOWN_EVENT_SIGNALED(57)
[2026-04-06 22:57:24.743] [20967] [HailoRT] [info] [queue_elements.cpp:46] [~BaseQueueElement] Queue element EntryPushQEl0yolov8m/input_layer1 has 0 frames in his Queue on destruction
[2026-04-06 22:57:24.743] [20967] [HailoRT] [info] [queue_elements.cpp:46] [~BaseQueueElement] Queue element PushQEl3yolov8m/input_layer1 has 0 frames in his Queue on destruction
[2026-04-06 23:15:01.233] [25916] [HailoRT] [info] [vdevice.cpp:523] [create] Creating vdevice with params: device_count: 1, scheduling_algorithm: ROUND_ROBIN, multi_process_service: false
[2026-04-06 23:15:01.245] [25916] [HailoRT] [info] [device.cpp:49] [Device] OS Version: Linux 6.12.62+rpt-rpi-2712 #1 SMP PREEMPT Debian 1:6.12.62-1+rpt1~bookworm (2026-01-19) aarch64
[2026-04-06 23:15:01.247] [25916] [HailoRT] [info] [control.cpp:108] [control__parse_identify_results] firmware_version is: 4.20.0
[2026-04-06 23:15:01.247] [25916] [HailoRT] [info] [vdevice.cpp:651] [create] VDevice Infos: 0001:01:00.0
[2026-04-06 23:15:01.271] [25916] [HailoRT] [info] [hef.cpp:1929] [get_network_group_and_network_name] No name was given. Addressing all networks of default network_group: yolov8m
[2026-04-06 23:15:01.271] [25916] [HailoRT] [info] [hef.cpp:1929] [get_network_group_and_network_name] No name was given. Addressing all networks of default network_group: yolov8m
[2026-04-06 23:15:01.280] [25916] [HailoRT] [info] [internal_buffer_manager.cpp:204] [print_execution_results] Planned internal buffer memory: CMA memory 0, user memory 3037184. memory to edge layer usage factor is 1
[2026-04-06 23:15:01.280] [25916] [HailoRT] [info] [internal_buffer_manager.cpp:212] [print_execution_results] Default Internal buffer planner executed successfully
[2026-04-06 23:15:01.324] [25916] [HailoRT] [info] [device_internal.cpp:57] [configure] Configuring HEF took 50.540034 milliseconds
[2026-04-06 23:15:01.324] [25916] [HailoRT] [info] [vdevice.cpp:749] [configure] Configuring HEF on VDevice took 50.846924 milliseconds
[2026-04-06 23:15:01.324] [25916] [HailoRT] [info] [infer_model.cpp:436] [configure] Configuring network group 'yolov8m' with params: batch size: 0, power mode: PERFORMANCE, latency: NONE
[2026-04-06 23:15:01.324] [25916] [HailoRT] [info] [multi_io_elements.cpp:756] [create] Created (AsyncHwEl)
[2026-04-06 23:15:01.324] [25916] [HailoRT] [info] [queue_elements.cpp:450] [create] Created (EntryPushQEl0yolov8m/input_layer1 | timeout: 10s)
[2026-04-06 23:15:01.325] [25916] [HailoRT] [info] [filter_elements.cpp:101] [create] Created (PreInferEl3yolov8m/input_layer1 | Reorder - src_order: RGB4, src_shape: (640, 640, 3), dst_order: NHCW, dst_shape: (640, 640, 3))
[2026-04-06 23:15:01.325] [25916] [HailoRT] [info] [queue_elements.cpp:450] [create] Created (PushQEl3yolov8m/input_layer1 | timeout: 10s)
[2026-04-06 23:15:01.325] [25916] [HailoRT] [info] [multi_io_elements.cpp:135] [create] Created (NmsPPMuxEl0YOLOV8-Post-Process | Op YOLOV8, Name: YOLOV8-Post-Process, Score threshold: 0.001, IoU threshold: 0.70, Classes: 8, Cross classes: false, NMS results order: BY_CLASS, Max bboxes per class: 100, Image height: 640, Image width: 640)
[2026-04-06 23:15:01.325] [25916] [HailoRT] [info] [queue_elements.cpp:942] [create] Created (MultiPushQEl0YOLOV8-Post-Process | timeout: 10s)
[2026-04-06 23:15:01.325] [25916] [HailoRT] [info] [edge_elements.cpp:187] [create] Created (LastAsyncEl0NmsPPMuxEl0YOLOV8-Post-Process)
[2026-04-06 23:15:01.325] [25916] [HailoRT] [info] [pipeline.cpp:891] [print_deep_description] EntryPushQEl0yolov8m/input_layer1 | inputs: user | outputs: PreInferEl3yolov8m/input_layer1(running in thread_id: 25940)
[2026-04-06 23:15:01.325] [25916] [HailoRT] [info] [pipeline.cpp:891] [print_deep_description] PreInferEl3yolov8m/input_layer1 | inputs: EntryPushQEl0yolov8m/input_layer1[0] | outputs: PushQEl3yolov8m/input_layer1
[2026-04-06 23:15:01.325] [25916] [HailoRT] [info] [pipeline.cpp:891] [print_deep_description] PushQEl3yolov8m/input_layer1 | inputs: PreInferEl3yolov8m/input_layer1[0] | outputs: AsyncHwEl(running in thread_id: 25941)
[2026-04-06 23:15:01.325] [25916] [HailoRT] [info] [pipeline.cpp:891] [print_deep_description] AsyncHwEl | inputs: PushQEl3yolov8m/input_layer1[0] | outputs: MultiPushQEl0YOLOV8-Post-Process MultiPushQEl0YOLOV8-Post-Process MultiPushQEl0YOLOV8-Post-Process MultiPushQEl0YOLOV8-Post-Process MultiPushQEl0YOLOV8-Post-Process MultiPushQEl0YOLOV8-Post-Process
[2026-04-06 23:15:01.325] [25916] [HailoRT] [info] [pipeline.cpp:891] [print_deep_description] MultiPushQEl0YOLOV8-Post-Process | inputs: AsyncHwEl[0] AsyncHwEl[1] AsyncHwEl[2] AsyncHwEl[3] AsyncHwEl[4] AsyncHwEl[5] | outputs: NmsPPMuxEl0YOLOV8-Post-Process(running in thread_id: 25942)
[2026-04-06 23:15:01.325] [25916] [HailoRT] [info] [pipeline.cpp:891] [print_deep_description] NmsPPMuxEl0YOLOV8-Post-Process | inputs: MultiPushQEl0YOLOV8-Post-Process[0] | outputs: LastAsyncEl0NmsPPMuxEl0YOLOV8-Post-Process
[2026-04-06 23:15:01.325] [25916] [HailoRT] [info] [pipeline.cpp:891] [print_deep_description] LastAsyncEl0NmsPPMuxEl0YOLOV8-Post-Process | inputs: NmsPPMuxEl0YOLOV8-Post-Process[0] | outputs: user
[2026-04-06 23:15:02.296] [25937] [HailoRT] [info] [hef.cpp:1929] [get_network_group_and_network_name] No name was given. Addressing all networks of default network_group: yolov8m
[2026-04-06 23:15:19.384] [25916] [HailoRT] [info] [async_infer_runner.cpp:86] [shutdown] Pipeline was aborted. Shutting it down
[2026-04-06 23:15:19.386] [25916] [HailoRT] [info] [queue_elements.cpp:1131] [execute_deactivate] enqueue() in element MultiPushQEl0YOLOV8-Post-Process was aborted, got status = HAILO_SHUTDOWN_EVENT_SIGNALED(57)
[2026-04-06 23:15:19.386] [25916] [HailoRT] [info] [queue_elements.cpp:1131] [execute_deactivate] enqueue() in element MultiPushQEl0YOLOV8-Post-Process was aborted, got status = HAILO_SHUTDOWN_EVENT_SIGNALED(57)
[2026-04-06 23:15:19.386] [25916] [HailoRT] [info] [queue_elements.cpp:1131] [execute_deactivate] enqueue() in element MultiPushQEl0YOLOV8-Post-Process was aborted, got status = HAILO_SHUTDOWN_EVENT_SIGNALED(57)
[2026-04-06 23:15:19.386] [25916] [HailoRT] [info] [queue_elements.cpp:1131] [execute_deactivate] enqueue() in element MultiPushQEl0YOLOV8-Post-Process was aborted, got status = HAILO_SHUTDOWN_EVENT_SIGNALED(57)
[2026-04-06 23:15:19.386] [25916] [HailoRT] [info] [queue_elements.cpp:1131] [execute_deactivate] enqueue() in element MultiPushQEl0YOLOV8-Post-Process was aborted, got status = HAILO_SHUTDOWN_EVENT_SIGNALED(57)
[2026-04-06 23:15:19.386] [25916] [HailoRT] [info] [queue_elements.cpp:1131] [execute_deactivate] enqueue() in element MultiPushQEl0YOLOV8-Post-Process was aborted, got status = HAILO_SHUTDOWN_EVENT_SIGNALED(57)
[2026-04-06 23:15:19.386] [25916] [HailoRT] [info] [queue_elements.cpp:570] [execute_deactivate] enqueue() in element PushQEl3yolov8m/input_layer1 was aborted, got status = HAILO_SHUTDOWN_EVENT_SIGNALED(57)
[2026-04-06 23:15:19.386] [25916] [HailoRT] [info] [queue_elements.cpp:570] [execute_deactivate] enqueue() in element EntryPushQEl0yolov8m/input_layer1 was aborted, got status = HAILO_SHUTDOWN_EVENT_SIGNALED(57)
[2026-04-06 23:15:19.386] [25916] [HailoRT] [info] [queue_elements.cpp:46] [~BaseQueueElement] Queue element EntryPushQEl0yolov8m/input_layer1 has 0 frames in his Queue on destruction
[2026-04-06 23:15:19.386] [25916] [HailoRT] [info] [queue_elements.cpp:46] [~BaseQueueElement] Queue element PushQEl3yolov8m/input_layer1 has 0 frames in his Queue on destruction
[2026-04-06 23:24:11.638] [28495] [HailoRT] [info] [vdevice.cpp:523] [create] Creating vdevice with params: device_count: 1, scheduling_algorithm: ROUND_ROBIN, multi_process_service: false
[2026-04-06 23:24:11.649] [28495] [HailoRT] [info] [device.cpp:49] [Device] OS Version: Linux 6.12.62+rpt-rpi-2712 #1 SMP PREEMPT Debian 1:6.12.62-1+rpt1~bookworm (2026-01-19) aarch64
[2026-04-06 23:24:11.650] [28495] [HailoRT] [info] [control.cpp:108] [control__parse_identify_results] firmware_version is: 4.20.0
[2026-04-06 23:24:11.650] [28495] [HailoRT] [info] [vdevice.cpp:651] [create] VDevice Infos: 0001:01:00.0
[2026-04-06 23:24:11.674] [28495] [HailoRT] [info] [hef.cpp:1929] [get_network_group_and_network_name] No name was given. Addressing all networks of default network_group: yolov8m
[2026-04-06 23:24:11.675] [28495] [HailoRT] [info] [hef.cpp:1929] [get_network_group_and_network_name] No name was given. Addressing all networks of default network_group: yolov8m
[2026-04-06 23:24:11.686] [28495] [HailoRT] [info] [internal_buffer_manager.cpp:204] [print_execution_results] Planned internal buffer memory: CMA memory 0, user memory 3037184. memory to edge layer usage factor is 1
[2026-04-06 23:24:11.686] [28495] [HailoRT] [info] [internal_buffer_manager.cpp:212] [print_execution_results] Default Internal buffer planner executed successfully
[2026-04-06 23:24:11.722] [28495] [HailoRT] [info] [device_internal.cpp:57] [configure] Configuring HEF took 43.66209 milliseconds
[2026-04-06 23:24:11.722] [28495] [HailoRT] [info] [vdevice.cpp:749] [configure] Configuring HEF on VDevice took 43.97022 milliseconds
[2026-04-06 23:24:11.722] [28495] [HailoRT] [info] [infer_model.cpp:436] [configure] Configuring network group 'yolov8m' with params: batch size: 0, power mode: PERFORMANCE, latency: NONE
[2026-04-06 23:24:11.722] [28495] [HailoRT] [info] [multi_io_elements.cpp:756] [create] Created (AsyncHwEl)
[2026-04-06 23:24:11.722] [28495] [HailoRT] [info] [queue_elements.cpp:450] [create] Created (EntryPushQEl0yolov8m/input_layer1 | timeout: 10s)
[2026-04-06 23:24:11.722] [28495] [HailoRT] [info] [filter_elements.cpp:101] [create] Created (PreInferEl3yolov8m/input_layer1 | Reorder - src_order: RGB4, src_shape: (640, 640, 3), dst_order: NHCW, dst_shape: (640, 640, 3))
[2026-04-06 23:24:11.722] [28495] [HailoRT] [info] [queue_elements.cpp:450] [create] Created (PushQEl3yolov8m/input_layer1 | timeout: 10s)
[2026-04-06 23:24:11.722] [28495] [HailoRT] [info] [multi_io_elements.cpp:135] [create] Created (NmsPPMuxEl0YOLOV8-Post-Process | Op YOLOV8, Name: YOLOV8-Post-Process, Score threshold: 0.001, IoU threshold: 0.70, Classes: 8, Cross classes: false, NMS results order: BY_CLASS, Max bboxes per class: 100, Image height: 640, Image width: 640)
[2026-04-06 23:24:11.722] [28495] [HailoRT] [info] [queue_elements.cpp:942] [create] Created (MultiPushQEl0YOLOV8-Post-Process | timeout: 10s)
[2026-04-06 23:24:11.722] [28495] [HailoRT] [info] [edge_elements.cpp:187] [create] Created (LastAsyncEl0NmsPPMuxEl0YOLOV8-Post-Process)
[2026-04-06 23:24:11.722] [28495] [HailoRT] [info] [pipeline.cpp:891] [print_deep_description] EntryPushQEl0yolov8m/input_layer1 | inputs: user | outputs: PreInferEl3yolov8m/input_layer1(running in thread_id: 28518)
[2026-04-06 23:24:11.722] [28495] [HailoRT] [info] [pipeline.cpp:891] [print_deep_description] PreInferEl3yolov8m/input_layer1 | inputs: EntryPushQEl0yolov8m/input_layer1[0] | outputs: PushQEl3yolov8m/input_layer1
[2026-04-06 23:24:11.722] [28495] [HailoRT] [info] [pipeline.cpp:891] [print_deep_description] PushQEl3yolov8m/input_layer1 | inputs: PreInferEl3yolov8m/input_layer1[0] | outputs: AsyncHwEl(running in thread_id: 28519)
[2026-04-06 23:24:11.722] [28495] [HailoRT] [info] [pipeline.cpp:891] [print_deep_description] AsyncHwEl | inputs: PushQEl3yolov8m/input_layer1[0] | outputs: MultiPushQEl0YOLOV8-Post-Process MultiPushQEl0YOLOV8-Post-Process MultiPushQEl0YOLOV8-Post-Process MultiPushQEl0YOLOV8-Post-Process MultiPushQEl0YOLOV8-Post-Process MultiPushQEl0YOLOV8-Post-Process
[2026-04-06 23:24:11.722] [28495] [HailoRT] [info] [pipeline.cpp:891] [print_deep_description] MultiPushQEl0YOLOV8-Post-Process | inputs: AsyncHwEl[0] AsyncHwEl[1] AsyncHwEl[2] AsyncHwEl[3] AsyncHwEl[4] AsyncHwEl[5] | outputs: NmsPPMuxEl0YOLOV8-Post-Process(running in thread_id: 28520)
[2026-04-06 23:24:11.722] [28495] [HailoRT] [info] [pipeline.cpp:891] [print_deep_description] NmsPPMuxEl0YOLOV8-Post-Process | inputs: MultiPushQEl0YOLOV8-Post-Process[0] | outputs: LastAsyncEl0NmsPPMuxEl0YOLOV8-Post-Process
[2026-04-06 23:24:11.722] [28495] [HailoRT] [info] [pipeline.cpp:891] [print_deep_description] LastAsyncEl0NmsPPMuxEl0YOLOV8-Post-Process | inputs: NmsPPMuxEl0YOLOV8-Post-Process[0] | outputs: user
[2026-04-06 23:24:12.729] [28515] [HailoRT] [info] [hef.cpp:1929] [get_network_group_and_network_name] No name was given. Addressing all networks of default network_group: yolov8m
[2026-04-06 23:24:18.598] [28495] [HailoRT] [info] [async_infer_runner.cpp:86] [shutdown] Pipeline was aborted. Shutting it down
[2026-04-06 23:24:18.599] [28513] [HailoRT] [info] [network_group.cpp:857] [operator()] Infer request was aborted by user
[2026-04-06 23:24:18.601] [28495] [HailoRT] [info] [queue_elements.cpp:1131] [execute_deactivate] enqueue() in element MultiPushQEl0YOLOV8-Post-Process was aborted, got status = HAILO_SHUTDOWN_EVENT_SIGNALED(57)
[2026-04-06 23:24:18.601] [28495] [HailoRT] [info] [queue_elements.cpp:1131] [execute_deactivate] enqueue() in element MultiPushQEl0YOLOV8-Post-Process was aborted, got status = HAILO_SHUTDOWN_EVENT_SIGNALED(57)
[2026-04-06 23:24:18.601] [28495] [HailoRT] [info] [queue_elements.cpp:1131] [execute_deactivate] enqueue() in element MultiPushQEl0YOLOV8-Post-Process was aborted, got status = HAILO_SHUTDOWN_EVENT_SIGNALED(57)
[2026-04-06 23:24:18.601] [28495] [HailoRT] [info] [queue_elements.cpp:1131] [execute_deactivate] enqueue() in element MultiPushQEl0YOLOV8-Post-Process was aborted, got status = HAILO_SHUTDOWN_EVENT_SIGNALED(57)
[2026-04-06 23:24:18.601] [28495] [HailoRT] [info] [queue_elements.cpp:1131] [execute_deactivate] enqueue() in element MultiPushQEl0YOLOV8-Post-Process was aborted, got status = HAILO_SHUTDOWN_EVENT_SIGNALED(57)
[2026-04-06 23:24:18.601] [28495] [HailoRT] [info] [queue_elements.cpp:1131] [execute_deactivate] enqueue() in element MultiPushQEl0YOLOV8-Post-Process was aborted, got status = HAILO_SHUTDOWN_EVENT_SIGNALED(57)
[2026-04-06 23:24:18.601] [28495] [HailoRT] [info] [queue_elements.cpp:570] [execute_deactivate] enqueue() in element PushQEl3yolov8m/input_layer1 was aborted, got status = HAILO_SHUTDOWN_EVENT_SIGNALED(57)
[2026-04-06 23:24:18.601] [28495] [HailoRT] [info] [queue_elements.cpp:570] [execute_deactivate] enqueue() in element EntryPushQEl0yolov8m/input_layer1 was aborted, got status = HAILO_SHUTDOWN_EVENT_SIGNALED(57)
[2026-04-06 23:24:18.601] [28495] [HailoRT] [info] [queue_elements.cpp:46] [~BaseQueueElement] Queue element EntryPushQEl0yolov8m/input_layer1 has 0 frames in his Queue on destruction
[2026-04-06 23:24:18.601] [28495] [HailoRT] [info] [queue_elements.cpp:46] [~BaseQueueElement] Queue element PushQEl3yolov8m/input_layer1 has 0 frames in his Queue on destruction
[2026-04-06 23:31:16.682] [30612] [HailoRT] [info] [vdevice.cpp:523] [create] Creating vdevice with params: device_count: 1, scheduling_algorithm: ROUND_ROBIN, multi_process_service: false
[2026-04-06 23:31:16.693] [30612] [HailoRT] [info] [device.cpp:49] [Device] OS Version: Linux 6.12.62+rpt-rpi-2712 #1 SMP PREEMPT Debian 1:6.12.62-1+rpt1~bookworm (2026-01-19) aarch64
[2026-04-06 23:31:16.694] [30612] [HailoRT] [info] [control.cpp:108] [control__parse_identify_results] firmware_version is: 4.20.0
[2026-04-06 23:31:16.694] [30612] [HailoRT] [info] [vdevice.cpp:651] [create] VDevice Infos: 0001:01:00.0
[2026-04-06 23:31:16.714] [30612] [HailoRT] [info] [hef.cpp:1929] [get_network_group_and_network_name] No name was given. Addressing all networks of default network_group: yolov8m
[2026-04-06 23:31:16.714] [30612] [HailoRT] [info] [hef.cpp:1929] [get_network_group_and_network_name] No name was given. Addressing all networks of default network_group: yolov8m
[2026-04-06 23:31:16.723] [30612] [HailoRT] [info] [internal_buffer_manager.cpp:204] [print_execution_results] Planned internal buffer memory: CMA memory 0, user memory 3037184. memory to edge layer usage factor is 1
[2026-04-06 23:31:16.723] [30612] [HailoRT] [info] [internal_buffer_manager.cpp:212] [print_execution_results] Default Internal buffer planner executed successfully
[2026-04-06 23:31:16.759] [30612] [HailoRT] [info] [device_internal.cpp:57] [configure] Configuring HEF took 41.899245 milliseconds
[2026-04-06 23:31:16.759] [30612] [HailoRT] [info] [vdevice.cpp:749] [configure] Configuring HEF on VDevice took 42.206802 milliseconds
[2026-04-06 23:31:16.759] [30612] [HailoRT] [info] [infer_model.cpp:436] [configure] Configuring network group 'yolov8m' with params: batch size: 0, power mode: PERFORMANCE, latency: NONE
[2026-04-06 23:31:16.759] [30612] [HailoRT] [info] [multi_io_elements.cpp:756] [create] Created (AsyncHwEl)
[2026-04-06 23:31:16.759] [30612] [HailoRT] [info] [queue_elements.cpp:450] [create] Created (EntryPushQEl0yolov8m/input_layer1 | timeout: 10s)
[2026-04-06 23:31:16.759] [30612] [HailoRT] [info] [filter_elements.cpp:101] [create] Created (PreInferEl3yolov8m/input_layer1 | Reorder - src_order: RGB4, src_shape: (640, 640, 3), dst_order: NHCW, dst_shape: (640, 640, 3))
[2026-04-06 23:31:16.760] [30612] [HailoRT] [info] [queue_elements.cpp:450] [create] Created (PushQEl3yolov8m/input_layer1 | timeout: 10s)
[2026-04-06 23:31:16.760] [30612] [HailoRT] [info] [multi_io_elements.cpp:135] [create] Created (NmsPPMuxEl0YOLOV8-Post-Process | Op YOLOV8, Name: YOLOV8-Post-Process, Score threshold: 0.001, IoU threshold: 0.70, Classes: 8, Cross classes: false, NMS results order: BY_CLASS, Max bboxes per class: 100, Image height: 640, Image width: 640)
[2026-04-06 23:31:16.760] [30612] [HailoRT] [info] [queue_elements.cpp:942] [create] Created (MultiPushQEl0YOLOV8-Post-Process | timeout: 10s)
[2026-04-06 23:31:16.760] [30612] [HailoRT] [info] [edge_elements.cpp:187] [create] Created (LastAsyncEl0NmsPPMuxEl0YOLOV8-Post-Process)
[2026-04-06 23:31:16.760] [30612] [HailoRT] [info] [pipeline.cpp:891] [print_deep_description] EntryPushQEl0yolov8m/input_layer1 | inputs: user | outputs: PreInferEl3yolov8m/input_layer1(running in thread_id: 30635)
[2026-04-06 23:31:16.760] [30612] [HailoRT] [info] [pipeline.cpp:891] [print_deep_description] PreInferEl3yolov8m/input_layer1 | inputs: EntryPushQEl0yolov8m/input_layer1[0] | outputs: PushQEl3yolov8m/input_layer1
[2026-04-06 23:31:16.760] [30612] [HailoRT] [info] [pipeline.cpp:891] [print_deep_description] PushQEl3yolov8m/input_layer1 | inputs: PreInferEl3yolov8m/input_layer1[0] | outputs: AsyncHwEl(running in thread_id: 30636)
[2026-04-06 23:31:16.760] [30612] [HailoRT] [info] [pipeline.cpp:891] [print_deep_description] AsyncHwEl | inputs: PushQEl3yolov8m/input_layer1[0] | outputs: MultiPushQEl0YOLOV8-Post-Process MultiPushQEl0YOLOV8-Post-Process MultiPushQEl0YOLOV8-Post-Process MultiPushQEl0YOLOV8-Post-Process MultiPushQEl0YOLOV8-Post-Process MultiPushQEl0YOLOV8-Post-Process
[2026-04-06 23:31:16.760] [30612] [HailoRT] [info] [pipeline.cpp:891] [print_deep_description] MultiPushQEl0YOLOV8-Post-Process | inputs: AsyncHwEl[0] AsyncHwEl[1] AsyncHwEl[2] AsyncHwEl[3] AsyncHwEl[4] AsyncHwEl[5] | outputs: NmsPPMuxEl0YOLOV8-Post-Process(running in thread_id: 30637)
[2026-04-06 23:31:16.760] [30612] [HailoRT] [info] [pipeline.cpp:891] [print_deep_description] NmsPPMuxEl0YOLOV8-Post-Process | inputs: MultiPushQEl0YOLOV8-Post-Process[0] | outputs: LastAsyncEl0NmsPPMuxEl0YOLOV8-Post-Process
[2026-04-06 23:31:16.760] [30612] [HailoRT] [info] [pipeline.cpp:891] [print_deep_description] LastAsyncEl0NmsPPMuxEl0YOLOV8-Post-Process | inputs: NmsPPMuxEl0YOLOV8-Post-Process[0] | outputs: user
[2026-04-06 23:31:17.741] [30632] [HailoRT] [info] [hef.cpp:1929] [get_network_group_and_network_name] No name was given. Addressing all networks of default network_group: yolov8m
[2026-04-06 23:31:23.859] [30612] [HailoRT] [info] [async_infer_runner.cpp:86] [shutdown] Pipeline was aborted. Shutting it down
[2026-04-06 23:31:23.860] [30612] [HailoRT] [info] [queue_elements.cpp:1131] [execute_deactivate] enqueue() in element MultiPushQEl0YOLOV8-Post-Process was aborted, got status = HAILO_SHUTDOWN_EVENT_SIGNALED(57)
[2026-04-06 23:31:23.860] [30612] [HailoRT] [info] [queue_elements.cpp:1131] [execute_deactivate] enqueue() in element MultiPushQEl0YOLOV8-Post-Process was aborted, got status = HAILO_SHUTDOWN_EVENT_SIGNALED(57)
[2026-04-06 23:31:23.860] [30612] [HailoRT] [info] [queue_elements.cpp:1131] [execute_deactivate] enqueue() in element MultiPushQEl0YOLOV8-Post-Process was aborted, got status = HAILO_SHUTDOWN_EVENT_SIGNALED(57)
[2026-04-06 23:31:23.860] [30612] [HailoRT] [info] [queue_elements.cpp:1131] [execute_deactivate] enqueue() in element MultiPushQEl0YOLOV8-Post-Process was aborted, got status = HAILO_SHUTDOWN_EVENT_SIGNALED(57)
[2026-04-06 23:31:23.860] [30612] [HailoRT] [info] [queue_elements.cpp:1131] [execute_deactivate] enqueue() in element MultiPushQEl0YOLOV8-Post-Process was aborted, got status = HAILO_SHUTDOWN_EVENT_SIGNALED(57)
[2026-04-06 23:31:23.860] [30612] [HailoRT] [info] [queue_elements.cpp:1131] [execute_deactivate] enqueue() in element MultiPushQEl0YOLOV8-Post-Process was aborted, got status = HAILO_SHUTDOWN_EVENT_SIGNALED(57)
[2026-04-06 23:31:23.860] [30612] [HailoRT] [info] [queue_elements.cpp:570] [execute_deactivate] enqueue() in element PushQEl3yolov8m/input_layer1 was aborted, got status = HAILO_SHUTDOWN_EVENT_SIGNALED(57)
[2026-04-06 23:31:23.860] [30612] [HailoRT] [info] [queue_elements.cpp:570] [execute_deactivate] enqueue() in element EntryPushQEl0yolov8m/input_layer1 was aborted, got status = HAILO_SHUTDOWN_EVENT_SIGNALED(57)
[2026-04-06 23:31:23.860] [30612] [HailoRT] [info] [queue_elements.cpp:46] [~BaseQueueElement] Queue element EntryPushQEl0yolov8m/input_layer1 has 0 frames in his Queue on destruction
[2026-04-06 23:31:23.860] [30612] [HailoRT] [info] [queue_elements.cpp:46] [~BaseQueueElement] Queue element PushQEl3yolov8m/input_layer1 has 0 frames in his Queue on destruction
[2026-04-06 23:31:53.259] [30973] [HailoRT] [info] [vdevice.cpp:523] [create] Creating vdevice with params: device_count: 1, scheduling_algorithm: ROUND_ROBIN, multi_process_service: false
[2026-04-06 23:31:53.271] [30973] [HailoRT] [info] [device.cpp:49] [Device] OS Version: Linux 6.12.62+rpt-rpi-2712 #1 SMP PREEMPT Debian 1:6.12.62-1+rpt1~bookworm (2026-01-19) aarch64
[2026-04-06 23:31:53.273] [30973] [HailoRT] [info] [control.cpp:108] [control__parse_identify_results] firmware_version is: 4.20.0
[2026-04-06 23:31:53.273] [30973] [HailoRT] [info] [vdevice.cpp:651] [create] VDevice Infos: 0001:01:00.0
[2026-04-06 23:31:53.293] [30973] [HailoRT] [info] [hef.cpp:1929] [get_network_group_and_network_name] No name was given. Addressing all networks of default network_group: yolov8m
[2026-04-06 23:31:53.293] [30973] [HailoRT] [info] [hef.cpp:1929] [get_network_group_and_network_name] No name was given. Addressing all networks of default network_group: yolov8m
[2026-04-06 23:31:53.302] [30973] [HailoRT] [info] [internal_buffer_manager.cpp:204] [print_execution_results] Planned internal buffer memory: CMA memory 0, user memory 3037184. memory to edge layer usage factor is 1
[2026-04-06 23:31:53.302] [30973] [HailoRT] [info] [internal_buffer_manager.cpp:212] [print_execution_results] Default Internal buffer planner executed successfully
[2026-04-06 23:31:53.338] [30973] [HailoRT] [info] [device_internal.cpp:57] [configure] Configuring HEF took 42.585961 milliseconds
[2026-04-06 23:31:53.338] [30973] [HailoRT] [info] [vdevice.cpp:749] [configure] Configuring HEF on VDevice took 42.895223 milliseconds
[2026-04-06 23:31:53.338] [30973] [HailoRT] [info] [infer_model.cpp:436] [configure] Configuring network group 'yolov8m' with params: batch size: 0, power mode: PERFORMANCE, latency: NONE
[2026-04-06 23:31:53.338] [30973] [HailoRT] [info] [multi_io_elements.cpp:756] [create] Created (AsyncHwEl)
[2026-04-06 23:31:53.339] [30973] [HailoRT] [info] [queue_elements.cpp:450] [create] Created (EntryPushQEl0yolov8m/input_layer1 | timeout: 10s)
[2026-04-06 23:31:53.339] [30973] [HailoRT] [info] [filter_elements.cpp:101] [create] Created (PreInferEl3yolov8m/input_layer1 | Reorder - src_order: RGB4, src_shape: (640, 640, 3), dst_order: NHCW, dst_shape: (640, 640, 3))
[2026-04-06 23:31:53.339] [30973] [HailoRT] [info] [queue_elements.cpp:450] [create] Created (PushQEl3yolov8m/input_layer1 | timeout: 10s)
[2026-04-06 23:31:53.339] [30973] [HailoRT] [info] [multi_io_elements.cpp:135] [create] Created (NmsPPMuxEl0YOLOV8-Post-Process | Op YOLOV8, Name: YOLOV8-Post-Process, Score threshold: 0.001, IoU threshold: 0.70, Classes: 8, Cross classes: false, NMS results order: BY_CLASS, Max bboxes per class: 100, Image height: 640, Image width: 640)
[2026-04-06 23:31:53.339] [30973] [HailoRT] [info] [queue_elements.cpp:942] [create] Created (MultiPushQEl0YOLOV8-Post-Process | timeout: 10s)
[2026-04-06 23:31:53.339] [30973] [HailoRT] [info] [edge_elements.cpp:187] [create] Created (LastAsyncEl0NmsPPMuxEl0YOLOV8-Post-Process)
[2026-04-06 23:31:53.339] [30973] [HailoRT] [info] [pipeline.cpp:891] [print_deep_description] EntryPushQEl0yolov8m/input_layer1 | inputs: user | outputs: PreInferEl3yolov8m/input_layer1(running in thread_id: 30996)
[2026-04-06 23:31:53.339] [30973] [HailoRT] [info] [pipeline.cpp:891] [print_deep_description] PreInferEl3yolov8m/input_layer1 | inputs: EntryPushQEl0yolov8m/input_layer1[0] | outputs: PushQEl3yolov8m/input_layer1
[2026-04-06 23:31:53.339] [30973] [HailoRT] [info] [pipeline.cpp:891] [print_deep_description] PushQEl3yolov8m/input_layer1 | inputs: PreInferEl3yolov8m/input_layer1[0] | outputs: AsyncHwEl(running in thread_id: 30997)
[2026-04-06 23:31:53.339] [30973] [HailoRT] [info] [pipeline.cpp:891] [print_deep_description] AsyncHwEl | inputs: PushQEl3yolov8m/input_layer1[0] | outputs: MultiPushQEl0YOLOV8-Post-Process MultiPushQEl0YOLOV8-Post-Process MultiPushQEl0YOLOV8-Post-Process MultiPushQEl0YOLOV8-Post-Process MultiPushQEl0YOLOV8-Post-Process MultiPushQEl0YOLOV8-Post-Process
[2026-04-06 23:31:53.339] [30973] [HailoRT] [info] [pipeline.cpp:891] [print_deep_description] MultiPushQEl0YOLOV8-Post-Process | inputs: AsyncHwEl[0] AsyncHwEl[1] AsyncHwEl[2] AsyncHwEl[3] AsyncHwEl[4] AsyncHwEl[5] | outputs: NmsPPMuxEl0YOLOV8-Post-Process(running in thread_id: 30998)
[2026-04-06 23:31:53.339] [30973] [HailoRT] [info] [pipeline.cpp:891] [print_deep_description] NmsPPMuxEl0YOLOV8-Post-Process | inputs: MultiPushQEl0YOLOV8-Post-Process[0] | outputs: LastAsyncEl0NmsPPMuxEl0YOLOV8-Post-Process
[2026-04-06 23:31:53.339] [30973] [HailoRT] [info] [pipeline.cpp:891] [print_deep_description] LastAsyncEl0NmsPPMuxEl0YOLOV8-Post-Process | inputs: NmsPPMuxEl0YOLOV8-Post-Process[0] | outputs: user
[2026-04-06 23:31:54.399] [30993] [HailoRT] [info] [hef.cpp:1929] [get_network_group_and_network_name] No name was given. Addressing all networks of default network_group: yolov8m
[2026-04-06 23:32:36.369] [30973] [HailoRT] [info] [async_infer_runner.cpp:86] [shutdown] Pipeline was aborted. Shutting it down
[2026-04-06 23:32:36.371] [30973] [HailoRT] [info] [queue_elements.cpp:1131] [execute_deactivate] enqueue() in element MultiPushQEl0YOLOV8-Post-Process was aborted, got status = HAILO_SHUTDOWN_EVENT_SIGNALED(57)
[2026-04-06 23:32:36.371] [30973] [HailoRT] [info] [queue_elements.cpp:1131] [execute_deactivate] enqueue() in element MultiPushQEl0YOLOV8-Post-Process was aborted, got status = HAILO_SHUTDOWN_EVENT_SIGNALED(57)
[2026-04-06 23:32:36.371] [30973] [HailoRT] [info] [queue_elements.cpp:1131] [execute_deactivate] enqueue() in element MultiPushQEl0YOLOV8-Post-Process was aborted, got status = HAILO_SHUTDOWN_EVENT_SIGNALED(57)
[2026-04-06 23:32:36.371] [30973] [HailoRT] [info] [queue_elements.cpp:1131] [execute_deactivate] enqueue() in element MultiPushQEl0YOLOV8-Post-Process was aborted, got status = HAILO_SHUTDOWN_EVENT_SIGNALED(57)
[2026-04-06 23:32:36.371] [30973] [HailoRT] [info] [queue_elements.cpp:1131] [execute_deactivate] enqueue() in element MultiPushQEl0YOLOV8-Post-Process was aborted, got status = HAILO_SHUTDOWN_EVENT_SIGNALED(57)
[2026-04-06 23:32:36.371] [30973] [HailoRT] [info] [queue_elements.cpp:1131] [execute_deactivate] enqueue() in element MultiPushQEl0YOLOV8-Post-Process was aborted, got status = HAILO_SHUTDOWN_EVENT_SIGNALED(57)
[2026-04-06 23:32:36.371] [30973] [HailoRT] [info] [queue_elements.cpp:570] [execute_deactivate] enqueue() in element PushQEl3yolov8m/input_layer1 was aborted, got status = HAILO_SHUTDOWN_EVENT_SIGNALED(57)
[2026-04-06 23:32:36.371] [30973] [HailoRT] [info] [queue_elements.cpp:570] [execute_deactivate] enqueue() in element EntryPushQEl0yolov8m/input_layer1 was aborted, got status = HAILO_SHUTDOWN_EVENT_SIGNALED(57)
[2026-04-06 23:32:36.371] [30973] [HailoRT] [info] [queue_elements.cpp:46] [~BaseQueueElement] Queue element EntryPushQEl0yolov8m/input_layer1 has 0 frames in his Queue on destruction
[2026-04-06 23:32:36.371] [30973] [HailoRT] [info] [queue_elements.cpp:46] [~BaseQueueElement] Queue element PushQEl3yolov8m/input_layer1 has 0 frames in his Queue on destruction
[2026-04-07 20:24:21.240] [3920] [HailoRT] [info] [vdevice.cpp:523] [create] Creating vdevice with params: device_count: 1, scheduling_algorithm: ROUND_ROBIN, multi_process_service: false
[2026-04-07 20:24:21.240] [3920] [HailoRT] [info] [device.cpp:49] [Device] OS Version: Linux 6.12.62+rpt-rpi-2712 #1 SMP PREEMPT Debian 1:6.12.62-1+rpt1~bookworm (2026-01-19) aarch64
[2026-04-07 20:24:21.242] [3920] [HailoRT] [info] [control.cpp:108] [control__parse_identify_results] firmware_version is: 4.20.0
[2026-04-07 20:24:21.259] [3920] [HailoRT] [error] [vdevice.cpp:820] [create_devices] CHECK failed - Failed to create vdevice. there are not enough free devices. requested: 1, found: 0
[2026-04-07 20:24:21.260] [3920] [HailoRT] [error] [vdevice.cpp:631] [create] CHECK_SUCCESS failed with status=HAILO_OUT_OF_PHYSICAL_DEVICES(74)
[2026-04-07 20:24:21.260] [3920] [HailoRT] [error] [shared_resource_manager.hpp:81] [register_resource] CHECK_SUCCESS failed with status=HAILO_OUT_OF_PHYSICAL_DEVICES(74)
[2026-04-07 20:24:21.260] [3920] [HailoRT] [error] [vdevice.cpp:132] [create] CHECK_SUCCESS failed with status=HAILO_OUT_OF_PHYSICAL_DEVICES(74)
[2026-04-07 20:24:21.260] [3920] [HailoRT] [error] [vdevice.cpp:554] [create] CHECK_SUCCESS failed with status=HAILO_OUT_OF_PHYSICAL_DEVICES(74)
[2026-04-07 20:25:03.627] [4113] [HailoRT] [info] [vdevice.cpp:523] [create] Creating vdevice with params: device_count: 1, scheduling_algorithm: ROUND_ROBIN, multi_process_service: false
[2026-04-07 20:25:03.628] [4113] [HailoRT] [info] [device.cpp:49] [Device] OS Version: Linux 6.12.62+rpt-rpi-2712 #1 SMP PREEMPT Debian 1:6.12.62-1+rpt1~bookworm (2026-01-19) aarch64
[2026-04-07 20:25:03.629] [4113] [HailoRT] [info] [control.cpp:108] [control__parse_identify_results] firmware_version is: 4.20.0
[2026-04-07 20:25:03.655] [4113] [HailoRT] [error] [vdevice.cpp:820] [create_devices] CHECK failed - Failed to create vdevice. there are not enough free devices. requested: 1, found: 0
[2026-04-07 20:25:03.655] [4113] [HailoRT] [error] [vdevice.cpp:631] [create] CHECK_SUCCESS failed with status=HAILO_OUT_OF_PHYSICAL_DEVICES(74)
[2026-04-07 20:25:03.655] [4113] [HailoRT] [error] [shared_resource_manager.hpp:81] [register_resource] CHECK_SUCCESS failed with status=HAILO_OUT_OF_PHYSICAL_DEVICES(74)
[2026-04-07 20:25:03.655] [4113] [HailoRT] [error] [vdevice.cpp:132] [create] CHECK_SUCCESS failed with status=HAILO_OUT_OF_PHYSICAL_DEVICES(74)
[2026-04-07 20:25:03.655] [4113] [HailoRT] [error] [vdevice.cpp:554] [create] CHECK_SUCCESS failed with status=HAILO_OUT_OF_PHYSICAL_DEVICES(74)
[2026-04-07 20:25:09.992] [4150] [HailoRT] [info] [vdevice.cpp:523] [create] Creating vdevice with params: device_count: 1, scheduling_algorithm: ROUND_ROBIN, multi_process_service: false
[2026-04-07 20:25:09.992] [4150] [HailoRT] [info] [device.cpp:49] [Device] OS Version: Linux 6.12.62+rpt-rpi-2712 #1 SMP PREEMPT Debian 1:6.12.62-1+rpt1~bookworm (2026-01-19) aarch64
[2026-04-07 20:25:09.994] [4150] [HailoRT] [info] [control.cpp:108] [control__parse_identify_results] firmware_version is: 4.20.0
[2026-04-07 20:25:10.027] [4150] [HailoRT] [error] [vdevice.cpp:820] [create_devices] CHECK failed - Failed to create vdevice. there are not enough free devices. requested: 1, found: 0
[2026-04-07 20:25:10.027] [4150] [HailoRT] [error] [vdevice.cpp:631] [create] CHECK_SUCCESS failed with status=HAILO_OUT_OF_PHYSICAL_DEVICES(74)
[2026-04-07 20:25:10.027] [4150] [HailoRT] [error] [shared_resource_manager.hpp:81] [register_resource] CHECK_SUCCESS failed with status=HAILO_OUT_OF_PHYSICAL_DEVICES(74)
[2026-04-07 20:25:10.027] [4150] [HailoRT] [error] [vdevice.cpp:132] [create] CHECK_SUCCESS failed with status=HAILO_OUT_OF_PHYSICAL_DEVICES(74)
[2026-04-07 20:25:10.027] [4150] [HailoRT] [error] [vdevice.cpp:554] [create] CHECK_SUCCESS failed with status=HAILO_OUT_OF_PHYSICAL_DEVICES(74)
[2026-04-07 20:26:09.792] [4412] [HailoRT] [info] [vdevice.cpp:523] [create] Creating vdevice with params: device_count: 1, scheduling_algorithm: ROUND_ROBIN, multi_process_service: false
[2026-04-07 20:26:09.792] [4412] [HailoRT] [info] [device.cpp:49] [Device] OS Version: Linux 6.12.62+rpt-rpi-2712 #1 SMP PREEMPT Debian 1:6.12.62-1+rpt1~bookworm (2026-01-19) aarch64
[2026-04-07 20:26:09.793] [4412] [HailoRT] [info] [control.cpp:108] [control__parse_identify_results] firmware_version is: 4.20.0
[2026-04-07 20:26:09.819] [4412] [HailoRT] [error] [vdevice.cpp:820] [create_devices] CHECK failed - Failed to create vdevice. there are not enough free devices. requested: 1, found: 0
[2026-04-07 20:26:09.819] [4412] [HailoRT] [error] [vdevice.cpp:631] [create] CHECK_SUCCESS failed with status=HAILO_OUT_OF_PHYSICAL_DEVICES(74)
[2026-04-07 20:26:09.819] [4412] [HailoRT] [error] [shared_resource_manager.hpp:81] [register_resource] CHECK_SUCCESS failed with status=HAILO_OUT_OF_PHYSICAL_DEVICES(74)
[2026-04-07 20:26:09.819] [4412] [HailoRT] [error] [vdevice.cpp:132] [create] CHECK_SUCCESS failed with status=HAILO_OUT_OF_PHYSICAL_DEVICES(74)
[2026-04-07 20:26:09.819] [4412] [HailoRT] [error] [vdevice.cpp:554] [create] CHECK_SUCCESS failed with status=HAILO_OUT_OF_PHYSICAL_DEVICES(74)
[2026-04-07 20:26:30.033] [4509] [HailoRT] [info] [vdevice.cpp:523] [create] Creating vdevice with params: device_count: 1, scheduling_algorithm: ROUND_ROBIN, multi_process_service: false
[2026-04-07 20:26:30.045] [4509] [HailoRT] [info] [device.cpp:49] [Device] OS Version: Linux 6.12.62+rpt-rpi-2712 #1 SMP PREEMPT Debian 1:6.12.62-1+rpt1~bookworm (2026-01-19) aarch64
[2026-04-07 20:26:30.047] [4509] [HailoRT] [info] [control.cpp:108] [control__parse_identify_results] firmware_version is: 4.20.0
[2026-04-07 20:26:30.047] [4509] [HailoRT] [info] [vdevice.cpp:651] [create] VDevice Infos: 0001:01:00.0
[2026-04-07 20:26:30.394] [4509] [HailoRT] [info] [hef.cpp:1929] [get_network_group_and_network_name] No name was given. Addressing all networks of default network_group: yolov8m
[2026-04-07 20:26:30.394] [4509] [HailoRT] [info] [hef.cpp:1929] [get_network_group_and_network_name] No name was given. Addressing all networks of default network_group: yolov8m
[2026-04-07 20:26:30.402] [4509] [HailoRT] [info] [internal_buffer_manager.cpp:204] [print_execution_results] Planned internal buffer memory: CMA memory 0, user memory 3037184. memory to edge layer usage factor is 1
[2026-04-07 20:26:30.402] [4509] [HailoRT] [info] [internal_buffer_manager.cpp:212] [print_execution_results] Default Internal buffer planner executed successfully
[2026-04-07 20:26:30.439] [4509] [HailoRT] [info] [device_internal.cpp:57] [configure] Configuring HEF took 42.371926 milliseconds
[2026-04-07 20:26:30.439] [4509] [HailoRT] [info] [vdevice.cpp:749] [configure] Configuring HEF on VDevice took 42.674816 milliseconds
[2026-04-07 20:26:30.439] [4509] [HailoRT] [info] [infer_model.cpp:436] [configure] Configuring network group 'yolov8m' with params: batch size: 0, power mode: PERFORMANCE, latency: NONE
[2026-04-07 20:26:30.439] [4509] [HailoRT] [info] [multi_io_elements.cpp:756] [create] Created (AsyncHwEl)
[2026-04-07 20:26:30.439] [4509] [HailoRT] [info] [queue_elements.cpp:450] [create] Created (EntryPushQEl0yolov8m/input_layer1 | timeout: 10s)
[2026-04-07 20:26:30.439] [4509] [HailoRT] [info] [filter_elements.cpp:101] [create] Created (PreInferEl3yolov8m/input_layer1 | Reorder - src_order: RGB4, src_shape: (640, 640, 3), dst_order: NHCW, dst_shape: (640, 640, 3))
[2026-04-07 20:26:30.439] [4509] [HailoRT] [info] [queue_elements.cpp:450] [create] Created (PushQEl3yolov8m/input_layer1 | timeout: 10s)
[2026-04-07 20:26:30.439] [4509] [HailoRT] [info] [multi_io_elements.cpp:135] [create] Created (NmsPPMuxEl0YOLOV8-Post-Process | Op YOLOV8, Name: YOLOV8-Post-Process, Score threshold: 0.001, IoU threshold: 0.70, Classes: 8, Cross classes: false, NMS results order: BY_CLASS, Max bboxes per class: 100, Image height: 640, Image width: 640)
[2026-04-07 20:26:30.439] [4509] [HailoRT] [info] [queue_elements.cpp:942] [create] Created (MultiPushQEl0YOLOV8-Post-Process | timeout: 10s)
[2026-04-07 20:26:30.440] [4509] [HailoRT] [info] [edge_elements.cpp:187] [create] Created (LastAsyncEl0NmsPPMuxEl0YOLOV8-Post-Process)
[2026-04-07 20:26:30.440] [4509] [HailoRT] [info] [pipeline.cpp:891] [print_deep_description] EntryPushQEl0yolov8m/input_layer1 | inputs: user | outputs: PreInferEl3yolov8m/input_layer1(running in thread_id: 4532)
[2026-04-07 20:26:30.440] [4509] [HailoRT] [info] [pipeline.cpp:891] [print_deep_description] PreInferEl3yolov8m/input_layer1 | inputs: EntryPushQEl0yolov8m/input_layer1[0] | outputs: PushQEl3yolov8m/input_layer1
[2026-04-07 20:26:30.440] [4509] [HailoRT] [info] [pipeline.cpp:891] [print_deep_description] PushQEl3yolov8m/input_layer1 | inputs: PreInferEl3yolov8m/input_layer1[0] | outputs: AsyncHwEl(running in thread_id: 4533)
[2026-04-07 20:26:30.440] [4509] [HailoRT] [info] [pipeline.cpp:891] [print_deep_description] AsyncHwEl | inputs: PushQEl3yolov8m/input_layer1[0] | outputs: MultiPushQEl0YOLOV8-Post-Process MultiPushQEl0YOLOV8-Post-Process MultiPushQEl0YOLOV8-Post-Process MultiPushQEl0YOLOV8-Post-Process MultiPushQEl0YOLOV8-Post-Process MultiPushQEl0YOLOV8-Post-Process
[2026-04-07 20:26:30.440] [4509] [HailoRT] [info] [pipeline.cpp:891] [print_deep_description] MultiPushQEl0YOLOV8-Post-Process | inputs: AsyncHwEl[0] AsyncHwEl[1] AsyncHwEl[2] AsyncHwEl[3] AsyncHwEl[4] AsyncHwEl[5] | outputs: NmsPPMuxEl0YOLOV8-Post-Process(running in thread_id: 4534)
[2026-04-07 20:26:30.440] [4509] [HailoRT] [info] [pipeline.cpp:891] [print_deep_description] NmsPPMuxEl0YOLOV8-Post-Process | inputs: MultiPushQEl0YOLOV8-Post-Process[0] | outputs: LastAsyncEl0NmsPPMuxEl0YOLOV8-Post-Process
[2026-04-07 20:26:30.440] [4509] [HailoRT] [info] [pipeline.cpp:891] [print_deep_description] LastAsyncEl0NmsPPMuxEl0YOLOV8-Post-Process | inputs: NmsPPMuxEl0YOLOV8-Post-Process[0] | outputs: user
[2026-04-07 20:26:31.530] [4529] [HailoRT] [info] [hef.cpp:1929] [get_network_group_and_network_name] No name was given. Addressing all networks of default network_group: yolov8m
[2026-04-07 20:31:06.873] [5810] [HailoRT] [info] [vdevice.cpp:523] [create] Creating vdevice with params: device_count: 1, scheduling_algorithm: ROUND_ROBIN, multi_process_service: false
[2026-04-07 20:31:06.885] [5810] [HailoRT] [info] [device.cpp:49] [Device] OS Version: Linux 6.12.62+rpt-rpi-2712 #1 SMP PREEMPT Debian 1:6.12.62-1+rpt1~bookworm (2026-01-19) aarch64
[2026-04-07 20:31:06.886] [5810] [HailoRT] [info] [control.cpp:108] [control__parse_identify_results] firmware_version is: 4.20.0
[2026-04-07 20:31:06.886] [5810] [HailoRT] [info] [vdevice.cpp:651] [create] VDevice Infos: 0001:01:00.0
[2026-04-07 20:31:06.907] [5810] [HailoRT] [info] [hef.cpp:1929] [get_network_group_and_network_name] No name was given. Addressing all networks of default network_group: yolov8m
[2026-04-07 20:31:06.907] [5810] [HailoRT] [info] [hef.cpp:1929] [get_network_group_and_network_name] No name was given. Addressing all networks of default network_group: yolov8m
[2026-04-07 20:31:06.916] [5810] [HailoRT] [info] [internal_buffer_manager.cpp:204] [print_execution_results] Planned internal buffer memory: CMA memory 0, user memory 3037184. memory to edge layer usage factor is 1
[2026-04-07 20:31:06.916] [5810] [HailoRT] [info] [internal_buffer_manager.cpp:212] [print_execution_results] Default Internal buffer planner executed successfully
[2026-04-07 20:31:06.952] [5810] [HailoRT] [info] [device_internal.cpp:57] [configure] Configuring HEF took 41.977902 milliseconds
[2026-04-07 20:31:06.952] [5810] [HailoRT] [info] [vdevice.cpp:749] [configure] Configuring HEF on VDevice took 42.282051 milliseconds
[2026-04-07 20:31:06.952] [5810] [HailoRT] [info] [infer_model.cpp:436] [configure] Configuring network group 'yolov8m' with params: batch size: 0, power mode: PERFORMANCE, latency: NONE
[2026-04-07 20:31:06.952] [5810] [HailoRT] [info] [multi_io_elements.cpp:756] [create] Created (AsyncHwEl)
[2026-04-07 20:31:06.952] [5810] [HailoRT] [info] [queue_elements.cpp:450] [create] Created (EntryPushQEl0yolov8m/input_layer1 | timeout: 10s)
[2026-04-07 20:31:06.952] [5810] [HailoRT] [info] [filter_elements.cpp:101] [create] Created (PreInferEl3yolov8m/input_layer1 | Reorder - src_order: RGB4, src_shape: (640, 640, 3), dst_order: NHCW, dst_shape: (640, 640, 3))
[2026-04-07 20:31:06.952] [5810] [HailoRT] [info] [queue_elements.cpp:450] [create] Created (PushQEl3yolov8m/input_layer1 | timeout: 10s)
[2026-04-07 20:31:06.952] [5810] [HailoRT] [info] [multi_io_elements.cpp:135] [create] Created (NmsPPMuxEl0YOLOV8-Post-Process | Op YOLOV8, Name: YOLOV8-Post-Process, Score threshold: 0.001, IoU threshold: 0.70, Classes: 8, Cross classes: false, NMS results order: BY_CLASS, Max bboxes per class: 100, Image height: 640, Image width: 640)
[2026-04-07 20:31:06.953] [5810] [HailoRT] [info] [queue_elements.cpp:942] [create] Created (MultiPushQEl0YOLOV8-Post-Process | timeout: 10s)
[2026-04-07 20:31:06.953] [5810] [HailoRT] [info] [edge_elements.cpp:187] [create] Created (LastAsyncEl0NmsPPMuxEl0YOLOV8-Post-Process)
[2026-04-07 20:31:06.953] [5810] [HailoRT] [info] [pipeline.cpp:891] [print_deep_description] EntryPushQEl0yolov8m/input_layer1 | inputs: user | outputs: PreInferEl3yolov8m/input_layer1(running in thread_id: 5834)
[2026-04-07 20:31:06.953] [5810] [HailoRT] [info] [pipeline.cpp:891] [print_deep_description] PreInferEl3yolov8m/input_layer1 | inputs: EntryPushQEl0yolov8m/input_layer1[0] | outputs: PushQEl3yolov8m/input_layer1
[2026-04-07 20:31:06.953] [5810] [HailoRT] [info] [pipeline.cpp:891] [print_deep_description] PushQEl3yolov8m/input_layer1 | inputs: PreInferEl3yolov8m/input_layer1[0] | outputs: AsyncHwEl(running in thread_id: 5835)
[2026-04-07 20:31:06.953] [5810] [HailoRT] [info] [pipeline.cpp:891] [print_deep_description] AsyncHwEl | inputs: PushQEl3yolov8m/input_layer1[0] | outputs: MultiPushQEl0YOLOV8-Post-Process MultiPushQEl0YOLOV8-Post-Process MultiPushQEl0YOLOV8-Post-Process MultiPushQEl0YOLOV8-Post-Process MultiPushQEl0YOLOV8-Post-Process MultiPushQEl0YOLOV8-Post-Process
[2026-04-07 20:31:06.953] [5810] [HailoRT] [info] [pipeline.cpp:891] [print_deep_description] MultiPushQEl0YOLOV8-Post-Process | inputs: AsyncHwEl[0] AsyncHwEl[1] AsyncHwEl[2] AsyncHwEl[3] AsyncHwEl[4] AsyncHwEl[5] | outputs: NmsPPMuxEl0YOLOV8-Post-Process(running in thread_id: 5836)
[2026-04-07 20:31:06.953] [5810] [HailoRT] [info] [pipeline.cpp:891] [print_deep_description] NmsPPMuxEl0YOLOV8-Post-Process | inputs: MultiPushQEl0YOLOV8-Post-Process[0] | outputs: LastAsyncEl0NmsPPMuxEl0YOLOV8-Post-Process
[2026-04-07 20:31:06.953] [5810] [HailoRT] [info] [pipeline.cpp:891] [print_deep_description] LastAsyncEl0NmsPPMuxEl0YOLOV8-Post-Process | inputs: NmsPPMuxEl0YOLOV8-Post-Process[0] | outputs: user
[2026-04-07 20:31:08.864] [5831] [HailoRT] [info] [hef.cpp:1929] [get_network_group_and_network_name] No name was given. Addressing all networks of default network_group: yolov8m
[2026-04-07 20:31:44.906] [5810] [HailoRT] [info] [async_infer_runner.cpp:86] [shutdown] Pipeline was aborted. Shutting it down
[2026-04-07 20:31:44.907] [5810] [HailoRT] [info] [queue_elements.cpp:1131] [execute_deactivate] enqueue() in element MultiPushQEl0YOLOV8-Post-Process was aborted, got status = HAILO_SHUTDOWN_EVENT_SIGNALED(57)
[2026-04-07 20:31:44.907] [5810] [HailoRT] [info] [queue_elements.cpp:1131] [execute_deactivate] enqueue() in element MultiPushQEl0YOLOV8-Post-Process was aborted, got status = HAILO_SHUTDOWN_EVENT_SIGNALED(57)
[2026-04-07 20:31:44.907] [5810] [HailoRT] [info] [queue_elements.cpp:1131] [execute_deactivate] enqueue() in element MultiPushQEl0YOLOV8-Post-Process was aborted, got status = HAILO_SHUTDOWN_EVENT_SIGNALED(57)
[2026-04-07 20:31:44.907] [5810] [HailoRT] [info] [queue_elements.cpp:1131] [execute_deactivate] enqueue() in element MultiPushQEl0YOLOV8-Post-Process was aborted, got status = HAILO_SHUTDOWN_EVENT_SIGNALED(57)
[2026-04-07 20:31:44.907] [5810] [HailoRT] [info] [queue_elements.cpp:1131] [execute_deactivate] enqueue() in element MultiPushQEl0YOLOV8-Post-Process was aborted, got status = HAILO_SHUTDOWN_EVENT_SIGNALED(57)
[2026-04-07 20:31:44.907] [5810] [HailoRT] [info] [queue_elements.cpp:1131] [execute_deactivate] enqueue() in element MultiPushQEl0YOLOV8-Post-Process was aborted, got status = HAILO_SHUTDOWN_EVENT_SIGNALED(57)
[2026-04-07 20:31:44.907] [5810] [HailoRT] [info] [queue_elements.cpp:570] [execute_deactivate] enqueue() in element PushQEl3yolov8m/input_layer1 was aborted, got status = HAILO_SHUTDOWN_EVENT_SIGNALED(57)
[2026-04-07 20:31:44.907] [5810] [HailoRT] [info] [queue_elements.cpp:570] [execute_deactivate] enqueue() in element EntryPushQEl0yolov8m/input_layer1 was aborted, got status = HAILO_SHUTDOWN_EVENT_SIGNALED(57)
[2026-04-07 20:31:44.908] [5810] [HailoRT] [info] [queue_elements.cpp:46] [~BaseQueueElement] Queue element EntryPushQEl0yolov8m/input_layer1 has 0 frames in his Queue on destruction
[2026-04-07 20:31:44.908] [5810] [HailoRT] [info] [queue_elements.cpp:46] [~BaseQueueElement] Queue element PushQEl3yolov8m/input_layer1 has 0 frames in his Queue on destruction
[2026-04-07 20:49:49.587] [10655] [HailoRT] [info] [vdevice.cpp:523] [create] Creating vdevice with params: device_count: 1, scheduling_algorithm: ROUND_ROBIN, multi_process_service: false
[2026-04-07 20:49:49.599] [10655] [HailoRT] [info] [device.cpp:49] [Device] OS Version: Linux 6.12.62+rpt-rpi-2712 #1 SMP PREEMPT Debian 1:6.12.62-1+rpt1~bookworm (2026-01-19) aarch64
[2026-04-07 20:49:49.600] [10655] [HailoRT] [info] [control.cpp:108] [control__parse_identify_results] firmware_version is: 4.20.0
[2026-04-07 20:49:49.600] [10655] [HailoRT] [info] [vdevice.cpp:651] [create] VDevice Infos: 0001:01:00.0
[2026-04-07 20:49:49.621] [10655] [HailoRT] [info] [hef.cpp:1929] [get_network_group_and_network_name] No name was given. Addressing all networks of default network_group: yolov8m
[2026-04-07 20:49:49.621] [10655] [HailoRT] [info] [hef.cpp:1929] [get_network_group_and_network_name] No name was given. Addressing all networks of default network_group: yolov8m
[2026-04-07 20:49:49.629] [10655] [HailoRT] [info] [internal_buffer_manager.cpp:204] [print_execution_results] Planned internal buffer memory: CMA memory 0, user memory 3037184. memory to edge layer usage factor is 1
[2026-04-07 20:49:49.629] [10655] [HailoRT] [info] [internal_buffer_manager.cpp:212] [print_execution_results] Default Internal buffer planner executed successfully
[2026-04-07 20:49:49.666] [10655] [HailoRT] [info] [device_internal.cpp:57] [configure] Configuring HEF took 42.056739 milliseconds
[2026-04-07 20:49:49.666] [10655] [HailoRT] [info] [vdevice.cpp:749] [configure] Configuring HEF on VDevice took 42.360702 milliseconds
[2026-04-07 20:49:49.666] [10655] [HailoRT] [info] [infer_model.cpp:436] [configure] Configuring network group 'yolov8m' with params: batch size: 0, power mode: PERFORMANCE, latency: NONE
[2026-04-07 20:49:49.666] [10655] [HailoRT] [info] [multi_io_elements.cpp:756] [create] Created (AsyncHwEl)
[2026-04-07 20:49:49.666] [10655] [HailoRT] [info] [queue_elements.cpp:450] [create] Created (EntryPushQEl0yolov8m/input_layer1 | timeout: 10s)
[2026-04-07 20:49:49.666] [10655] [HailoRT] [info] [filter_elements.cpp:101] [create] Created (PreInferEl3yolov8m/input_layer1 | Reorder - src_order: RGB4, src_shape: (640, 640, 3), dst_order: NHCW, dst_shape: (640, 640, 3))
[2026-04-07 20:49:49.666] [10655] [HailoRT] [info] [queue_elements.cpp:450] [create] Created (PushQEl3yolov8m/input_layer1 | timeout: 10s)
[2026-04-07 20:49:49.666] [10655] [HailoRT] [info] [multi_io_elements.cpp:135] [create] Created (NmsPPMuxEl0YOLOV8-Post-Process | Op YOLOV8, Name: YOLOV8-Post-Process, Score threshold: 0.001, IoU threshold: 0.70, Classes: 8, Cross classes: false, NMS results order: BY_CLASS, Max bboxes per class: 100, Image height: 640, Image width: 640)
[2026-04-07 20:49:49.666] [10655] [HailoRT] [info] [queue_elements.cpp:942] [create] Created (MultiPushQEl0YOLOV8-Post-Process | timeout: 10s)
[2026-04-07 20:49:49.666] [10655] [HailoRT] [info] [edge_elements.cpp:187] [create] Created (LastAsyncEl0NmsPPMuxEl0YOLOV8-Post-Process)
[2026-04-07 20:49:49.666] [10655] [HailoRT] [info] [pipeline.cpp:891] [print_deep_description] EntryPushQEl0yolov8m/input_layer1 | inputs: user | outputs: PreInferEl3yolov8m/input_layer1(running in thread_id: 10671)
[2026-04-07 20:49:49.666] [10655] [HailoRT] [info] [pipeline.cpp:891] [print_deep_description] PreInferEl3yolov8m/input_layer1 | inputs: EntryPushQEl0yolov8m/input_layer1[0] | outputs: PushQEl3yolov8m/input_layer1
[2026-04-07 20:49:49.666] [10655] [HailoRT] [info] [pipeline.cpp:891] [print_deep_description] PushQEl3yolov8m/input_layer1 | inputs: PreInferEl3yolov8m/input_layer1[0] | outputs: AsyncHwEl(running in thread_id: 10672)
[2026-04-07 20:49:49.666] [10655] [HailoRT] [info] [pipeline.cpp:891] [print_deep_description] AsyncHwEl | inputs: PushQEl3yolov8m/input_layer1[0] | outputs: MultiPushQEl0YOLOV8-Post-Process MultiPushQEl0YOLOV8-Post-Process MultiPushQEl0YOLOV8-Post-Process MultiPushQEl0YOLOV8-Post-Process MultiPushQEl0YOLOV8-Post-Process MultiPushQEl0YOLOV8-Post-Process
[2026-04-07 20:49:49.666] [10655] [HailoRT] [info] [pipeline.cpp:891] [print_deep_description] MultiPushQEl0YOLOV8-Post-Process | inputs: AsyncHwEl[0] AsyncHwEl[1] AsyncHwEl[2] AsyncHwEl[3] AsyncHwEl[4] AsyncHwEl[5] | outputs: NmsPPMuxEl0YOLOV8-Post-Process(running in thread_id: 10673)
[2026-04-07 20:49:49.666] [10655] [HailoRT] [info] [pipeline.cpp:891] [print_deep_description] NmsPPMuxEl0YOLOV8-Post-Process | inputs: MultiPushQEl0YOLOV8-Post-Process[0] | outputs: LastAsyncEl0NmsPPMuxEl0YOLOV8-Post-Process
[2026-04-07 20:49:49.666] [10655] [HailoRT] [info] [pipeline.cpp:891] [print_deep_description] LastAsyncEl0NmsPPMuxEl0YOLOV8-Post-Process | inputs: NmsPPMuxEl0YOLOV8-Post-Process[0] | outputs: user
[2026-04-07 20:49:50.650] [10668] [HailoRT] [info] [hef.cpp:1929] [get_network_group_and_network_name] No name was given. Addressing all networks of default network_group: yolov8m
[2026-04-07 21:28:58.752] [21195] [HailoRT] [info] [vdevice.cpp:523] [create] Creating vdevice with params: device_count: 1, scheduling_algorithm: ROUND_ROBIN, multi_process_service: false
[2026-04-07 21:28:58.763] [21195] [HailoRT] [info] [device.cpp:49] [Device] OS Version: Linux 6.12.62+rpt-rpi-2712 #1 SMP PREEMPT Debian 1:6.12.62-1+rpt1~bookworm (2026-01-19) aarch64
[2026-04-07 21:28:58.771] [21195] [HailoRT] [info] [control.cpp:108] [control__parse_identify_results] firmware_version is: 4.20.0
[2026-04-07 21:28:58.771] [21195] [HailoRT] [info] [vdevice.cpp:651] [create] VDevice Infos: 0001:01:00.0
[2026-04-07 21:28:58.821] [21195] [HailoRT] [info] [hef.cpp:1929] [get_network_group_and_network_name] No name was given. Addressing all networks of default network_group: yolov8m
[2026-04-07 21:28:58.821] [21195] [HailoRT] [info] [hef.cpp:1929] [get_network_group_and_network_name] No name was given. Addressing all networks of default network_group: yolov8m
[2026-04-07 21:28:58.838] [21195] [HailoRT] [info] [internal_buffer_manager.cpp:204] [print_execution_results] Planned internal buffer memory: CMA memory 0, user memory 3037184. memory to edge layer usage factor is 1
[2026-04-07 21:28:58.838] [21195] [HailoRT] [info] [internal_buffer_manager.cpp:212] [print_execution_results] Default Internal buffer planner executed successfully
[2026-04-07 21:28:58.913] [21195] [HailoRT] [info] [device_internal.cpp:57] [configure] Configuring HEF took 84.970609 milliseconds
[2026-04-07 21:28:58.913] [21195] [HailoRT] [info] [vdevice.cpp:749] [configure] Configuring HEF on VDevice took 85.42072 milliseconds
[2026-04-07 21:28:58.913] [21195] [HailoRT] [info] [infer_model.cpp:436] [configure] Configuring network group 'yolov8m' with params: batch size: 0, power mode: PERFORMANCE, latency: NONE
[2026-04-07 21:28:58.913] [21195] [HailoRT] [info] [multi_io_elements.cpp:756] [create] Created (AsyncHwEl)
[2026-04-07 21:28:58.913] [21195] [HailoRT] [info] [queue_elements.cpp:450] [create] Created (EntryPushQEl0yolov8m/input_layer1 | timeout: 10s)
[2026-04-07 21:28:58.914] [21195] [HailoRT] [info] [filter_elements.cpp:101] [create] Created (PreInferEl3yolov8m/input_layer1 | Reorder - src_order: RGB4, src_shape: (640, 640, 3), dst_order: NHCW, dst_shape: (640, 640, 3))
[2026-04-07 21:28:58.914] [21195] [HailoRT] [info] [queue_elements.cpp:450] [create] Created (PushQEl3yolov8m/input_layer1 | timeout: 10s)
[2026-04-07 21:28:58.914] [21195] [HailoRT] [info] [multi_io_elements.cpp:135] [create] Created (NmsPPMuxEl0YOLOV8-Post-Process | Op YOLOV8, Name: YOLOV8-Post-Process, Score threshold: 0.001, IoU threshold: 0.70, Classes: 8, Cross classes: false, NMS results order: BY_CLASS, Max bboxes per class: 100, Image height: 640, Image width: 640)
[2026-04-07 21:28:58.914] [21195] [HailoRT] [info] [queue_elements.cpp:942] [create] Created (MultiPushQEl0YOLOV8-Post-Process | timeout: 10s)
[2026-04-07 21:28:58.914] [21195] [HailoRT] [info] [edge_elements.cpp:187] [create] Created (LastAsyncEl0NmsPPMuxEl0YOLOV8-Post-Process)
[2026-04-07 21:28:58.914] [21195] [HailoRT] [info] [pipeline.cpp:891] [print_deep_description] EntryPushQEl0yolov8m/input_layer1 | inputs: user | outputs: PreInferEl3yolov8m/input_layer1(running in thread_id: 21232)
[2026-04-07 21:28:58.914] [21195] [HailoRT] [info] [pipeline.cpp:891] [print_deep_description] PreInferEl3yolov8m/input_layer1 | inputs: EntryPushQEl0yolov8m/input_layer1[0] | outputs: PushQEl3yolov8m/input_layer1
[2026-04-07 21:28:58.914] [21195] [HailoRT] [info] [pipeline.cpp:891] [print_deep_description] PushQEl3yolov8m/input_layer1 | inputs: PreInferEl3yolov8m/input_layer1[0] | outputs: AsyncHwEl(running in thread_id: 21233)
[2026-04-07 21:28:58.914] [21195] [HailoRT] [info] [pipeline.cpp:891] [print_deep_description] AsyncHwEl | inputs: PushQEl3yolov8m/input_layer1[0] | outputs: MultiPushQEl0YOLOV8-Post-Process MultiPushQEl0YOLOV8-Post-Process MultiPushQEl0YOLOV8-Post-Process MultiPushQEl0YOLOV8-Post-Process MultiPushQEl0YOLOV8-Post-Process MultiPushQEl0YOLOV8-Post-Process
[2026-04-07 21:28:58.914] [21195] [HailoRT] [info] [pipeline.cpp:891] [print_deep_description] MultiPushQEl0YOLOV8-Post-Process | inputs: AsyncHwEl[0] AsyncHwEl[1] AsyncHwEl[2] AsyncHwEl[3] AsyncHwEl[4] AsyncHwEl[5] | outputs: NmsPPMuxEl0YOLOV8-Post-Process(running in thread_id: 21234)
[2026-04-07 21:28:58.914] [21195] [HailoRT] [info] [pipeline.cpp:891] [print_deep_description] NmsPPMuxEl0YOLOV8-Post-Process | inputs: MultiPushQEl0YOLOV8-Post-Process[0] | outputs: LastAsyncEl0NmsPPMuxEl0YOLOV8-Post-Process
[2026-04-07 21:28:58.914] [21195] [HailoRT] [info] [pipeline.cpp:891] [print_deep_description] LastAsyncEl0NmsPPMuxEl0YOLOV8-Post-Process | inputs: NmsPPMuxEl0YOLOV8-Post-Process[0] | outputs: user
[2026-04-07 21:29:01.127] [21228] [HailoRT] [info] [hef.cpp:1929] [get_network_group_and_network_name] No name was given. Addressing all networks of default network_group: yolov8m
[2026-04-07 21:29:48.599] [21195] [HailoRT] [info] [async_infer_runner.cpp:86] [shutdown] Pipeline was aborted. Shutting it down
[2026-04-07 21:29:48.600] [21195] [HailoRT] [info] [queue_elements.cpp:1131] [execute_deactivate] enqueue() in element MultiPushQEl0YOLOV8-Post-Process was aborted, got status = HAILO_SHUTDOWN_EVENT_SIGNALED(57)
[2026-04-07 21:29:48.600] [21195] [HailoRT] [info] [queue_elements.cpp:1131] [execute_deactivate] enqueue() in element MultiPushQEl0YOLOV8-Post-Process was aborted, got status = HAILO_SHUTDOWN_EVENT_SIGNALED(57)
[2026-04-07 21:29:48.600] [21195] [HailoRT] [info] [queue_elements.cpp:1131] [execute_deactivate] enqueue() in element MultiPushQEl0YOLOV8-Post-Process was aborted, got status = HAILO_SHUTDOWN_EVENT_SIGNALED(57)
[2026-04-07 21:29:48.600] [21195] [HailoRT] [info] [queue_elements.cpp:1131] [execute_deactivate] enqueue() in element MultiPushQEl0YOLOV8-Post-Process was aborted, got status = HAILO_SHUTDOWN_EVENT_SIGNALED(57)
[2026-04-07 21:29:48.600] [21195] [HailoRT] [info] [queue_elements.cpp:1131] [execute_deactivate] enqueue() in element MultiPushQEl0YOLOV8-Post-Process was aborted, got status = HAILO_SHUTDOWN_EVENT_SIGNALED(57)
[2026-04-07 21:29:48.600] [21195] [HailoRT] [info] [queue_elements.cpp:1131] [execute_deactivate] enqueue() in element MultiPushQEl0YOLOV8-Post-Process was aborted, got status = HAILO_SHUTDOWN_EVENT_SIGNALED(57)
[2026-04-07 21:29:48.601] [21195] [HailoRT] [info] [queue_elements.cpp:570] [execute_deactivate] enqueue() in element PushQEl3yolov8m/input_layer1 was aborted, got status = HAILO_SHUTDOWN_EVENT_SIGNALED(57)
[2026-04-07 21:29:48.601] [21195] [HailoRT] [info] [queue_elements.cpp:570] [execute_deactivate] enqueue() in element EntryPushQEl0yolov8m/input_layer1 was aborted, got status = HAILO_SHUTDOWN_EVENT_SIGNALED(57)
[2026-04-07 21:29:48.601] [21195] [HailoRT] [info] [queue_elements.cpp:46] [~BaseQueueElement] Queue element EntryPushQEl0yolov8m/input_layer1 has 0 frames in his Queue on destruction
[2026-04-07 21:29:48.601] [21195] [HailoRT] [info] [queue_elements.cpp:46] [~BaseQueueElement] Queue element PushQEl3yolov8m/input_layer1 has 0 frames in his Queue on destruction
[2026-04-07 21:30:16.198] [21748] [HailoRT] [info] [vdevice.cpp:523] [create] Creating vdevice with params: device_count: 1, scheduling_algorithm: ROUND_ROBIN, multi_process_service: false
[2026-04-07 21:30:16.211] [21748] [HailoRT] [info] [device.cpp:49] [Device] OS Version: Linux 6.12.62+rpt-rpi-2712 #1 SMP PREEMPT Debian 1:6.12.62-1+rpt1~bookworm (2026-01-19) aarch64
[2026-04-07 21:30:16.212] [21748] [HailoRT] [info] [control.cpp:108] [control__parse_identify_results] firmware_version is: 4.20.0
[2026-04-07 21:30:16.212] [21748] [HailoRT] [info] [vdevice.cpp:651] [create] VDevice Infos: 0001:01:00.0
[2026-04-07 21:30:16.233] [21748] [HailoRT] [info] [hef.cpp:1929] [get_network_group_and_network_name] No name was given. Addressing all networks of default network_group: yolov8m
[2026-04-07 21:30:16.233] [21748] [HailoRT] [info] [hef.cpp:1929] [get_network_group_and_network_name] No name was given. Addressing all networks of default network_group: yolov8m
[2026-04-07 21:30:16.242] [21748] [HailoRT] [info] [internal_buffer_manager.cpp:204] [print_execution_results] Planned internal buffer memory: CMA memory 0, user memory 3037184. memory to edge layer usage factor is 1
[2026-04-07 21:30:16.242] [21748] [HailoRT] [info] [internal_buffer_manager.cpp:212] [print_execution_results] Default Internal buffer planner executed successfully
[2026-04-07 21:30:16.284] [21748] [HailoRT] [info] [device_internal.cpp:57] [configure] Configuring HEF took 48.575413 milliseconds
[2026-04-07 21:30:16.284] [21748] [HailoRT] [info] [vdevice.cpp:749] [configure] Configuring HEF on VDevice took 48.876655 milliseconds
[2026-04-07 21:30:16.284] [21748] [HailoRT] [info] [infer_model.cpp:436] [configure] Configuring network group 'yolov8m' with params: batch size: 0, power mode: PERFORMANCE, latency: NONE
[2026-04-07 21:30:16.284] [21748] [HailoRT] [info] [multi_io_elements.cpp:756] [create] Created (AsyncHwEl)
[2026-04-07 21:30:16.284] [21748] [HailoRT] [info] [queue_elements.cpp:450] [create] Created (EntryPushQEl0yolov8m/input_layer1 | timeout: 10s)
[2026-04-07 21:30:16.284] [21748] [HailoRT] [info] [filter_elements.cpp:101] [create] Created (PreInferEl3yolov8m/input_layer1 | Reorder - src_order: RGB4, src_shape: (640, 640, 3), dst_order: NHCW, dst_shape: (640, 640, 3))
[2026-04-07 21:30:16.284] [21748] [HailoRT] [info] [queue_elements.cpp:450] [create] Created (PushQEl3yolov8m/input_layer1 | timeout: 10s)
[2026-04-07 21:30:16.285] [21748] [HailoRT] [info] [multi_io_elements.cpp:135] [create] Created (NmsPPMuxEl0YOLOV8-Post-Process | Op YOLOV8, Name: YOLOV8-Post-Process, Score threshold: 0.001, IoU threshold: 0.70, Classes: 8, Cross classes: false, NMS results order: BY_CLASS, Max bboxes per class: 100, Image height: 640, Image width: 640)
[2026-04-07 21:30:16.285] [21748] [HailoRT] [info] [queue_elements.cpp:942] [create] Created (MultiPushQEl0YOLOV8-Post-Process | timeout: 10s)
[2026-04-07 21:30:16.285] [21748] [HailoRT] [info] [edge_elements.cpp:187] [create] Created (LastAsyncEl0NmsPPMuxEl0YOLOV8-Post-Process)
[2026-04-07 21:30:16.285] [21748] [HailoRT] [info] [pipeline.cpp:891] [print_deep_description] EntryPushQEl0yolov8m/input_layer1 | inputs: user | outputs: PreInferEl3yolov8m/input_layer1(running in thread_id: 21771)
[2026-04-07 21:30:16.285] [21748] [HailoRT] [info] [pipeline.cpp:891] [print_deep_description] PreInferEl3yolov8m/input_layer1 | inputs: EntryPushQEl0yolov8m/input_layer1[0] | outputs: PushQEl3yolov8m/input_layer1
[2026-04-07 21:30:16.285] [21748] [HailoRT] [info] [pipeline.cpp:891] [print_deep_description] PushQEl3yolov8m/input_layer1 | inputs: PreInferEl3yolov8m/input_layer1[0] | outputs: AsyncHwEl(running in thread_id: 21772)
[2026-04-07 21:30:16.285] [21748] [HailoRT] [info] [pipeline.cpp:891] [print_deep_description] AsyncHwEl | inputs: PushQEl3yolov8m/input_layer1[0] | outputs: MultiPushQEl0YOLOV8-Post-Process MultiPushQEl0YOLOV8-Post-Process MultiPushQEl0YOLOV8-Post-Process MultiPushQEl0YOLOV8-Post-Process MultiPushQEl0YOLOV8-Post-Process MultiPushQEl0YOLOV8-Post-Process
[2026-04-07 21:30:16.285] [21748] [HailoRT] [info] [pipeline.cpp:891] [print_deep_description] MultiPushQEl0YOLOV8-Post-Process | inputs: AsyncHwEl[0] AsyncHwEl[1] AsyncHwEl[2] AsyncHwEl[3] AsyncHwEl[4] AsyncHwEl[5] | outputs: NmsPPMuxEl0YOLOV8-Post-Process(running in thread_id: 21773)
[2026-04-07 21:30:16.285] [21748] [HailoRT] [info] [pipeline.cpp:891] [print_deep_description] NmsPPMuxEl0YOLOV8-Post-Process | inputs: MultiPushQEl0YOLOV8-Post-Process[0] | outputs: LastAsyncEl0NmsPPMuxEl0YOLOV8-Post-Process
[2026-04-07 21:30:16.285] [21748] [HailoRT] [info] [pipeline.cpp:891] [print_deep_description] LastAsyncEl0NmsPPMuxEl0YOLOV8-Post-Process | inputs: NmsPPMuxEl0YOLOV8-Post-Process[0] | outputs: user
[2026-04-07 21:30:17.337] [21768] [HailoRT] [info] [hef.cpp:1929] [get_network_group_and_network_name] No name was given. Addressing all networks of default network_group: yolov8m
[2026-04-07 21:31:53.372] [22332] [HailoRT] [info] [vdevice.cpp:523] [create] Creating vdevice with params: device_count: 1, scheduling_algorithm: ROUND_ROBIN, multi_process_service: false
[2026-04-07 21:31:53.383] [22332] [HailoRT] [info] [device.cpp:49] [Device] OS Version: Linux 6.12.62+rpt-rpi-2712 #1 SMP PREEMPT Debian 1:6.12.62-1+rpt1~bookworm (2026-01-19) aarch64
[2026-04-07 21:31:53.384] [22332] [HailoRT] [info] [control.cpp:108] [control__parse_identify_results] firmware_version is: 4.20.0
[2026-04-07 21:31:53.384] [22332] [HailoRT] [info] [vdevice.cpp:651] [create] VDevice Infos: 0001:01:00.0
[2026-04-07 21:31:53.405] [22332] [HailoRT] [info] [hef.cpp:1929] [get_network_group_and_network_name] No name was given. Addressing all networks of default network_group: yolov8m
[2026-04-07 21:31:53.405] [22332] [HailoRT] [info] [hef.cpp:1929] [get_network_group_and_network_name] No name was given. Addressing all networks of default network_group: yolov8m
[2026-04-07 21:31:53.415] [22332] [HailoRT] [info] [internal_buffer_manager.cpp:204] [print_execution_results] Planned internal buffer memory: CMA memory 0, user memory 3037184. memory to edge layer usage factor is 1
[2026-04-07 21:31:53.415] [22332] [HailoRT] [info] [internal_buffer_manager.cpp:212] [print_execution_results] Default Internal buffer planner executed successfully
[2026-04-07 21:31:53.461] [22332] [HailoRT] [info] [device_internal.cpp:57] [configure] Configuring HEF took 52.944919 milliseconds
[2026-04-07 21:31:53.462] [22332] [HailoRT] [info] [vdevice.cpp:749] [configure] Configuring HEF on VDevice took 53.248754 milliseconds
[2026-04-07 21:31:53.462] [22332] [HailoRT] [info] [infer_model.cpp:436] [configure] Configuring network group 'yolov8m' with params: batch size: 0, power mode: PERFORMANCE, latency: NONE
[2026-04-07 21:31:53.462] [22332] [HailoRT] [info] [multi_io_elements.cpp:756] [create] Created (AsyncHwEl)
[2026-04-07 21:31:53.462] [22332] [HailoRT] [info] [queue_elements.cpp:450] [create] Created (EntryPushQEl0yolov8m/input_layer1 | timeout: 10s)
[2026-04-07 21:31:53.462] [22332] [HailoRT] [info] [filter_elements.cpp:101] [create] Created (PreInferEl3yolov8m/input_layer1 | Reorder - src_order: RGB4, src_shape: (640, 640, 3), dst_order: NHCW, dst_shape: (640, 640, 3))
[2026-04-07 21:31:53.462] [22332] [HailoRT] [info] [queue_elements.cpp:450] [create] Created (PushQEl3yolov8m/input_layer1 | timeout: 10s)
[2026-04-07 21:31:53.462] [22332] [HailoRT] [info] [multi_io_elements.cpp:135] [create] Created (NmsPPMuxEl0YOLOV8-Post-Process | Op YOLOV8, Name: YOLOV8-Post-Process, Score threshold: 0.001, IoU threshold: 0.70, Classes: 8, Cross classes: false, NMS results order: BY_CLASS, Max bboxes per class: 100, Image height: 640, Image width: 640)
[2026-04-07 21:31:53.462] [22332] [HailoRT] [info] [queue_elements.cpp:942] [create] Created (MultiPushQEl0YOLOV8-Post-Process | timeout: 10s)
[2026-04-07 21:31:53.462] [22332] [HailoRT] [info] [edge_elements.cpp:187] [create] Created (LastAsyncEl0NmsPPMuxEl0YOLOV8-Post-Process)
[2026-04-07 21:31:53.462] [22332] [HailoRT] [info] [pipeline.cpp:891] [print_deep_description] EntryPushQEl0yolov8m/input_layer1 | inputs: user | outputs: PreInferEl3yolov8m/input_layer1(running in thread_id: 22355)
[2026-04-07 21:31:53.462] [22332] [HailoRT] [info] [pipeline.cpp:891] [print_deep_description] PreInferEl3yolov8m/input_layer1 | inputs: EntryPushQEl0yolov8m/input_layer1[0] | outputs: PushQEl3yolov8m/input_layer1
[2026-04-07 21:31:53.462] [22332] [HailoRT] [info] [pipeline.cpp:891] [print_deep_description] PushQEl3yolov8m/input_layer1 | inputs: PreInferEl3yolov8m/input_layer1[0] | outputs: AsyncHwEl(running in thread_id: 22356)
[2026-04-07 21:31:53.462] [22332] [HailoRT] [info] [pipeline.cpp:891] [print_deep_description] AsyncHwEl | inputs: PushQEl3yolov8m/input_layer1[0] | outputs: MultiPushQEl0YOLOV8-Post-Process MultiPushQEl0YOLOV8-Post-Process MultiPushQEl0YOLOV8-Post-Process MultiPushQEl0YOLOV8-Post-Process MultiPushQEl0YOLOV8-Post-Process MultiPushQEl0YOLOV8-Post-Process
[2026-04-07 21:31:53.462] [22332] [HailoRT] [info] [pipeline.cpp:891] [print_deep_description] MultiPushQEl0YOLOV8-Post-Process | inputs: AsyncHwEl[0] AsyncHwEl[1] AsyncHwEl[2] AsyncHwEl[3] AsyncHwEl[4] AsyncHwEl[5] | outputs: NmsPPMuxEl0YOLOV8-Post-Process(running in thread_id: 22357)
[2026-04-07 21:31:53.462] [22332] [HailoRT] [info] [pipeline.cpp:891] [print_deep_description] NmsPPMuxEl0YOLOV8-Post-Process | inputs: MultiPushQEl0YOLOV8-Post-Process[0] | outputs: LastAsyncEl0NmsPPMuxEl0YOLOV8-Post-Process
[2026-04-07 21:31:53.462] [22332] [HailoRT] [info] [pipeline.cpp:891] [print_deep_description] LastAsyncEl0NmsPPMuxEl0YOLOV8-Post-Process | inputs: NmsPPMuxEl0YOLOV8-Post-Process[0] | outputs: user
[2026-04-07 21:31:55.463] [22352] [HailoRT] [info] [hef.cpp:1929] [get_network_group_and_network_name] No name was given. Addressing all networks of default network_group: yolov8m
[2026-04-07 21:32:32.547] [22332] [HailoRT] [info] [async_infer_runner.cpp:86] [shutdown] Pipeline was aborted. Shutting it down
[2026-04-07 21:32:32.549] [22332] [HailoRT] [info] [queue_elements.cpp:1131] [execute_deactivate] enqueue() in element MultiPushQEl0YOLOV8-Post-Process was aborted, got status = HAILO_SHUTDOWN_EVENT_SIGNALED(57)
[2026-04-07 21:32:32.549] [22332] [HailoRT] [info] [queue_elements.cpp:1131] [execute_deactivate] enqueue() in element MultiPushQEl0YOLOV8-Post-Process was aborted, got status = HAILO_SHUTDOWN_EVENT_SIGNALED(57)
[2026-04-07 21:32:32.549] [22332] [HailoRT] [info] [queue_elements.cpp:1131] [execute_deactivate] enqueue() in element MultiPushQEl0YOLOV8-Post-Process was aborted, got status = HAILO_SHUTDOWN_EVENT_SIGNALED(57)
[2026-04-07 21:32:32.549] [22332] [HailoRT] [info] [queue_elements.cpp:1131] [execute_deactivate] enqueue() in element MultiPushQEl0YOLOV8-Post-Process was aborted, got status = HAILO_SHUTDOWN_EVENT_SIGNALED(57)
[2026-04-07 21:32:32.549] [22332] [HailoRT] [info] [queue_elements.cpp:1131] [execute_deactivate] enqueue() in element MultiPushQEl0YOLOV8-Post-Process was aborted, got status = HAILO_SHUTDOWN_EVENT_SIGNALED(57)
[2026-04-07 21:32:32.549] [22332] [HailoRT] [info] [queue_elements.cpp:1131] [execute_deactivate] enqueue() in element MultiPushQEl0YOLOV8-Post-Process was aborted, got status = HAILO_SHUTDOWN_EVENT_SIGNALED(57)
[2026-04-07 21:32:32.549] [22332] [HailoRT] [info] [queue_elements.cpp:570] [execute_deactivate] enqueue() in element PushQEl3yolov8m/input_layer1 was aborted, got status = HAILO_SHUTDOWN_EVENT_SIGNALED(57)
[2026-04-07 21:32:32.549] [22332] [HailoRT] [info] [queue_elements.cpp:570] [execute_deactivate] enqueue() in element EntryPushQEl0yolov8m/input_layer1 was aborted, got status = HAILO_SHUTDOWN_EVENT_SIGNALED(57)
[2026-04-07 21:32:32.549] [22332] [HailoRT] [info] [queue_elements.cpp:46] [~BaseQueueElement] Queue element EntryPushQEl0yolov8m/input_layer1 has 0 frames in his Queue on destruction
[2026-04-07 21:32:32.549] [22332] [HailoRT] [info] [queue_elements.cpp:46] [~BaseQueueElement] Queue element PushQEl3yolov8m/input_layer1 has 0 frames in his Queue on destruction
[2026-04-07 21:41:35.625] [25531] [HailoRT] [info] [vdevice.cpp:523] [create] Creating vdevice with params: device_count: 1, scheduling_algorithm: ROUND_ROBIN, multi_process_service: false
[2026-04-07 21:41:35.638] [25531] [HailoRT] [info] [device.cpp:49] [Device] OS Version: Linux 6.12.62+rpt-rpi-2712 #1 SMP PREEMPT Debian 1:6.12.62-1+rpt1~bookworm (2026-01-19) aarch64
[2026-04-07 21:41:35.639] [25531] [HailoRT] [info] [control.cpp:108] [control__parse_identify_results] firmware_version is: 4.20.0
[2026-04-07 21:41:35.639] [25531] [HailoRT] [info] [vdevice.cpp:651] [create] VDevice Infos: 0001:01:00.0
[2026-04-07 21:41:35.660] [25531] [HailoRT] [info] [hef.cpp:1929] [get_network_group_and_network_name] No name was given. Addressing all networks of default network_group: yolov8m
[2026-04-07 21:41:35.660] [25531] [HailoRT] [info] [hef.cpp:1929] [get_network_group_and_network_name] No name was given. Addressing all networks of default network_group: yolov8m
[2026-04-07 21:41:35.669] [25531] [HailoRT] [info] [internal_buffer_manager.cpp:204] [print_execution_results] Planned internal buffer memory: CMA memory 0, user memory 3037184. memory to edge layer usage factor is 1
[2026-04-07 21:41:35.669] [25531] [HailoRT] [info] [internal_buffer_manager.cpp:212] [print_execution_results] Default Internal buffer planner executed successfully
[2026-04-07 21:41:35.707] [25531] [HailoRT] [info] [device_internal.cpp:57] [configure] Configuring HEF took 43.904371 milliseconds
[2026-04-07 21:41:35.707] [25531] [HailoRT] [info] [vdevice.cpp:749] [configure] Configuring HEF on VDevice took 44.209056 milliseconds
[2026-04-07 21:41:35.707] [25531] [HailoRT] [info] [infer_model.cpp:436] [configure] Configuring network group 'yolov8m' with params: batch size: 0, power mode: PERFORMANCE, latency: NONE
[2026-04-07 21:41:35.707] [25531] [HailoRT] [info] [multi_io_elements.cpp:756] [create] Created (AsyncHwEl)
[2026-04-07 21:41:35.707] [25531] [HailoRT] [info] [queue_elements.cpp:450] [create] Created (EntryPushQEl0yolov8m/input_layer1 | timeout: 10s)
[2026-04-07 21:41:35.708] [25531] [HailoRT] [info] [filter_elements.cpp:101] [create] Created (PreInferEl3yolov8m/input_layer1 | Reorder - src_order: RGB4, src_shape: (640, 640, 3), dst_order: NHCW, dst_shape: (640, 640, 3))
[2026-04-07 21:41:35.708] [25531] [HailoRT] [info] [queue_elements.cpp:450] [create] Created (PushQEl3yolov8m/input_layer1 | timeout: 10s)
[2026-04-07 21:41:35.708] [25531] [HailoRT] [info] [multi_io_elements.cpp:135] [create] Created (NmsPPMuxEl0YOLOV8-Post-Process | Op YOLOV8, Name: YOLOV8-Post-Process, Score threshold: 0.001, IoU threshold: 0.70, Classes: 8, Cross classes: false, NMS results order: BY_CLASS, Max bboxes per class: 100, Image height: 640, Image width: 640)
[2026-04-07 21:41:35.708] [25531] [HailoRT] [info] [queue_elements.cpp:942] [create] Created (MultiPushQEl0YOLOV8-Post-Process | timeout: 10s)
[2026-04-07 21:41:35.708] [25531] [HailoRT] [info] [edge_elements.cpp:187] [create] Created (LastAsyncEl0NmsPPMuxEl0YOLOV8-Post-Process)
[2026-04-07 21:41:35.708] [25531] [HailoRT] [info] [pipeline.cpp:891] [print_deep_description] EntryPushQEl0yolov8m/input_layer1 | inputs: user | outputs: PreInferEl3yolov8m/input_layer1(running in thread_id: 25554)
[2026-04-07 21:41:35.708] [25531] [HailoRT] [info] [pipeline.cpp:891] [print_deep_description] PreInferEl3yolov8m/input_layer1 | inputs: EntryPushQEl0yolov8m/input_layer1[0] | outputs: PushQEl3yolov8m/input_layer1
[2026-04-07 21:41:35.708] [25531] [HailoRT] [info] [pipeline.cpp:891] [print_deep_description] PushQEl3yolov8m/input_layer1 | inputs: PreInferEl3yolov8m/input_layer1[0] | outputs: AsyncHwEl(running in thread_id: 25555)
[2026-04-07 21:41:35.708] [25531] [HailoRT] [info] [pipeline.cpp:891] [print_deep_description] AsyncHwEl | inputs: PushQEl3yolov8m/input_layer1[0] | outputs: MultiPushQEl0YOLOV8-Post-Process MultiPushQEl0YOLOV8-Post-Process MultiPushQEl0YOLOV8-Post-Process MultiPushQEl0YOLOV8-Post-Process MultiPushQEl0YOLOV8-Post-Process MultiPushQEl0YOLOV8-Post-Process
[2026-04-07 21:41:35.708] [25531] [HailoRT] [info] [pipeline.cpp:891] [print_deep_description] MultiPushQEl0YOLOV8-Post-Process | inputs: AsyncHwEl[0] AsyncHwEl[1] AsyncHwEl[2] AsyncHwEl[3] AsyncHwEl[4] AsyncHwEl[5] | outputs: NmsPPMuxEl0YOLOV8-Post-Process(running in thread_id: 25556)
[2026-04-07 21:41:35.708] [25531] [HailoRT] [info] [pipeline.cpp:891] [print_deep_description] NmsPPMuxEl0YOLOV8-Post-Process | inputs: MultiPushQEl0YOLOV8-Post-Process[0] | outputs: LastAsyncEl0NmsPPMuxEl0YOLOV8-Post-Process
[2026-04-07 21:41:35.708] [25531] [HailoRT] [info] [pipeline.cpp:891] [print_deep_description] LastAsyncEl0NmsPPMuxEl0YOLOV8-Post-Process | inputs: NmsPPMuxEl0YOLOV8-Post-Process[0] | outputs: user
[2026-04-07 21:41:36.772] [25551] [HailoRT] [info] [hef.cpp:1929] [get_network_group_and_network_name] No name was given. Addressing all networks of default network_group: yolov8m
[2026-04-07 21:42:08.338] [25531] [HailoRT] [info] [async_infer_runner.cpp:86] [shutdown] Pipeline was aborted. Shutting it down
[2026-04-07 21:42:08.339] [25531] [HailoRT] [info] [queue_elements.cpp:1131] [execute_deactivate] enqueue() in element MultiPushQEl0YOLOV8-Post-Process was aborted, got status = HAILO_SHUTDOWN_EVENT_SIGNALED(57)
[2026-04-07 21:42:08.339] [25531] [HailoRT] [info] [queue_elements.cpp:1131] [execute_deactivate] enqueue() in element MultiPushQEl0YOLOV8-Post-Process was aborted, got status = HAILO_SHUTDOWN_EVENT_SIGNALED(57)
[2026-04-07 21:42:08.339] [25531] [HailoRT] [info] [queue_elements.cpp:1131] [execute_deactivate] enqueue() in element MultiPushQEl0YOLOV8-Post-Process was aborted, got status = HAILO_SHUTDOWN_EVENT_SIGNALED(57)
[2026-04-07 21:42:08.339] [25531] [HailoRT] [info] [queue_elements.cpp:1131] [execute_deactivate] enqueue() in element MultiPushQEl0YOLOV8-Post-Process was aborted, got status = HAILO_SHUTDOWN_EVENT_SIGNALED(57)
[2026-04-07 21:42:08.339] [25531] [HailoRT] [info] [queue_elements.cpp:1131] [execute_deactivate] enqueue() in element MultiPushQEl0YOLOV8-Post-Process was aborted, got status = HAILO_SHUTDOWN_EVENT_SIGNALED(57)
[2026-04-07 21:42:08.339] [25531] [HailoRT] [info] [queue_elements.cpp:1131] [execute_deactivate] enqueue() in element MultiPushQEl0YOLOV8-Post-Process was aborted, got status = HAILO_SHUTDOWN_EVENT_SIGNALED(57)
[2026-04-07 21:42:08.339] [25531] [HailoRT] [info] [queue_elements.cpp:570] [execute_deactivate] enqueue() in element PushQEl3yolov8m/input_layer1 was aborted, got status = HAILO_SHUTDOWN_EVENT_SIGNALED(57)
[2026-04-07 21:42:08.339] [25531] [HailoRT] [info] [queue_elements.cpp:570] [execute_deactivate] enqueue() in element EntryPushQEl0yolov8m/input_layer1 was aborted, got status = HAILO_SHUTDOWN_EVENT_SIGNALED(57)
[2026-04-07 21:42:08.339] [25531] [HailoRT] [info] [queue_elements.cpp:46] [~BaseQueueElement] Queue element EntryPushQEl0yolov8m/input_layer1 has 0 frames in his Queue on destruction
[2026-04-07 21:42:08.339] [25531] [HailoRT] [info] [queue_elements.cpp:46] [~BaseQueueElement] Queue element PushQEl3yolov8m/input_layer1 has 0 frames in his Queue on destruction
[2026-04-07 21:51:25.238] [28262] [HailoRT] [info] [vdevice.cpp:523] [create] Creating vdevice with params: device_count: 1, scheduling_algorithm: ROUND_ROBIN, multi_process_service: false
[2026-04-07 21:51:25.250] [28262] [HailoRT] [info] [device.cpp:49] [Device] OS Version: Linux 6.12.62+rpt-rpi-2712 #1 SMP PREEMPT Debian 1:6.12.62-1+rpt1~bookworm (2026-01-19) aarch64
[2026-04-07 21:51:25.251] [28262] [HailoRT] [info] [control.cpp:108] [control__parse_identify_results] firmware_version is: 4.20.0
[2026-04-07 21:51:25.251] [28262] [HailoRT] [info] [vdevice.cpp:651] [create] VDevice Infos: 0001:01:00.0
[2026-04-07 21:51:25.271] [28262] [HailoRT] [info] [hef.cpp:1929] [get_network_group_and_network_name] No name was given. Addressing all networks of default network_group: yolov8m
[2026-04-07 21:51:25.271] [28262] [HailoRT] [info] [hef.cpp:1929] [get_network_group_and_network_name] No name was given. Addressing all networks of default network_group: yolov8m
[2026-04-07 21:51:25.280] [28262] [HailoRT] [info] [internal_buffer_manager.cpp:204] [print_execution_results] Planned internal buffer memory: CMA memory 0, user memory 3037184. memory to edge layer usage factor is 1
[2026-04-07 21:51:25.280] [28262] [HailoRT] [info] [internal_buffer_manager.cpp:212] [print_execution_results] Default Internal buffer planner executed successfully
[2026-04-07 21:51:25.317] [28262] [HailoRT] [info] [device_internal.cpp:57] [configure] Configuring HEF took 42.813166 milliseconds
[2026-04-07 21:51:25.317] [28262] [HailoRT] [info] [vdevice.cpp:749] [configure] Configuring HEF on VDevice took 43.120573 milliseconds
[2026-04-07 21:51:25.317] [28262] [HailoRT] [info] [infer_model.cpp:436] [configure] Configuring network group 'yolov8m' with params: batch size: 0, power mode: PERFORMANCE, latency: NONE
[2026-04-07 21:51:25.317] [28262] [HailoRT] [info] [multi_io_elements.cpp:756] [create] Created (AsyncHwEl)
[2026-04-07 21:51:25.317] [28262] [HailoRT] [info] [queue_elements.cpp:450] [create] Created (EntryPushQEl0yolov8m/input_layer1 | timeout: 10s)
[2026-04-07 21:51:25.317] [28262] [HailoRT] [info] [filter_elements.cpp:101] [create] Created (PreInferEl3yolov8m/input_layer1 | Reorder - src_order: RGB4, src_shape: (640, 640, 3), dst_order: NHCW, dst_shape: (640, 640, 3))
[2026-04-07 21:51:25.317] [28262] [HailoRT] [info] [queue_elements.cpp:450] [create] Created (PushQEl3yolov8m/input_layer1 | timeout: 10s)
[2026-04-07 21:51:25.317] [28262] [HailoRT] [info] [multi_io_elements.cpp:135] [create] Created (NmsPPMuxEl0YOLOV8-Post-Process | Op YOLOV8, Name: YOLOV8-Post-Process, Score threshold: 0.001, IoU threshold: 0.70, Classes: 8, Cross classes: false, NMS results order: BY_CLASS, Max bboxes per class: 100, Image height: 640, Image width: 640)
[2026-04-07 21:51:25.318] [28262] [HailoRT] [info] [queue_elements.cpp:942] [create] Created (MultiPushQEl0YOLOV8-Post-Process | timeout: 10s)
[2026-04-07 21:51:25.318] [28262] [HailoRT] [info] [edge_elements.cpp:187] [create] Created (LastAsyncEl0NmsPPMuxEl0YOLOV8-Post-Process)
[2026-04-07 21:51:25.318] [28262] [HailoRT] [info] [pipeline.cpp:891] [print_deep_description] EntryPushQEl0yolov8m/input_layer1 | inputs: user | outputs: PreInferEl3yolov8m/input_layer1(running in thread_id: 28294)
[2026-04-07 21:51:25.318] [28262] [HailoRT] [info] [pipeline.cpp:891] [print_deep_description] PreInferEl3yolov8m/input_layer1 | inputs: EntryPushQEl0yolov8m/input_layer1[0] | outputs: PushQEl3yolov8m/input_layer1
[2026-04-07 21:51:25.318] [28262] [HailoRT] [info] [pipeline.cpp:891] [print_deep_description] PushQEl3yolov8m/input_layer1 | inputs: PreInferEl3yolov8m/input_layer1[0] | outputs: AsyncHwEl(running in thread_id: 28295)
[2026-04-07 21:51:25.318] [28262] [HailoRT] [info] [pipeline.cpp:891] [print_deep_description] AsyncHwEl | inputs: PushQEl3yolov8m/input_layer1[0] | outputs: MultiPushQEl0YOLOV8-Post-Process MultiPushQEl0YOLOV8-Post-Process MultiPushQEl0YOLOV8-Post-Process MultiPushQEl0YOLOV8-Post-Process MultiPushQEl0YOLOV8-Post-Process MultiPushQEl0YOLOV8-Post-Process
[2026-04-07 21:51:25.318] [28262] [HailoRT] [info] [pipeline.cpp:891] [print_deep_description] MultiPushQEl0YOLOV8-Post-Process | inputs: AsyncHwEl[0] AsyncHwEl[1] AsyncHwEl[2] AsyncHwEl[3] AsyncHwEl[4] AsyncHwEl[5] | outputs: NmsPPMuxEl0YOLOV8-Post-Process(running in thread_id: 28296)
[2026-04-07 21:51:25.318] [28262] [HailoRT] [info] [pipeline.cpp:891] [print_deep_description] NmsPPMuxEl0YOLOV8-Post-Process | inputs: MultiPushQEl0YOLOV8-Post-Process[0] | outputs: LastAsyncEl0NmsPPMuxEl0YOLOV8-Post-Process
[2026-04-07 21:51:25.318] [28262] [HailoRT] [info] [pipeline.cpp:891] [print_deep_description] LastAsyncEl0NmsPPMuxEl0YOLOV8-Post-Process | inputs: NmsPPMuxEl0YOLOV8-Post-Process[0] | outputs: user
[2026-04-07 21:51:27.313] [28291] [HailoRT] [info] [hef.cpp:1929] [get_network_group_and_network_name] No name was given. Addressing all networks of default network_group: yolov8m
[2026-04-07 21:51:58.983] [28262] [HailoRT] [info] [async_infer_runner.cpp:86] [shutdown] Pipeline was aborted. Shutting it down
[2026-04-07 21:51:58.985] [28262] [HailoRT] [info] [queue_elements.cpp:1131] [execute_deactivate] enqueue() in element MultiPushQEl0YOLOV8-Post-Process was aborted, got status = HAILO_SHUTDOWN_EVENT_SIGNALED(57)
[2026-04-07 21:51:58.985] [28262] [HailoRT] [info] [queue_elements.cpp:1131] [execute_deactivate] enqueue() in element MultiPushQEl0YOLOV8-Post-Process was aborted, got status = HAILO_SHUTDOWN_EVENT_SIGNALED(57)
[2026-04-07 21:51:58.985] [28262] [HailoRT] [info] [queue_elements.cpp:1131] [execute_deactivate] enqueue() in element MultiPushQEl0YOLOV8-Post-Process was aborted, got status = HAILO_SHUTDOWN_EVENT_SIGNALED(57)
[2026-04-07 21:51:58.985] [28262] [HailoRT] [info] [queue_elements.cpp:1131] [execute_deactivate] enqueue() in element MultiPushQEl0YOLOV8-Post-Process was aborted, got status = HAILO_SHUTDOWN_EVENT_SIGNALED(57)
[2026-04-07 21:51:58.985] [28262] [HailoRT] [info] [queue_elements.cpp:1131] [execute_deactivate] enqueue() in element MultiPushQEl0YOLOV8-Post-Process was aborted, got status = HAILO_SHUTDOWN_EVENT_SIGNALED(57)
[2026-04-07 21:51:58.985] [28262] [HailoRT] [info] [queue_elements.cpp:1131] [execute_deactivate] enqueue() in element MultiPushQEl0YOLOV8-Post-Process was aborted, got status = HAILO_SHUTDOWN_EVENT_SIGNALED(57)
[2026-04-07 21:51:58.985] [28262] [HailoRT] [info] [queue_elements.cpp:570] [execute_deactivate] enqueue() in element PushQEl3yolov8m/input_layer1 was aborted, got status = HAILO_SHUTDOWN_EVENT_SIGNALED(57)
[2026-04-07 21:51:58.985] [28262] [HailoRT] [info] [queue_elements.cpp:570] [execute_deactivate] enqueue() in element EntryPushQEl0yolov8m/input_layer1 was aborted, got status = HAILO_SHUTDOWN_EVENT_SIGNALED(57)
[2026-04-07 21:51:58.985] [28262] [HailoRT] [info] [queue_elements.cpp:46] [~BaseQueueElement] Queue element EntryPushQEl0yolov8m/input_layer1 has 0 frames in his Queue on destruction
[2026-04-07 21:51:58.985] [28262] [HailoRT] [info] [queue_elements.cpp:46] [~BaseQueueElement] Queue element PushQEl3yolov8m/input_layer1 has 0 frames in his Queue on destruction
[2026-04-07 21:52:11.657] [28666] [HailoRT] [info] [vdevice.cpp:523] [create] Creating vdevice with params: device_count: 1, scheduling_algorithm: ROUND_ROBIN, multi_process_service: false
[2026-04-07 21:52:11.669] [28666] [HailoRT] [info] [device.cpp:49] [Device] OS Version: Linux 6.12.62+rpt-rpi-2712 #1 SMP PREEMPT Debian 1:6.12.62-1+rpt1~bookworm (2026-01-19) aarch64
[2026-04-07 21:52:11.670] [28666] [HailoRT] [info] [control.cpp:108] [control__parse_identify_results] firmware_version is: 4.20.0
[2026-04-07 21:52:11.670] [28666] [HailoRT] [info] [vdevice.cpp:651] [create] VDevice Infos: 0001:01:00.0
[2026-04-07 21:52:11.690] [28666] [HailoRT] [info] [hef.cpp:1929] [get_network_group_and_network_name] No name was given. Addressing all networks of default network_group: yolov8m
[2026-04-07 21:52:11.690] [28666] [HailoRT] [info] [hef.cpp:1929] [get_network_group_and_network_name] No name was given. Addressing all networks of default network_group: yolov8m
[2026-04-07 21:52:11.699] [28666] [HailoRT] [info] [internal_buffer_manager.cpp:204] [print_execution_results] Planned internal buffer memory: CMA memory 0, user memory 3037184. memory to edge layer usage factor is 1
[2026-04-07 21:52:11.699] [28666] [HailoRT] [info] [internal_buffer_manager.cpp:212] [print_execution_results] Default Internal buffer planner executed successfully
[2026-04-07 21:52:11.736] [28666] [HailoRT] [info] [device_internal.cpp:57] [configure] Configuring HEF took 42.751499 milliseconds
[2026-04-07 21:52:11.736] [28666] [HailoRT] [info] [vdevice.cpp:749] [configure] Configuring HEF on VDevice took 43.052018 milliseconds
[2026-04-07 21:52:11.736] [28666] [HailoRT] [info] [infer_model.cpp:436] [configure] Configuring network group 'yolov8m' with params: batch size: 0, power mode: PERFORMANCE, latency: NONE
[2026-04-07 21:52:11.736] [28666] [HailoRT] [info] [multi_io_elements.cpp:756] [create] Created (AsyncHwEl)
[2026-04-07 21:52:11.736] [28666] [HailoRT] [info] [queue_elements.cpp:450] [create] Created (EntryPushQEl0yolov8m/input_layer1 | timeout: 10s)
[2026-04-07 21:52:11.736] [28666] [HailoRT] [info] [filter_elements.cpp:101] [create] Created (PreInferEl3yolov8m/input_layer1 | Reorder - src_order: RGB4, src_shape: (640, 640, 3), dst_order: NHCW, dst_shape: (640, 640, 3))
[2026-04-07 21:52:11.736] [28666] [HailoRT] [info] [queue_elements.cpp:450] [create] Created (PushQEl3yolov8m/input_layer1 | timeout: 10s)
[2026-04-07 21:52:11.736] [28666] [HailoRT] [info] [multi_io_elements.cpp:135] [create] Created (NmsPPMuxEl0YOLOV8-Post-Process | Op YOLOV8, Name: YOLOV8-Post-Process, Score threshold: 0.001, IoU threshold: 0.70, Classes: 8, Cross classes: false, NMS results order: BY_CLASS, Max bboxes per class: 100, Image height: 640, Image width: 640)
[2026-04-07 21:52:11.736] [28666] [HailoRT] [info] [queue_elements.cpp:942] [create] Created (MultiPushQEl0YOLOV8-Post-Process | timeout: 10s)
[2026-04-07 21:52:11.736] [28666] [HailoRT] [info] [edge_elements.cpp:187] [create] Created (LastAsyncEl0NmsPPMuxEl0YOLOV8-Post-Process)
[2026-04-07 21:52:11.736] [28666] [HailoRT] [info] [pipeline.cpp:891] [print_deep_description] EntryPushQEl0yolov8m/input_layer1 | inputs: user | outputs: PreInferEl3yolov8m/input_layer1(running in thread_id: 28697)
[2026-04-07 21:52:11.736] [28666] [HailoRT] [info] [pipeline.cpp:891] [print_deep_description] PreInferEl3yolov8m/input_layer1 | inputs: EntryPushQEl0yolov8m/input_layer1[0] | outputs: PushQEl3yolov8m/input_layer1
[2026-04-07 21:52:11.736] [28666] [HailoRT] [info] [pipeline.cpp:891] [print_deep_description] PushQEl3yolov8m/input_layer1 | inputs: PreInferEl3yolov8m/input_layer1[0] | outputs: AsyncHwEl(running in thread_id: 28698)
[2026-04-07 21:52:11.736] [28666] [HailoRT] [info] [pipeline.cpp:891] [print_deep_description] AsyncHwEl | inputs: PushQEl3yolov8m/input_layer1[0] | outputs: MultiPushQEl0YOLOV8-Post-Process MultiPushQEl0YOLOV8-Post-Process MultiPushQEl0YOLOV8-Post-Process MultiPushQEl0YOLOV8-Post-Process MultiPushQEl0YOLOV8-Post-Process MultiPushQEl0YOLOV8-Post-Process
[2026-04-07 21:52:11.736] [28666] [HailoRT] [info] [pipeline.cpp:891] [print_deep_description] MultiPushQEl0YOLOV8-Post-Process | inputs: AsyncHwEl[0] AsyncHwEl[1] AsyncHwEl[2] AsyncHwEl[3] AsyncHwEl[4] AsyncHwEl[5] | outputs: NmsPPMuxEl0YOLOV8-Post-Process(running in thread_id: 28699)
[2026-04-07 21:52:11.736] [28666] [HailoRT] [info] [pipeline.cpp:891] [print_deep_description] NmsPPMuxEl0YOLOV8-Post-Process | inputs: MultiPushQEl0YOLOV8-Post-Process[0] | outputs: LastAsyncEl0NmsPPMuxEl0YOLOV8-Post-Process
[2026-04-07 21:52:11.736] [28666] [HailoRT] [info] [pipeline.cpp:891] [print_deep_description] LastAsyncEl0NmsPPMuxEl0YOLOV8-Post-Process | inputs: NmsPPMuxEl0YOLOV8-Post-Process[0] | outputs: user
[2026-04-07 21:52:12.810] [28694] [HailoRT] [info] [hef.cpp:1929] [get_network_group_and_network_name] No name was given. Addressing all networks of default network_group: yolov8m
[2026-04-07 21:52:35.704] [28666] [HailoRT] [info] [async_infer_runner.cpp:86] [shutdown] Pipeline was aborted. Shutting it down
[2026-04-07 21:52:35.708] [28666] [HailoRT] [info] [queue_elements.cpp:1131] [execute_deactivate] enqueue() in element MultiPushQEl0YOLOV8-Post-Process was aborted, got status = HAILO_SHUTDOWN_EVENT_SIGNALED(57)
[2026-04-07 21:52:35.708] [28666] [HailoRT] [info] [queue_elements.cpp:1131] [execute_deactivate] enqueue() in element MultiPushQEl0YOLOV8-Post-Process was aborted, got status = HAILO_SHUTDOWN_EVENT_SIGNALED(57)
[2026-04-07 21:52:35.708] [28666] [HailoRT] [info] [queue_elements.cpp:1131] [execute_deactivate] enqueue() in element MultiPushQEl0YOLOV8-Post-Process was aborted, got status = HAILO_SHUTDOWN_EVENT_SIGNALED(57)
[2026-04-07 21:52:35.708] [28666] [HailoRT] [info] [queue_elements.cpp:1131] [execute_deactivate] enqueue() in element MultiPushQEl0YOLOV8-Post-Process was aborted, got status = HAILO_SHUTDOWN_EVENT_SIGNALED(57)
[2026-04-07 21:52:35.708] [28666] [HailoRT] [info] [queue_elements.cpp:1131] [execute_deactivate] enqueue() in element MultiPushQEl0YOLOV8-Post-Process was aborted, got status = HAILO_SHUTDOWN_EVENT_SIGNALED(57)
[2026-04-07 21:52:35.708] [28666] [HailoRT] [info] [queue_elements.cpp:1131] [execute_deactivate] enqueue() in element MultiPushQEl0YOLOV8-Post-Process was aborted, got status = HAILO_SHUTDOWN_EVENT_SIGNALED(57)
[2026-04-07 21:52:35.708] [28666] [HailoRT] [info] [queue_elements.cpp:570] [execute_deactivate] enqueue() in element PushQEl3yolov8m/input_layer1 was aborted, got status = HAILO_SHUTDOWN_EVENT_SIGNALED(57)
[2026-04-07 21:52:35.708] [28666] [HailoRT] [info] [queue_elements.cpp:570] [execute_deactivate] enqueue() in element EntryPushQEl0yolov8m/input_layer1 was aborted, got status = HAILO_SHUTDOWN_EVENT_SIGNALED(57)
[2026-04-07 21:52:35.708] [28666] [HailoRT] [info] [queue_elements.cpp:46] [~BaseQueueElement] Queue element EntryPushQEl0yolov8m/input_layer1 has 0 frames in his Queue on destruction
[2026-04-07 21:52:35.708] [28666] [HailoRT] [info] [queue_elements.cpp:46] [~BaseQueueElement] Queue element PushQEl3yolov8m/input_layer1 has 0 frames in his Queue on destruction
[2026-04-07 21:53:18.368] [29151] [HailoRT] [info] [vdevice.cpp:523] [create] Creating vdevice with params: device_count: 1, scheduling_algorithm: ROUND_ROBIN, multi_process_service: false
[2026-04-07 21:53:18.381] [29151] [HailoRT] [info] [device.cpp:49] [Device] OS Version: Linux 6.12.62+rpt-rpi-2712 #1 SMP PREEMPT Debian 1:6.12.62-1+rpt1~bookworm (2026-01-19) aarch64
[2026-04-07 21:53:18.382] [29151] [HailoRT] [info] [control.cpp:108] [control__parse_identify_results] firmware_version is: 4.20.0
[2026-04-07 21:53:18.382] [29151] [HailoRT] [info] [vdevice.cpp:651] [create] VDevice Infos: 0001:01:00.0
[2026-04-07 21:53:18.403] [29151] [HailoRT] [info] [hef.cpp:1929] [get_network_group_and_network_name] No name was given. Addressing all networks of default network_group: yolov8m
[2026-04-07 21:53:18.403] [29151] [HailoRT] [info] [hef.cpp:1929] [get_network_group_and_network_name] No name was given. Addressing all networks of default network_group: yolov8m
[2026-04-07 21:53:18.412] [29151] [HailoRT] [info] [internal_buffer_manager.cpp:204] [print_execution_results] Planned internal buffer memory: CMA memory 0, user memory 3037184. memory to edge layer usage factor is 1
[2026-04-07 21:53:18.412] [29151] [HailoRT] [info] [internal_buffer_manager.cpp:212] [print_execution_results] Default Internal buffer planner executed successfully
[2026-04-07 21:53:18.480] [29151] [HailoRT] [info] [device_internal.cpp:57] [configure] Configuring HEF took 73.536093 milliseconds
[2026-04-07 21:53:18.480] [29151] [HailoRT] [info] [vdevice.cpp:749] [configure] Configuring HEF on VDevice took 73.874687 milliseconds
[2026-04-07 21:53:18.480] [29151] [HailoRT] [info] [infer_model.cpp:436] [configure] Configuring network group 'yolov8m' with params: batch size: 0, power mode: PERFORMANCE, latency: NONE
[2026-04-07 21:53:18.480] [29151] [HailoRT] [info] [multi_io_elements.cpp:756] [create] Created (AsyncHwEl)
[2026-04-07 21:53:18.480] [29151] [HailoRT] [info] [queue_elements.cpp:450] [create] Created (EntryPushQEl0yolov8m/input_layer1 | timeout: 10s)
[2026-04-07 21:53:18.480] [29151] [HailoRT] [info] [filter_elements.cpp:101] [create] Created (PreInferEl3yolov8m/input_layer1 | Reorder - src_order: RGB4, src_shape: (640, 640, 3), dst_order: NHCW, dst_shape: (640, 640, 3))
[2026-04-07 21:53:18.483] [29151] [HailoRT] [info] [queue_elements.cpp:450] [create] Created (PushQEl3yolov8m/input_layer1 | timeout: 10s)
[2026-04-07 21:53:18.483] [29151] [HailoRT] [info] [multi_io_elements.cpp:135] [create] Created (NmsPPMuxEl0YOLOV8-Post-Process | Op YOLOV8, Name: YOLOV8-Post-Process, Score threshold: 0.001, IoU threshold: 0.70, Classes: 8, Cross classes: false, NMS results order: BY_CLASS, Max bboxes per class: 100, Image height: 640, Image width: 640)
[2026-04-07 21:53:18.484] [29151] [HailoRT] [info] [queue_elements.cpp:942] [create] Created (MultiPushQEl0YOLOV8-Post-Process | timeout: 10s)
[2026-04-07 21:53:18.484] [29151] [HailoRT] [info] [edge_elements.cpp:187] [create] Created (LastAsyncEl0NmsPPMuxEl0YOLOV8-Post-Process)
[2026-04-07 21:53:18.484] [29151] [HailoRT] [info] [pipeline.cpp:891] [print_deep_description] EntryPushQEl0yolov8m/input_layer1 | inputs: user | outputs: PreInferEl3yolov8m/input_layer1(running in thread_id: 29183)
[2026-04-07 21:53:18.484] [29151] [HailoRT] [info] [pipeline.cpp:891] [print_deep_description] PreInferEl3yolov8m/input_layer1 | inputs: EntryPushQEl0yolov8m/input_layer1[0] | outputs: PushQEl3yolov8m/input_layer1
[2026-04-07 21:53:18.484] [29151] [HailoRT] [info] [pipeline.cpp:891] [print_deep_description] PushQEl3yolov8m/input_layer1 | inputs: PreInferEl3yolov8m/input_layer1[0] | outputs: AsyncHwEl(running in thread_id: 29184)
[2026-04-07 21:53:18.484] [29151] [HailoRT] [info] [pipeline.cpp:891] [print_deep_description] AsyncHwEl | inputs: PushQEl3yolov8m/input_layer1[0] | outputs: MultiPushQEl0YOLOV8-Post-Process MultiPushQEl0YOLOV8-Post-Process MultiPushQEl0YOLOV8-Post-Process MultiPushQEl0YOLOV8-Post-Process MultiPushQEl0YOLOV8-Post-Process MultiPushQEl0YOLOV8-Post-Process
[2026-04-07 21:53:18.484] [29151] [HailoRT] [info] [pipeline.cpp:891] [print_deep_description] MultiPushQEl0YOLOV8-Post-Process | inputs: AsyncHwEl[0] AsyncHwEl[1] AsyncHwEl[2] AsyncHwEl[3] AsyncHwEl[4] AsyncHwEl[5] | outputs: NmsPPMuxEl0YOLOV8-Post-Process(running in thread_id: 29185)
[2026-04-07 21:53:18.484] [29151] [HailoRT] [info] [pipeline.cpp:891] [print_deep_description] NmsPPMuxEl0YOLOV8-Post-Process | inputs: MultiPushQEl0YOLOV8-Post-Process[0] | outputs: LastAsyncEl0NmsPPMuxEl0YOLOV8-Post-Process
[2026-04-07 21:53:18.484] [29151] [HailoRT] [info] [pipeline.cpp:891] [print_deep_description] LastAsyncEl0NmsPPMuxEl0YOLOV8-Post-Process | inputs: NmsPPMuxEl0YOLOV8-Post-Process[0] | outputs: user
[2026-04-07 21:53:20.583] [29180] [HailoRT] [info] [hef.cpp:1929] [get_network_group_and_network_name] No name was given. Addressing all networks of default network_group: yolov8m
[2026-04-07 21:53:51.836] [29151] [HailoRT] [info] [async_infer_runner.cpp:86] [shutdown] Pipeline was aborted. Shutting it down
[2026-04-07 21:53:51.838] [29151] [HailoRT] [info] [queue_elements.cpp:1131] [execute_deactivate] enqueue() in element MultiPushQEl0YOLOV8-Post-Process was aborted, got status = HAILO_SHUTDOWN_EVENT_SIGNALED(57)
[2026-04-07 21:53:51.838] [29151] [HailoRT] [info] [queue_elements.cpp:1131] [execute_deactivate] enqueue() in element MultiPushQEl0YOLOV8-Post-Process was aborted, got status = HAILO_SHUTDOWN_EVENT_SIGNALED(57)
[2026-04-07 21:53:51.838] [29151] [HailoRT] [info] [queue_elements.cpp:1131] [execute_deactivate] enqueue() in element MultiPushQEl0YOLOV8-Post-Process was aborted, got status = HAILO_SHUTDOWN_EVENT_SIGNALED(57)
[2026-04-07 21:53:51.838] [29151] [HailoRT] [info] [queue_elements.cpp:1131] [execute_deactivate] enqueue() in element MultiPushQEl0YOLOV8-Post-Process was aborted, got status = HAILO_SHUTDOWN_EVENT_SIGNALED(57)
[2026-04-07 21:53:51.838] [29151] [HailoRT] [info] [queue_elements.cpp:1131] [execute_deactivate] enqueue() in element MultiPushQEl0YOLOV8-Post-Process was aborted, got status = HAILO_SHUTDOWN_EVENT_SIGNALED(57)
[2026-04-07 21:53:51.838] [29151] [HailoRT] [info] [queue_elements.cpp:1131] [execute_deactivate] enqueue() in element MultiPushQEl0YOLOV8-Post-Process was aborted, got status = HAILO_SHUTDOWN_EVENT_SIGNALED(57)
[2026-04-07 21:53:51.838] [29151] [HailoRT] [info] [queue_elements.cpp:570] [execute_deactivate] enqueue() in element PushQEl3yolov8m/input_layer1 was aborted, got status = HAILO_SHUTDOWN_EVENT_SIGNALED(57)
[2026-04-07 21:53:51.838] [29151] [HailoRT] [info] [queue_elements.cpp:570] [execute_deactivate] enqueue() in element EntryPushQEl0yolov8m/input_layer1 was aborted, got status = HAILO_SHUTDOWN_EVENT_SIGNALED(57)
[2026-04-07 21:53:51.838] [29151] [HailoRT] [info] [queue_elements.cpp:46] [~BaseQueueElement] Queue element EntryPushQEl0yolov8m/input_layer1 has 0 frames in his Queue on destruction
[2026-04-07 21:53:51.838] [29151] [HailoRT] [info] [queue_elements.cpp:46] [~BaseQueueElement] Queue element PushQEl3yolov8m/input_layer1 has 0 frames in his Queue on destruction
[2026-04-07 21:58:03.574] [30594] [HailoRT] [info] [vdevice.cpp:523] [create] Creating vdevice with params: device_count: 1, scheduling_algorithm: ROUND_ROBIN, multi_process_service: false
[2026-04-07 21:58:03.587] [30594] [HailoRT] [info] [device.cpp:49] [Device] OS Version: Linux 6.12.62+rpt-rpi-2712 #1 SMP PREEMPT Debian 1:6.12.62-1+rpt1~bookworm (2026-01-19) aarch64
[2026-04-07 21:58:03.588] [30594] [HailoRT] [info] [control.cpp:108] [control__parse_identify_results] firmware_version is: 4.20.0
[2026-04-07 21:58:03.588] [30594] [HailoRT] [info] [vdevice.cpp:651] [create] VDevice Infos: 0001:01:00.0
[2026-04-07 21:58:03.609] [30594] [HailoRT] [info] [hef.cpp:1929] [get_network_group_and_network_name] No name was given. Addressing all networks of default network_group: yolov8m
[2026-04-07 21:58:03.609] [30594] [HailoRT] [info] [hef.cpp:1929] [get_network_group_and_network_name] No name was given. Addressing all networks of default network_group: yolov8m
[2026-04-07 21:58:03.618] [30594] [HailoRT] [info] [internal_buffer_manager.cpp:204] [print_execution_results] Planned internal buffer memory: CMA memory 0, user memory 3037184. memory to edge layer usage factor is 1
[2026-04-07 21:58:03.618] [30594] [HailoRT] [info] [internal_buffer_manager.cpp:212] [print_execution_results] Default Internal buffer planner executed successfully
[2026-04-07 21:58:03.664] [30594] [HailoRT] [info] [device_internal.cpp:57] [configure] Configuring HEF took 52.680086 milliseconds
[2026-04-07 21:58:03.665] [30594] [HailoRT] [info] [vdevice.cpp:749] [configure] Configuring HEF on VDevice took 52.985049 milliseconds
[2026-04-07 21:58:03.665] [30594] [HailoRT] [info] [infer_model.cpp:436] [configure] Configuring network group 'yolov8m' with params: batch size: 0, power mode: PERFORMANCE, latency: NONE
[2026-04-07 21:58:03.665] [30594] [HailoRT] [info] [multi_io_elements.cpp:756] [create] Created (AsyncHwEl)
[2026-04-07 21:58:03.665] [30594] [HailoRT] [info] [queue_elements.cpp:450] [create] Created (EntryPushQEl0yolov8m/input_layer1 | timeout: 10s)
[2026-04-07 21:58:03.665] [30594] [HailoRT] [info] [filter_elements.cpp:101] [create] Created (PreInferEl3yolov8m/input_layer1 | Reorder - src_order: RGB4, src_shape: (640, 640, 3), dst_order: NHCW, dst_shape: (640, 640, 3))
[2026-04-07 21:58:03.665] [30594] [HailoRT] [info] [queue_elements.cpp:450] [create] Created (PushQEl3yolov8m/input_layer1 | timeout: 10s)
[2026-04-07 21:58:03.665] [30594] [HailoRT] [info] [multi_io_elements.cpp:135] [create] Created (NmsPPMuxEl0YOLOV8-Post-Process | Op YOLOV8, Name: YOLOV8-Post-Process, Score threshold: 0.001, IoU threshold: 0.70, Classes: 8, Cross classes: false, NMS results order: BY_CLASS, Max bboxes per class: 100, Image height: 640, Image width: 640)
[2026-04-07 21:58:03.665] [30594] [HailoRT] [info] [queue_elements.cpp:942] [create] Created (MultiPushQEl0YOLOV8-Post-Process | timeout: 10s)
[2026-04-07 21:58:03.665] [30594] [HailoRT] [info] [edge_elements.cpp:187] [create] Created (LastAsyncEl0NmsPPMuxEl0YOLOV8-Post-Process)
[2026-04-07 21:58:03.665] [30594] [HailoRT] [info] [pipeline.cpp:891] [print_deep_description] EntryPushQEl0yolov8m/input_layer1 | inputs: user | outputs: PreInferEl3yolov8m/input_layer1(running in thread_id: 30626)
[2026-04-07 21:58:03.665] [30594] [HailoRT] [info] [pipeline.cpp:891] [print_deep_description] PreInferEl3yolov8m/input_layer1 | inputs: EntryPushQEl0yolov8m/input_layer1[0] | outputs: PushQEl3yolov8m/input_layer1
[2026-04-07 21:58:03.665] [30594] [HailoRT] [info] [pipeline.cpp:891] [print_deep_description] PushQEl3yolov8m/input_layer1 | inputs: PreInferEl3yolov8m/input_layer1[0] | outputs: AsyncHwEl(running in thread_id: 30627)
[2026-04-07 21:58:03.665] [30594] [HailoRT] [info] [pipeline.cpp:891] [print_deep_description] AsyncHwEl | inputs: PushQEl3yolov8m/input_layer1[0] | outputs: MultiPushQEl0YOLOV8-Post-Process MultiPushQEl0YOLOV8-Post-Process MultiPushQEl0YOLOV8-Post-Process MultiPushQEl0YOLOV8-Post-Process MultiPushQEl0YOLOV8-Post-Process MultiPushQEl0YOLOV8-Post-Process
[2026-04-07 21:58:03.665] [30594] [HailoRT] [info] [pipeline.cpp:891] [print_deep_description] MultiPushQEl0YOLOV8-Post-Process | inputs: AsyncHwEl[0] AsyncHwEl[1] AsyncHwEl[2] AsyncHwEl[3] AsyncHwEl[4] AsyncHwEl[5] | outputs: NmsPPMuxEl0YOLOV8-Post-Process(running in thread_id: 30628)
[2026-04-07 21:58:03.665] [30594] [HailoRT] [info] [pipeline.cpp:891] [print_deep_description] NmsPPMuxEl0YOLOV8-Post-Process | inputs: MultiPushQEl0YOLOV8-Post-Process[0] | outputs: LastAsyncEl0NmsPPMuxEl0YOLOV8-Post-Process
[2026-04-07 21:58:03.665] [30594] [HailoRT] [info] [pipeline.cpp:891] [print_deep_description] LastAsyncEl0NmsPPMuxEl0YOLOV8-Post-Process | inputs: NmsPPMuxEl0YOLOV8-Post-Process[0] | outputs: user
[2026-04-07 21:58:04.735] [30623] [HailoRT] [info] [hef.cpp:1929] [get_network_group_and_network_name] No name was given. Addressing all networks of default network_group: yolov8m
[2026-04-07 21:58:53.420] [30594] [HailoRT] [info] [async_infer_runner.cpp:86] [shutdown] Pipeline was aborted. Shutting it down
[2026-04-07 21:58:53.421] [30594] [HailoRT] [info] [queue_elements.cpp:1131] [execute_deactivate] enqueue() in element MultiPushQEl0YOLOV8-Post-Process was aborted, got status = HAILO_SHUTDOWN_EVENT_SIGNALED(57)
[2026-04-07 21:58:53.421] [30594] [HailoRT] [info] [queue_elements.cpp:1131] [execute_deactivate] enqueue() in element MultiPushQEl0YOLOV8-Post-Process was aborted, got status = HAILO_SHUTDOWN_EVENT_SIGNALED(57)
[2026-04-07 21:58:53.421] [30594] [HailoRT] [info] [queue_elements.cpp:1131] [execute_deactivate] enqueue() in element MultiPushQEl0YOLOV8-Post-Process was aborted, got status = HAILO_SHUTDOWN_EVENT_SIGNALED(57)
[2026-04-07 21:58:53.421] [30594] [HailoRT] [info] [queue_elements.cpp:1131] [execute_deactivate] enqueue() in element MultiPushQEl0YOLOV8-Post-Process was aborted, got status = HAILO_SHUTDOWN_EVENT_SIGNALED(57)
[2026-04-07 21:58:53.421] [30594] [HailoRT] [info] [queue_elements.cpp:1131] [execute_deactivate] enqueue() in element MultiPushQEl0YOLOV8-Post-Process was aborted, got status = HAILO_SHUTDOWN_EVENT_SIGNALED(57)
[2026-04-07 21:58:53.421] [30594] [HailoRT] [info] [queue_elements.cpp:1131] [execute_deactivate] enqueue() in element MultiPushQEl0YOLOV8-Post-Process was aborted, got status = HAILO_SHUTDOWN_EVENT_SIGNALED(57)
[2026-04-07 21:58:53.421] [30594] [HailoRT] [info] [queue_elements.cpp:570] [execute_deactivate] enqueue() in element PushQEl3yolov8m/input_layer1 was aborted, got status = HAILO_SHUTDOWN_EVENT_SIGNALED(57)
[2026-04-07 21:58:53.421] [30594] [HailoRT] [info] [queue_elements.cpp:570] [execute_deactivate] enqueue() in element EntryPushQEl0yolov8m/input_layer1 was aborted, got status = HAILO_SHUTDOWN_EVENT_SIGNALED(57)
[2026-04-07 21:58:53.421] [30594] [HailoRT] [info] [queue_elements.cpp:46] [~BaseQueueElement] Queue element EntryPushQEl0yolov8m/input_layer1 has 0 frames in his Queue on destruction
[2026-04-07 21:58:53.421] [30594] [HailoRT] [info] [queue_elements.cpp:46] [~BaseQueueElement] Queue element PushQEl3yolov8m/input_layer1 has 0 frames in his Queue on destruction
[2026-04-07 22:01:52.617] [31780] [HailoRT] [info] [vdevice.cpp:523] [create] Creating vdevice with params: device_count: 1, scheduling_algorithm: ROUND_ROBIN, multi_process_service: false
[2026-04-07 22:01:52.630] [31780] [HailoRT] [info] [device.cpp:49] [Device] OS Version: Linux 6.12.62+rpt-rpi-2712 #1 SMP PREEMPT Debian 1:6.12.62-1+rpt1~bookworm (2026-01-19) aarch64
[2026-04-07 22:01:52.631] [31780] [HailoRT] [info] [control.cpp:108] [control__parse_identify_results] firmware_version is: 4.20.0
[2026-04-07 22:01:52.631] [31780] [HailoRT] [info] [vdevice.cpp:651] [create] VDevice Infos: 0001:01:00.0
[2026-04-07 22:01:52.651] [31780] [HailoRT] [info] [hef.cpp:1929] [get_network_group_and_network_name] No name was given. Addressing all networks of default network_group: yolov8m
[2026-04-07 22:01:52.651] [31780] [HailoRT] [info] [hef.cpp:1929] [get_network_group_and_network_name] No name was given. Addressing all networks of default network_group: yolov8m
[2026-04-07 22:01:52.661] [31780] [HailoRT] [info] [internal_buffer_manager.cpp:204] [print_execution_results] Planned internal buffer memory: CMA memory 0, user memory 3037184. memory to edge layer usage factor is 1
[2026-04-07 22:01:52.661] [31780] [HailoRT] [info] [internal_buffer_manager.cpp:212] [print_execution_results] Default Internal buffer planner executed successfully
[2026-04-07 22:01:52.709] [31780] [HailoRT] [info] [device_internal.cpp:57] [configure] Configuring HEF took 55.205387 milliseconds
[2026-04-07 22:01:52.709] [31780] [HailoRT] [info] [vdevice.cpp:749] [configure] Configuring HEF on VDevice took 55.509566 milliseconds
[2026-04-07 22:01:52.709] [31780] [HailoRT] [info] [infer_model.cpp:436] [configure] Configuring network group 'yolov8m' with params: batch size: 0, power mode: PERFORMANCE, latency: NONE
[2026-04-07 22:01:52.709] [31780] [HailoRT] [info] [multi_io_elements.cpp:756] [create] Created (AsyncHwEl)
[2026-04-07 22:01:52.709] [31780] [HailoRT] [info] [queue_elements.cpp:450] [create] Created (EntryPushQEl0yolov8m/input_layer1 | timeout: 10s)
[2026-04-07 22:01:52.709] [31780] [HailoRT] [info] [filter_elements.cpp:101] [create] Created (PreInferEl3yolov8m/input_layer1 | Reorder - src_order: RGB4, src_shape: (640, 640, 3), dst_order: NHCW, dst_shape: (640, 640, 3))
[2026-04-07 22:01:52.709] [31780] [HailoRT] [info] [queue_elements.cpp:450] [create] Created (PushQEl3yolov8m/input_layer1 | timeout: 10s)
[2026-04-07 22:01:52.709] [31780] [HailoRT] [info] [multi_io_elements.cpp:135] [create] Created (NmsPPMuxEl0YOLOV8-Post-Process | Op YOLOV8, Name: YOLOV8-Post-Process, Score threshold: 0.001, IoU threshold: 0.70, Classes: 8, Cross classes: false, NMS results order: BY_CLASS, Max bboxes per class: 100, Image height: 640, Image width: 640)
[2026-04-07 22:01:52.710] [31780] [HailoRT] [info] [queue_elements.cpp:942] [create] Created (MultiPushQEl0YOLOV8-Post-Process | timeout: 10s)
[2026-04-07 22:01:52.710] [31780] [HailoRT] [info] [edge_elements.cpp:187] [create] Created (LastAsyncEl0NmsPPMuxEl0YOLOV8-Post-Process)
[2026-04-07 22:01:52.710] [31780] [HailoRT] [info] [pipeline.cpp:891] [print_deep_description] EntryPushQEl0yolov8m/input_layer1 | inputs: user | outputs: PreInferEl3yolov8m/input_layer1(running in thread_id: 31803)
[2026-04-07 22:01:52.710] [31780] [HailoRT] [info] [pipeline.cpp:891] [print_deep_description] PreInferEl3yolov8m/input_layer1 | inputs: EntryPushQEl0yolov8m/input_layer1[0] | outputs: PushQEl3yolov8m/input_layer1
[2026-04-07 22:01:52.710] [31780] [HailoRT] [info] [pipeline.cpp:891] [print_deep_description] PushQEl3yolov8m/input_layer1 | inputs: PreInferEl3yolov8m/input_layer1[0] | outputs: AsyncHwEl(running in thread_id: 31804)
[2026-04-07 22:01:52.710] [31780] [HailoRT] [info] [pipeline.cpp:891] [print_deep_description] AsyncHwEl | inputs: PushQEl3yolov8m/input_layer1[0] | outputs: MultiPushQEl0YOLOV8-Post-Process MultiPushQEl0YOLOV8-Post-Process MultiPushQEl0YOLOV8-Post-Process MultiPushQEl0YOLOV8-Post-Process MultiPushQEl0YOLOV8-Post-Process MultiPushQEl0YOLOV8-Post-Process
[2026-04-07 22:01:52.710] [31780] [HailoRT] [info] [pipeline.cpp:891] [print_deep_description] MultiPushQEl0YOLOV8-Post-Process | inputs: AsyncHwEl[0] AsyncHwEl[1] AsyncHwEl[2] AsyncHwEl[3] AsyncHwEl[4] AsyncHwEl[5] | outputs: NmsPPMuxEl0YOLOV8-Post-Process(running in thread_id: 31805)
[2026-04-07 22:01:52.710] [31780] [HailoRT] [info] [pipeline.cpp:891] [print_deep_description] NmsPPMuxEl0YOLOV8-Post-Process | inputs: MultiPushQEl0YOLOV8-Post-Process[0] | outputs: LastAsyncEl0NmsPPMuxEl0YOLOV8-Post-Process
[2026-04-07 22:01:52.710] [31780] [HailoRT] [info] [pipeline.cpp:891] [print_deep_description] LastAsyncEl0NmsPPMuxEl0YOLOV8-Post-Process | inputs: NmsPPMuxEl0YOLOV8-Post-Process[0] | outputs: user
[2026-04-07 22:01:54.251] [31800] [HailoRT] [info] [hef.cpp:1929] [get_network_group_and_network_name] No name was given. Addressing all networks of default network_group: yolov8m
[2026-04-07 22:10:29.166] [34166] [HailoRT] [info] [vdevice.cpp:523] [create] Creating vdevice with params: device_count: 1, scheduling_algorithm: ROUND_ROBIN, multi_process_service: false
[2026-04-07 22:10:29.178] [34166] [HailoRT] [info] [device.cpp:49] [Device] OS Version: Linux 6.12.62+rpt-rpi-2712 #1 SMP PREEMPT Debian 1:6.12.62-1+rpt1~bookworm (2026-01-19) aarch64
[2026-04-07 22:10:29.179] [34166] [HailoRT] [info] [control.cpp:108] [control__parse_identify_results] firmware_version is: 4.20.0
[2026-04-07 22:10:29.179] [34166] [HailoRT] [info] [vdevice.cpp:651] [create] VDevice Infos: 0001:01:00.0
[2026-04-07 22:10:29.203] [34166] [HailoRT] [info] [hef.cpp:1929] [get_network_group_and_network_name] No name was given. Addressing all networks of default network_group: yolov8m
[2026-04-07 22:10:29.203] [34166] [HailoRT] [info] [hef.cpp:1929] [get_network_group_and_network_name] No name was given. Addressing all networks of default network_group: yolov8m
[2026-04-07 22:10:29.213] [34166] [HailoRT] [info] [internal_buffer_manager.cpp:204] [print_execution_results] Planned internal buffer memory: CMA memory 0, user memory 3037184. memory to edge layer usage factor is 1
[2026-04-07 22:10:29.213] [34166] [HailoRT] [info] [internal_buffer_manager.cpp:212] [print_execution_results] Default Internal buffer planner executed successfully
[2026-04-07 22:10:29.262] [34166] [HailoRT] [info] [device_internal.cpp:57] [configure] Configuring HEF took 54.713785 milliseconds
[2026-04-07 22:10:29.262] [34166] [HailoRT] [info] [vdevice.cpp:749] [configure] Configuring HEF on VDevice took 55.022457 milliseconds
[2026-04-07 22:10:29.262] [34166] [HailoRT] [info] [infer_model.cpp:436] [configure] Configuring network group 'yolov8m' with params: batch size: 0, power mode: PERFORMANCE, latency: NONE
[2026-04-07 22:10:29.262] [34166] [HailoRT] [info] [multi_io_elements.cpp:756] [create] Created (AsyncHwEl)
[2026-04-07 22:10:29.262] [34166] [HailoRT] [info] [queue_elements.cpp:450] [create] Created (EntryPushQEl0yolov8m/input_layer1 | timeout: 10s)
[2026-04-07 22:10:29.262] [34166] [HailoRT] [info] [filter_elements.cpp:101] [create] Created (PreInferEl3yolov8m/input_layer1 | Reorder - src_order: RGB4, src_shape: (640, 640, 3), dst_order: NHCW, dst_shape: (640, 640, 3))
[2026-04-07 22:10:29.262] [34166] [HailoRT] [info] [queue_elements.cpp:450] [create] Created (PushQEl3yolov8m/input_layer1 | timeout: 10s)
[2026-04-07 22:10:29.262] [34166] [HailoRT] [info] [multi_io_elements.cpp:135] [create] Created (NmsPPMuxEl0YOLOV8-Post-Process | Op YOLOV8, Name: YOLOV8-Post-Process, Score threshold: 0.001, IoU threshold: 0.70, Classes: 8, Cross classes: false, NMS results order: BY_CLASS, Max bboxes per class: 100, Image height: 640, Image width: 640)
[2026-04-07 22:10:29.262] [34166] [HailoRT] [info] [queue_elements.cpp:942] [create] Created (MultiPushQEl0YOLOV8-Post-Process | timeout: 10s)
[2026-04-07 22:10:29.262] [34166] [HailoRT] [info] [edge_elements.cpp:187] [create] Created (LastAsyncEl0NmsPPMuxEl0YOLOV8-Post-Process)
[2026-04-07 22:10:29.262] [34166] [HailoRT] [info] [pipeline.cpp:891] [print_deep_description] EntryPushQEl0yolov8m/input_layer1 | inputs: user | outputs: PreInferEl3yolov8m/input_layer1(running in thread_id: 34197)
[2026-04-07 22:10:29.262] [34166] [HailoRT] [info] [pipeline.cpp:891] [print_deep_description] PreInferEl3yolov8m/input_layer1 | inputs: EntryPushQEl0yolov8m/input_layer1[0] | outputs: PushQEl3yolov8m/input_layer1
[2026-04-07 22:10:29.262] [34166] [HailoRT] [info] [pipeline.cpp:891] [print_deep_description] PushQEl3yolov8m/input_layer1 | inputs: PreInferEl3yolov8m/input_layer1[0] | outputs: AsyncHwEl(running in thread_id: 34198)
[2026-04-07 22:10:29.262] [34166] [HailoRT] [info] [pipeline.cpp:891] [print_deep_description] AsyncHwEl | inputs: PushQEl3yolov8m/input_layer1[0] | outputs: MultiPushQEl0YOLOV8-Post-Process MultiPushQEl0YOLOV8-Post-Process MultiPushQEl0YOLOV8-Post-Process MultiPushQEl0YOLOV8-Post-Process MultiPushQEl0YOLOV8-Post-Process MultiPushQEl0YOLOV8-Post-Process
[2026-04-07 22:10:29.262] [34166] [HailoRT] [info] [pipeline.cpp:891] [print_deep_description] MultiPushQEl0YOLOV8-Post-Process | inputs: AsyncHwEl[0] AsyncHwEl[1] AsyncHwEl[2] AsyncHwEl[3] AsyncHwEl[4] AsyncHwEl[5] | outputs: NmsPPMuxEl0YOLOV8-Post-Process(running in thread_id: 34199)
[2026-04-07 22:10:29.264] [34166] [HailoRT] [info] [pipeline.cpp:891] [print_deep_description] NmsPPMuxEl0YOLOV8-Post-Process | inputs: MultiPushQEl0YOLOV8-Post-Process[0] | outputs: LastAsyncEl0NmsPPMuxEl0YOLOV8-Post-Process
[2026-04-07 22:10:29.265] [34166] [HailoRT] [info] [pipeline.cpp:891] [print_deep_description] LastAsyncEl0NmsPPMuxEl0YOLOV8-Post-Process | inputs: NmsPPMuxEl0YOLOV8-Post-Process[0] | outputs: user
[2026-04-07 22:10:30.833] [34194] [HailoRT] [info] [hef.cpp:1929] [get_network_group_and_network_name] No name was given. Addressing all networks of default network_group: yolov8m
[2026-04-07 22:10:57.242] [34166] [HailoRT] [info] [async_infer_runner.cpp:86] [shutdown] Pipeline was aborted. Shutting it down
[2026-04-07 22:10:57.244] [34166] [HailoRT] [info] [queue_elements.cpp:1131] [execute_deactivate] enqueue() in element MultiPushQEl0YOLOV8-Post-Process was aborted, got status = HAILO_SHUTDOWN_EVENT_SIGNALED(57)
[2026-04-07 22:10:57.244] [34166] [HailoRT] [info] [queue_elements.cpp:1131] [execute_deactivate] enqueue() in element MultiPushQEl0YOLOV8-Post-Process was aborted, got status = HAILO_SHUTDOWN_EVENT_SIGNALED(57)
[2026-04-07 22:10:57.244] [34166] [HailoRT] [info] [queue_elements.cpp:1131] [execute_deactivate] enqueue() in element MultiPushQEl0YOLOV8-Post-Process was aborted, got status = HAILO_SHUTDOWN_EVENT_SIGNALED(57)
[2026-04-07 22:10:57.244] [34166] [HailoRT] [info] [queue_elements.cpp:1131] [execute_deactivate] enqueue() in element MultiPushQEl0YOLOV8-Post-Process was aborted, got status = HAILO_SHUTDOWN_EVENT_SIGNALED(57)
[2026-04-07 22:10:57.244] [34166] [HailoRT] [info] [queue_elements.cpp:1131] [execute_deactivate] enqueue() in element MultiPushQEl0YOLOV8-Post-Process was aborted, got status = HAILO_SHUTDOWN_EVENT_SIGNALED(57)
[2026-04-07 22:10:57.244] [34166] [HailoRT] [info] [queue_elements.cpp:1131] [execute_deactivate] enqueue() in element MultiPushQEl0YOLOV8-Post-Process was aborted, got status = HAILO_SHUTDOWN_EVENT_SIGNALED(57)
[2026-04-07 22:10:57.244] [34166] [HailoRT] [info] [queue_elements.cpp:570] [execute_deactivate] enqueue() in element PushQEl3yolov8m/input_layer1 was aborted, got status = HAILO_SHUTDOWN_EVENT_SIGNALED(57)
[2026-04-07 22:10:57.244] [34166] [HailoRT] [info] [queue_elements.cpp:570] [execute_deactivate] enqueue() in element EntryPushQEl0yolov8m/input_layer1 was aborted, got status = HAILO_SHUTDOWN_EVENT_SIGNALED(57)
[2026-04-07 22:10:57.244] [34166] [HailoRT] [info] [queue_elements.cpp:46] [~BaseQueueElement] Queue element EntryPushQEl0yolov8m/input_layer1 has 0 frames in his Queue on destruction
[2026-04-07 22:10:57.244] [34166] [HailoRT] [info] [queue_elements.cpp:46] [~BaseQueueElement] Queue element PushQEl3yolov8m/input_layer1 has 0 frames in his Queue on destruction
[2026-04-07 22:20:14.379] [37067] [HailoRT] [info] [vdevice.cpp:523] [create] Creating vdevice with params: device_count: 1, scheduling_algorithm: ROUND_ROBIN, multi_process_service: false
[2026-04-07 22:20:14.391] [37067] [HailoRT] [info] [device.cpp:49] [Device] OS Version: Linux 6.12.62+rpt-rpi-2712 #1 SMP PREEMPT Debian 1:6.12.62-1+rpt1~bookworm (2026-01-19) aarch64
[2026-04-07 22:20:14.392] [37067] [HailoRT] [info] [control.cpp:108] [control__parse_identify_results] firmware_version is: 4.20.0
[2026-04-07 22:20:14.392] [37067] [HailoRT] [info] [vdevice.cpp:651] [create] VDevice Infos: 0001:01:00.0
[2026-04-07 22:20:14.412] [37067] [HailoRT] [info] [hef.cpp:1929] [get_network_group_and_network_name] No name was given. Addressing all networks of default network_group: yolov8m
[2026-04-07 22:20:14.413] [37067] [HailoRT] [info] [hef.cpp:1929] [get_network_group_and_network_name] No name was given. Addressing all networks of default network_group: yolov8m
[2026-04-07 22:20:14.421] [37067] [HailoRT] [info] [internal_buffer_manager.cpp:204] [print_execution_results] Planned internal buffer memory: CMA memory 0, user memory 3037184. memory to edge layer usage factor is 1
[2026-04-07 22:20:14.421] [37067] [HailoRT] [info] [internal_buffer_manager.cpp:212] [print_execution_results] Default Internal buffer planner executed successfully
[2026-04-07 22:20:14.461] [37067] [HailoRT] [info] [device_internal.cpp:57] [configure] Configuring HEF took 45.875778 milliseconds
[2026-04-07 22:20:14.461] [37067] [HailoRT] [info] [vdevice.cpp:749] [configure] Configuring HEF on VDevice took 46.1793 milliseconds
[2026-04-07 22:20:14.461] [37067] [HailoRT] [info] [infer_model.cpp:436] [configure] Configuring network group 'yolov8m' with params: batch size: 0, power mode: PERFORMANCE, latency: NONE
[2026-04-07 22:20:14.461] [37067] [HailoRT] [info] [multi_io_elements.cpp:756] [create] Created (AsyncHwEl)
[2026-04-07 22:20:14.462] [37067] [HailoRT] [info] [queue_elements.cpp:450] [create] Created (EntryPushQEl0yolov8m/input_layer1 | timeout: 10s)
[2026-04-07 22:20:14.462] [37067] [HailoRT] [info] [filter_elements.cpp:101] [create] Created (PreInferEl3yolov8m/input_layer1 | Reorder - src_order: RGB4, src_shape: (640, 640, 3), dst_order: NHCW, dst_shape: (640, 640, 3))
[2026-04-07 22:20:14.462] [37067] [HailoRT] [info] [queue_elements.cpp:450] [create] Created (PushQEl3yolov8m/input_layer1 | timeout: 10s)
[2026-04-07 22:20:14.462] [37067] [HailoRT] [info] [multi_io_elements.cpp:135] [create] Created (NmsPPMuxEl0YOLOV8-Post-Process | Op YOLOV8, Name: YOLOV8-Post-Process, Score threshold: 0.001, IoU threshold: 0.70, Classes: 8, Cross classes: false, NMS results order: BY_CLASS, Max bboxes per class: 100, Image height: 640, Image width: 640)
[2026-04-07 22:20:14.462] [37067] [HailoRT] [info] [queue_elements.cpp:942] [create] Created (MultiPushQEl0YOLOV8-Post-Process | timeout: 10s)
[2026-04-07 22:20:14.462] [37067] [HailoRT] [info] [edge_elements.cpp:187] [create] Created (LastAsyncEl0NmsPPMuxEl0YOLOV8-Post-Process)
[2026-04-07 22:20:14.462] [37067] [HailoRT] [info] [pipeline.cpp:891] [print_deep_description] EntryPushQEl0yolov8m/input_layer1 | inputs: user | outputs: PreInferEl3yolov8m/input_layer1(running in thread_id: 37090)
[2026-04-07 22:20:14.462] [37067] [HailoRT] [info] [pipeline.cpp:891] [print_deep_description] PreInferEl3yolov8m/input_layer1 | inputs: EntryPushQEl0yolov8m/input_layer1[0] | outputs: PushQEl3yolov8m/input_layer1
[2026-04-07 22:20:14.462] [37067] [HailoRT] [info] [pipeline.cpp:891] [print_deep_description] PushQEl3yolov8m/input_layer1 | inputs: PreInferEl3yolov8m/input_layer1[0] | outputs: AsyncHwEl(running in thread_id: 37091)
[2026-04-07 22:20:14.462] [37067] [HailoRT] [info] [pipeline.cpp:891] [print_deep_description] AsyncHwEl | inputs: PushQEl3yolov8m/input_layer1[0] | outputs: MultiPushQEl0YOLOV8-Post-Process MultiPushQEl0YOLOV8-Post-Process MultiPushQEl0YOLOV8-Post-Process MultiPushQEl0YOLOV8-Post-Process MultiPushQEl0YOLOV8-Post-Process MultiPushQEl0YOLOV8-Post-Process
[2026-04-07 22:20:14.462] [37067] [HailoRT] [info] [pipeline.cpp:891] [print_deep_description] MultiPushQEl0YOLOV8-Post-Process | inputs: AsyncHwEl[0] AsyncHwEl[1] AsyncHwEl[2] AsyncHwEl[3] AsyncHwEl[4] AsyncHwEl[5] | outputs: NmsPPMuxEl0YOLOV8-Post-Process(running in thread_id: 37092)
[2026-04-07 22:20:14.462] [37067] [HailoRT] [info] [pipeline.cpp:891] [print_deep_description] NmsPPMuxEl0YOLOV8-Post-Process | inputs: MultiPushQEl0YOLOV8-Post-Process[0] | outputs: LastAsyncEl0NmsPPMuxEl0YOLOV8-Post-Process
[2026-04-07 22:20:14.462] [37067] [HailoRT] [info] [pipeline.cpp:891] [print_deep_description] LastAsyncEl0NmsPPMuxEl0YOLOV8-Post-Process | inputs: NmsPPMuxEl0YOLOV8-Post-Process[0] | outputs: user
[2026-04-07 22:20:17.003] [37087] [HailoRT] [info] [hef.cpp:1929] [get_network_group_and_network_name] No name was given. Addressing all networks of default network_group: yolov8m
[2026-04-07 22:28:18.587] [3271] [HailoRT] [info] [vdevice.cpp:523] [create] Creating vdevice with params: device_count: 1, scheduling_algorithm: ROUND_ROBIN, multi_process_service: false
[2026-04-07 22:28:18.597] [3271] [HailoRT] [info] [device.cpp:49] [Device] OS Version: Linux 6.12.62+rpt-rpi-2712 #1 SMP PREEMPT Debian 1:6.12.62-1+rpt1~bookworm (2026-01-19) aarch64
[2026-04-07 22:28:18.599] [3271] [HailoRT] [info] [control.cpp:108] [control__parse_identify_results] firmware_version is: 4.20.0
[2026-04-07 22:28:18.599] [3271] [HailoRT] [info] [vdevice.cpp:651] [create] VDevice Infos: 0001:01:00.0
[2026-04-07 22:28:18.947] [3271] [HailoRT] [info] [hef.cpp:1929] [get_network_group_and_network_name] No name was given. Addressing all networks of default network_group: yolov8m
[2026-04-07 22:28:18.947] [3271] [HailoRT] [info] [hef.cpp:1929] [get_network_group_and_network_name] No name was given. Addressing all networks of default network_group: yolov8m
[2026-04-07 22:28:18.966] [3271] [HailoRT] [info] [internal_buffer_manager.cpp:204] [print_execution_results] Planned internal buffer memory: CMA memory 0, user memory 3037184. memory to edge layer usage factor is 1
[2026-04-07 22:28:18.966] [3271] [HailoRT] [info] [internal_buffer_manager.cpp:212] [print_execution_results] Default Internal buffer planner executed successfully
[2026-04-07 22:28:19.017] [3271] [HailoRT] [info] [device_internal.cpp:57] [configure] Configuring HEF took 59.427074 milliseconds
[2026-04-07 22:28:19.017] [3271] [HailoRT] [info] [vdevice.cpp:749] [configure] Configuring HEF on VDevice took 60.294668 milliseconds
[2026-04-07 22:28:19.017] [3271] [HailoRT] [info] [infer_model.cpp:436] [configure] Configuring network group 'yolov8m' with params: batch size: 0, power mode: PERFORMANCE, latency: NONE
[2026-04-07 22:28:19.020] [3271] [HailoRT] [info] [multi_io_elements.cpp:756] [create] Created (AsyncHwEl)
[2026-04-07 22:28:19.020] [3271] [HailoRT] [info] [queue_elements.cpp:450] [create] Created (EntryPushQEl0yolov8m/input_layer1 | timeout: 10s)
[2026-04-07 22:28:19.020] [3271] [HailoRT] [info] [filter_elements.cpp:101] [create] Created (PreInferEl3yolov8m/input_layer1 | Reorder - src_order: RGB4, src_shape: (640, 640, 3), dst_order: NHCW, dst_shape: (640, 640, 3))
[2026-04-07 22:28:19.020] [3271] [HailoRT] [info] [queue_elements.cpp:450] [create] Created (PushQEl3yolov8m/input_layer1 | timeout: 10s)
[2026-04-07 22:28:19.020] [3271] [HailoRT] [info] [multi_io_elements.cpp:135] [create] Created (NmsPPMuxEl0YOLOV8-Post-Process | Op YOLOV8, Name: YOLOV8-Post-Process, Score threshold: 0.001, IoU threshold: 0.70, Classes: 8, Cross classes: false, NMS results order: BY_CLASS, Max bboxes per class: 100, Image height: 640, Image width: 640)
[2026-04-07 22:28:19.021] [3271] [HailoRT] [info] [queue_elements.cpp:942] [create] Created (MultiPushQEl0YOLOV8-Post-Process | timeout: 10s)
[2026-04-07 22:28:19.021] [3271] [HailoRT] [info] [edge_elements.cpp:187] [create] Created (LastAsyncEl0NmsPPMuxEl0YOLOV8-Post-Process)
[2026-04-07 22:28:19.021] [3271] [HailoRT] [info] [pipeline.cpp:891] [print_deep_description] EntryPushQEl0yolov8m/input_layer1 | inputs: user | outputs: PreInferEl3yolov8m/input_layer1(running in thread_id: 3313)
[2026-04-07 22:28:19.021] [3271] [HailoRT] [info] [pipeline.cpp:891] [print_deep_description] PreInferEl3yolov8m/input_layer1 | inputs: EntryPushQEl0yolov8m/input_layer1[0] | outputs: PushQEl3yolov8m/input_layer1
[2026-04-07 22:28:19.021] [3271] [HailoRT] [info] [pipeline.cpp:891] [print_deep_description] PushQEl3yolov8m/input_layer1 | inputs: PreInferEl3yolov8m/input_layer1[0] | outputs: AsyncHwEl(running in thread_id: 3314)
[2026-04-07 22:28:19.021] [3271] [HailoRT] [info] [pipeline.cpp:891] [print_deep_description] AsyncHwEl | inputs: PushQEl3yolov8m/input_layer1[0] | outputs: MultiPushQEl0YOLOV8-Post-Process MultiPushQEl0YOLOV8-Post-Process MultiPushQEl0YOLOV8-Post-Process MultiPushQEl0YOLOV8-Post-Process MultiPushQEl0YOLOV8-Post-Process MultiPushQEl0YOLOV8-Post-Process
[2026-04-07 22:28:19.021] [3271] [HailoRT] [info] [pipeline.cpp:891] [print_deep_description] MultiPushQEl0YOLOV8-Post-Process | inputs: AsyncHwEl[0] AsyncHwEl[1] AsyncHwEl[2] AsyncHwEl[3] AsyncHwEl[4] AsyncHwEl[5] | outputs: NmsPPMuxEl0YOLOV8-Post-Process(running in thread_id: 3315)
[2026-04-07 22:28:19.022] [3271] [HailoRT] [info] [pipeline.cpp:891] [print_deep_description] NmsPPMuxEl0YOLOV8-Post-Process | inputs: MultiPushQEl0YOLOV8-Post-Process[0] | outputs: LastAsyncEl0NmsPPMuxEl0YOLOV8-Post-Process
[2026-04-07 22:28:19.022] [3271] [HailoRT] [info] [pipeline.cpp:891] [print_deep_description] LastAsyncEl0NmsPPMuxEl0YOLOV8-Post-Process | inputs: NmsPPMuxEl0YOLOV8-Post-Process[0] | outputs: user
[2026-04-07 22:28:20.618] [3310] [HailoRT] [info] [hef.cpp:1929] [get_network_group_and_network_name] No name was given. Addressing all networks of default network_group: yolov8m
[2026-04-07 22:29:46.940] [3271] [HailoRT] [info] [async_infer_runner.cpp:86] [shutdown] Pipeline was aborted. Shutting it down
[2026-04-07 22:29:46.941] [3271] [HailoRT] [info] [queue_elements.cpp:1131] [execute_deactivate] enqueue() in element MultiPushQEl0YOLOV8-Post-Process was aborted, got status = HAILO_SHUTDOWN_EVENT_SIGNALED(57)
[2026-04-07 22:29:46.941] [3271] [HailoRT] [info] [queue_elements.cpp:1131] [execute_deactivate] enqueue() in element MultiPushQEl0YOLOV8-Post-Process was aborted, got status = HAILO_SHUTDOWN_EVENT_SIGNALED(57)
[2026-04-07 22:29:46.941] [3271] [HailoRT] [info] [queue_elements.cpp:1131] [execute_deactivate] enqueue() in element MultiPushQEl0YOLOV8-Post-Process was aborted, got status = HAILO_SHUTDOWN_EVENT_SIGNALED(57)
[2026-04-07 22:29:46.941] [3271] [HailoRT] [info] [queue_elements.cpp:1131] [execute_deactivate] enqueue() in element MultiPushQEl0YOLOV8-Post-Process was aborted, got status = HAILO_SHUTDOWN_EVENT_SIGNALED(57)
[2026-04-07 22:29:46.941] [3271] [HailoRT] [info] [queue_elements.cpp:1131] [execute_deactivate] enqueue() in element MultiPushQEl0YOLOV8-Post-Process was aborted, got status = HAILO_SHUTDOWN_EVENT_SIGNALED(57)
[2026-04-07 22:29:46.941] [3271] [HailoRT] [info] [queue_elements.cpp:1131] [execute_deactivate] enqueue() in element MultiPushQEl0YOLOV8-Post-Process was aborted, got status = HAILO_SHUTDOWN_EVENT_SIGNALED(57)
[2026-04-07 22:29:46.941] [3271] [HailoRT] [info] [queue_elements.cpp:570] [execute_deactivate] enqueue() in element PushQEl3yolov8m/input_layer1 was aborted, got status = HAILO_SHUTDOWN_EVENT_SIGNALED(57)
[2026-04-07 22:29:46.941] [3271] [HailoRT] [info] [queue_elements.cpp:570] [execute_deactivate] enqueue() in element EntryPushQEl0yolov8m/input_layer1 was aborted, got status = HAILO_SHUTDOWN_EVENT_SIGNALED(57)
[2026-04-07 22:29:46.941] [3271] [HailoRT] [info] [queue_elements.cpp:46] [~BaseQueueElement] Queue element EntryPushQEl0yolov8m/input_layer1 has 0 frames in his Queue on destruction
[2026-04-07 22:29:46.941] [3271] [HailoRT] [info] [queue_elements.cpp:46] [~BaseQueueElement] Queue element PushQEl3yolov8m/input_layer1 has 0 frames in his Queue on destruction
[2026-04-07 22:32:15.990] [4501] [HailoRT] [info] [vdevice.cpp:523] [create] Creating vdevice with params: device_count: 1, scheduling_algorithm: ROUND_ROBIN, multi_process_service: false
[2026-04-07 22:32:16.001] [4501] [HailoRT] [info] [device.cpp:49] [Device] OS Version: Linux 6.12.62+rpt-rpi-2712 #1 SMP PREEMPT Debian 1:6.12.62-1+rpt1~bookworm (2026-01-19) aarch64
[2026-04-07 22:32:16.003] [4501] [HailoRT] [info] [control.cpp:108] [control__parse_identify_results] firmware_version is: 4.20.0
[2026-04-07 22:32:16.003] [4501] [HailoRT] [info] [vdevice.cpp:651] [create] VDevice Infos: 0001:01:00.0
[2026-04-07 22:32:16.023] [4501] [HailoRT] [info] [hef.cpp:1929] [get_network_group_and_network_name] No name was given. Addressing all networks of default network_group: yolov8m
[2026-04-07 22:32:16.023] [4501] [HailoRT] [info] [hef.cpp:1929] [get_network_group_and_network_name] No name was given. Addressing all networks of default network_group: yolov8m
[2026-04-07 22:32:16.032] [4501] [HailoRT] [info] [internal_buffer_manager.cpp:204] [print_execution_results] Planned internal buffer memory: CMA memory 0, user memory 3037184. memory to edge layer usage factor is 1
[2026-04-07 22:32:16.032] [4501] [HailoRT] [info] [internal_buffer_manager.cpp:212] [print_execution_results] Default Internal buffer planner executed successfully
[2026-04-07 22:32:16.070] [4501] [HailoRT] [info] [device_internal.cpp:57] [configure] Configuring HEF took 44.745412 milliseconds
[2026-04-07 22:32:16.071] [4501] [HailoRT] [info] [vdevice.cpp:749] [configure] Configuring HEF on VDevice took 45.046687 milliseconds
[2026-04-07 22:32:16.071] [4501] [HailoRT] [info] [infer_model.cpp:436] [configure] Configuring network group 'yolov8m' with params: batch size: 0, power mode: PERFORMANCE, latency: NONE
[2026-04-07 22:32:16.071] [4501] [HailoRT] [info] [multi_io_elements.cpp:756] [create] Created (AsyncHwEl)
[2026-04-07 22:32:16.071] [4501] [HailoRT] [info] [queue_elements.cpp:450] [create] Created (EntryPushQEl0yolov8m/input_layer1 | timeout: 10s)
[2026-04-07 22:32:16.071] [4501] [HailoRT] [info] [filter_elements.cpp:101] [create] Created (PreInferEl3yolov8m/input_layer1 | Reorder - src_order: RGB4, src_shape: (640, 640, 3), dst_order: NHCW, dst_shape: (640, 640, 3))
[2026-04-07 22:32:16.071] [4501] [HailoRT] [info] [queue_elements.cpp:450] [create] Created (PushQEl3yolov8m/input_layer1 | timeout: 10s)
[2026-04-07 22:32:16.071] [4501] [HailoRT] [info] [multi_io_elements.cpp:135] [create] Created (NmsPPMuxEl0YOLOV8-Post-Process | Op YOLOV8, Name: YOLOV8-Post-Process, Score threshold: 0.001, IoU threshold: 0.70, Classes: 8, Cross classes: false, NMS results order: BY_CLASS, Max bboxes per class: 100, Image height: 640, Image width: 640)
[2026-04-07 22:32:16.071] [4501] [HailoRT] [info] [queue_elements.cpp:942] [create] Created (MultiPushQEl0YOLOV8-Post-Process | timeout: 10s)
[2026-04-07 22:32:16.071] [4501] [HailoRT] [info] [edge_elements.cpp:187] [create] Created (LastAsyncEl0NmsPPMuxEl0YOLOV8-Post-Process)
[2026-04-07 22:32:16.071] [4501] [HailoRT] [info] [pipeline.cpp:891] [print_deep_description] EntryPushQEl0yolov8m/input_layer1 | inputs: user | outputs: PreInferEl3yolov8m/input_layer1(running in thread_id: 4534)
[2026-04-07 22:32:16.071] [4501] [HailoRT] [info] [pipeline.cpp:891] [print_deep_description] PreInferEl3yolov8m/input_layer1 | inputs: EntryPushQEl0yolov8m/input_layer1[0] | outputs: PushQEl3yolov8m/input_layer1
[2026-04-07 22:32:16.071] [4501] [HailoRT] [info] [pipeline.cpp:891] [print_deep_description] PushQEl3yolov8m/input_layer1 | inputs: PreInferEl3yolov8m/input_layer1[0] | outputs: AsyncHwEl(running in thread_id: 4535)
[2026-04-07 22:32:16.071] [4501] [HailoRT] [info] [pipeline.cpp:891] [print_deep_description] AsyncHwEl | inputs: PushQEl3yolov8m/input_layer1[0] | outputs: MultiPushQEl0YOLOV8-Post-Process MultiPushQEl0YOLOV8-Post-Process MultiPushQEl0YOLOV8-Post-Process MultiPushQEl0YOLOV8-Post-Process MultiPushQEl0YOLOV8-Post-Process MultiPushQEl0YOLOV8-Post-Process
[2026-04-07 22:32:16.071] [4501] [HailoRT] [info] [pipeline.cpp:891] [print_deep_description] MultiPushQEl0YOLOV8-Post-Process | inputs: AsyncHwEl[0] AsyncHwEl[1] AsyncHwEl[2] AsyncHwEl[3] AsyncHwEl[4] AsyncHwEl[5] | outputs: NmsPPMuxEl0YOLOV8-Post-Process(running in thread_id: 4536)
[2026-04-07 22:32:16.071] [4501] [HailoRT] [info] [pipeline.cpp:891] [print_deep_description] NmsPPMuxEl0YOLOV8-Post-Process | inputs: MultiPushQEl0YOLOV8-Post-Process[0] | outputs: LastAsyncEl0NmsPPMuxEl0YOLOV8-Post-Process
[2026-04-07 22:32:16.071] [4501] [HailoRT] [info] [pipeline.cpp:891] [print_deep_description] LastAsyncEl0NmsPPMuxEl0YOLOV8-Post-Process | inputs: NmsPPMuxEl0YOLOV8-Post-Process[0] | outputs: user
[2026-04-07 22:32:18.468] [4531] [HailoRT] [info] [hef.cpp:1929] [get_network_group_and_network_name] No name was given. Addressing all networks of default network_group: yolov8m
[2026-04-07 22:36:39.449] [5841] [HailoRT] [info] [vdevice.cpp:523] [create] Creating vdevice with params: device_count: 1, scheduling_algorithm: ROUND_ROBIN, multi_process_service: false
[2026-04-07 22:36:39.461] [5841] [HailoRT] [info] [device.cpp:49] [Device] OS Version: Linux 6.12.62+rpt-rpi-2712 #1 SMP PREEMPT Debian 1:6.12.62-1+rpt1~bookworm (2026-01-19) aarch64
[2026-04-07 22:36:39.462] [5841] [HailoRT] [info] [control.cpp:108] [control__parse_identify_results] firmware_version is: 4.20.0
[2026-04-07 22:36:39.462] [5841] [HailoRT] [info] [vdevice.cpp:651] [create] VDevice Infos: 0001:01:00.0
[2026-04-07 22:36:39.482] [5841] [HailoRT] [info] [hef.cpp:1929] [get_network_group_and_network_name] No name was given. Addressing all networks of default network_group: yolov8m
[2026-04-07 22:36:39.482] [5841] [HailoRT] [info] [hef.cpp:1929] [get_network_group_and_network_name] No name was given. Addressing all networks of default network_group: yolov8m
[2026-04-07 22:36:39.491] [5841] [HailoRT] [info] [internal_buffer_manager.cpp:204] [print_execution_results] Planned internal buffer memory: CMA memory 0, user memory 3037184. memory to edge layer usage factor is 1
[2026-04-07 22:36:39.491] [5841] [HailoRT] [info] [internal_buffer_manager.cpp:212] [print_execution_results] Default Internal buffer planner executed successfully
[2026-04-07 22:36:39.527] [5841] [HailoRT] [info] [device_internal.cpp:57] [configure] Configuring HEF took 41.827642 milliseconds
[2026-04-07 22:36:39.527] [5841] [HailoRT] [info] [vdevice.cpp:749] [configure] Configuring HEF on VDevice took 42.132705 milliseconds
[2026-04-07 22:36:39.527] [5841] [HailoRT] [info] [infer_model.cpp:436] [configure] Configuring network group 'yolov8m' with params: batch size: 0, power mode: PERFORMANCE, latency: NONE
[2026-04-07 22:36:39.527] [5841] [HailoRT] [info] [multi_io_elements.cpp:756] [create] Created (AsyncHwEl)
[2026-04-07 22:36:39.527] [5841] [HailoRT] [info] [queue_elements.cpp:450] [create] Created (EntryPushQEl0yolov8m/input_layer1 | timeout: 10s)
[2026-04-07 22:36:39.527] [5841] [HailoRT] [info] [filter_elements.cpp:101] [create] Created (PreInferEl3yolov8m/input_layer1 | Reorder - src_order: RGB4, src_shape: (640, 640, 3), dst_order: NHCW, dst_shape: (640, 640, 3))
[2026-04-07 22:36:39.527] [5841] [HailoRT] [info] [queue_elements.cpp:450] [create] Created (PushQEl3yolov8m/input_layer1 | timeout: 10s)
[2026-04-07 22:36:39.527] [5841] [HailoRT] [info] [multi_io_elements.cpp:135] [create] Created (NmsPPMuxEl0YOLOV8-Post-Process | Op YOLOV8, Name: YOLOV8-Post-Process, Score threshold: 0.001, IoU threshold: 0.70, Classes: 8, Cross classes: false, NMS results order: BY_CLASS, Max bboxes per class: 100, Image height: 640, Image width: 640)
[2026-04-07 22:36:39.527] [5841] [HailoRT] [info] [queue_elements.cpp:942] [create] Created (MultiPushQEl0YOLOV8-Post-Process | timeout: 10s)
[2026-04-07 22:36:39.527] [5841] [HailoRT] [info] [edge_elements.cpp:187] [create] Created (LastAsyncEl0NmsPPMuxEl0YOLOV8-Post-Process)
[2026-04-07 22:36:39.527] [5841] [HailoRT] [info] [pipeline.cpp:891] [print_deep_description] EntryPushQEl0yolov8m/input_layer1 | inputs: user | outputs: PreInferEl3yolov8m/input_layer1(running in thread_id: 5864)
[2026-04-07 22:36:39.527] [5841] [HailoRT] [info] [pipeline.cpp:891] [print_deep_description] PreInferEl3yolov8m/input_layer1 | inputs: EntryPushQEl0yolov8m/input_layer1[0] | outputs: PushQEl3yolov8m/input_layer1
[2026-04-07 22:36:39.527] [5841] [HailoRT] [info] [pipeline.cpp:891] [print_deep_description] PushQEl3yolov8m/input_layer1 | inputs: PreInferEl3yolov8m/input_layer1[0] | outputs: AsyncHwEl(running in thread_id: 5865)
[2026-04-07 22:36:39.527] [5841] [HailoRT] [info] [pipeline.cpp:891] [print_deep_description] AsyncHwEl | inputs: PushQEl3yolov8m/input_layer1[0] | outputs: MultiPushQEl0YOLOV8-Post-Process MultiPushQEl0YOLOV8-Post-Process MultiPushQEl0YOLOV8-Post-Process MultiPushQEl0YOLOV8-Post-Process MultiPushQEl0YOLOV8-Post-Process MultiPushQEl0YOLOV8-Post-Process
[2026-04-07 22:36:39.527] [5841] [HailoRT] [info] [pipeline.cpp:891] [print_deep_description] MultiPushQEl0YOLOV8-Post-Process | inputs: AsyncHwEl[0] AsyncHwEl[1] AsyncHwEl[2] AsyncHwEl[3] AsyncHwEl[4] AsyncHwEl[5] | outputs: NmsPPMuxEl0YOLOV8-Post-Process(running in thread_id: 5866)
[2026-04-07 22:36:39.527] [5841] [HailoRT] [info] [pipeline.cpp:891] [print_deep_description] NmsPPMuxEl0YOLOV8-Post-Process | inputs: MultiPushQEl0YOLOV8-Post-Process[0] | outputs: LastAsyncEl0NmsPPMuxEl0YOLOV8-Post-Process
[2026-04-07 22:36:39.527] [5841] [HailoRT] [info] [pipeline.cpp:891] [print_deep_description] LastAsyncEl0NmsPPMuxEl0YOLOV8-Post-Process | inputs: NmsPPMuxEl0YOLOV8-Post-Process[0] | outputs: user
[2026-04-07 22:36:40.990] [5861] [HailoRT] [info] [hef.cpp:1929] [get_network_group_and_network_name] No name was given. Addressing all networks of default network_group: yolov8m
[2026-04-07 22:59:43.450] [7948] [HailoRT] [info] [vdevice.cpp:523] [create] Creating vdevice with params: device_count: 1, scheduling_algorithm: ROUND_ROBIN, multi_process_service: false
[2026-04-07 22:59:43.461] [7948] [HailoRT] [info] [device.cpp:49] [Device] OS Version: Linux 6.12.62+rpt-rpi-2712 #1 SMP PREEMPT Debian 1:6.12.62-1+rpt1~bookworm (2026-01-19) aarch64
[2026-04-07 22:59:43.463] [7948] [HailoRT] [info] [control.cpp:108] [control__parse_identify_results] firmware_version is: 4.20.0
[2026-04-07 22:59:43.463] [7948] [HailoRT] [info] [vdevice.cpp:651] [create] VDevice Infos: 0001:01:00.0
[2026-04-07 22:59:43.806] [7948] [HailoRT] [info] [hef.cpp:1929] [get_network_group_and_network_name] No name was given. Addressing all networks of default network_group: yolov8m
[2026-04-07 22:59:43.806] [7948] [HailoRT] [info] [hef.cpp:1929] [get_network_group_and_network_name] No name was given. Addressing all networks of default network_group: yolov8m
[2026-04-07 22:59:43.823] [7948] [HailoRT] [info] [internal_buffer_manager.cpp:204] [print_execution_results] Planned internal buffer memory: CMA memory 0, user memory 3037184. memory to edge layer usage factor is 1
[2026-04-07 22:59:43.823] [7948] [HailoRT] [info] [internal_buffer_manager.cpp:212] [print_execution_results] Default Internal buffer planner executed successfully
[2026-04-07 22:59:43.859] [7948] [HailoRT] [info] [device_internal.cpp:57] [configure] Configuring HEF took 42.59054 milliseconds
[2026-04-07 22:59:43.859] [7948] [HailoRT] [info] [vdevice.cpp:749] [configure] Configuring HEF on VDevice took 43.30057 milliseconds
[2026-04-07 22:59:43.859] [7948] [HailoRT] [info] [infer_model.cpp:436] [configure] Configuring network group 'yolov8m' with params: batch size: 0, power mode: PERFORMANCE, latency: NONE
[2026-04-07 22:59:43.861] [7948] [HailoRT] [info] [multi_io_elements.cpp:756] [create] Created (AsyncHwEl)
[2026-04-07 22:59:43.861] [7948] [HailoRT] [info] [queue_elements.cpp:450] [create] Created (EntryPushQEl0yolov8m/input_layer1 | timeout: 10s)
[2026-04-07 22:59:43.861] [7948] [HailoRT] [info] [filter_elements.cpp:101] [create] Created (PreInferEl3yolov8m/input_layer1 | Reorder - src_order: RGB4, src_shape: (640, 640, 3), dst_order: NHCW, dst_shape: (640, 640, 3))
[2026-04-07 22:59:43.861] [7948] [HailoRT] [info] [queue_elements.cpp:450] [create] Created (PushQEl3yolov8m/input_layer1 | timeout: 10s)
[2026-04-07 22:59:43.862] [7948] [HailoRT] [info] [multi_io_elements.cpp:135] [create] Created (NmsPPMuxEl0YOLOV8-Post-Process | Op YOLOV8, Name: YOLOV8-Post-Process, Score threshold: 0.001, IoU threshold: 0.70, Classes: 8, Cross classes: false, NMS results order: BY_CLASS, Max bboxes per class: 100, Image height: 640, Image width: 640)
[2026-04-07 22:59:43.862] [7948] [HailoRT] [info] [queue_elements.cpp:942] [create] Created (MultiPushQEl0YOLOV8-Post-Process | timeout: 10s)
[2026-04-07 22:59:43.862] [7948] [HailoRT] [info] [edge_elements.cpp:187] [create] Created (LastAsyncEl0NmsPPMuxEl0YOLOV8-Post-Process)
[2026-04-07 22:59:43.862] [7948] [HailoRT] [info] [pipeline.cpp:891] [print_deep_description] EntryPushQEl0yolov8m/input_layer1 | inputs: user | outputs: PreInferEl3yolov8m/input_layer1(running in thread_id: 7988)
[2026-04-07 22:59:43.863] [7948] [HailoRT] [info] [pipeline.cpp:891] [print_deep_description] PreInferEl3yolov8m/input_layer1 | inputs: EntryPushQEl0yolov8m/input_layer1[0] | outputs: PushQEl3yolov8m/input_layer1
[2026-04-07 22:59:43.863] [7948] [HailoRT] [info] [pipeline.cpp:891] [print_deep_description] PushQEl3yolov8m/input_layer1 | inputs: PreInferEl3yolov8m/input_layer1[0] | outputs: AsyncHwEl(running in thread_id: 7989)
[2026-04-07 22:59:43.863] [7948] [HailoRT] [info] [pipeline.cpp:891] [print_deep_description] AsyncHwEl | inputs: PushQEl3yolov8m/input_layer1[0] | outputs: MultiPushQEl0YOLOV8-Post-Process MultiPushQEl0YOLOV8-Post-Process MultiPushQEl0YOLOV8-Post-Process MultiPushQEl0YOLOV8-Post-Process MultiPushQEl0YOLOV8-Post-Process MultiPushQEl0YOLOV8-Post-Process
[2026-04-07 22:59:43.863] [7948] [HailoRT] [info] [pipeline.cpp:891] [print_deep_description] MultiPushQEl0YOLOV8-Post-Process | inputs: AsyncHwEl[0] AsyncHwEl[1] AsyncHwEl[2] AsyncHwEl[3] AsyncHwEl[4] AsyncHwEl[5] | outputs: NmsPPMuxEl0YOLOV8-Post-Process(running in thread_id: 7990)
[2026-04-07 22:59:43.864] [7948] [HailoRT] [info] [pipeline.cpp:891] [print_deep_description] NmsPPMuxEl0YOLOV8-Post-Process | inputs: MultiPushQEl0YOLOV8-Post-Process[0] | outputs: LastAsyncEl0NmsPPMuxEl0YOLOV8-Post-Process
[2026-04-07 22:59:43.864] [7948] [HailoRT] [info] [pipeline.cpp:891] [print_deep_description] LastAsyncEl0NmsPPMuxEl0YOLOV8-Post-Process | inputs: NmsPPMuxEl0YOLOV8-Post-Process[0] | outputs: user
[2026-04-07 22:59:45.454] [7985] [HailoRT] [info] [hef.cpp:1929] [get_network_group_and_network_name] No name was given. Addressing all networks of default network_group: yolov8m
[2026-04-07 23:00:47.078] [7948] [HailoRT] [info] [async_infer_runner.cpp:86] [shutdown] Pipeline was aborted. Shutting it down
[2026-04-07 23:00:47.079] [7948] [HailoRT] [info] [queue_elements.cpp:1131] [execute_deactivate] enqueue() in element MultiPushQEl0YOLOV8-Post-Process was aborted, got status = HAILO_SHUTDOWN_EVENT_SIGNALED(57)
[2026-04-07 23:00:47.079] [7948] [HailoRT] [info] [queue_elements.cpp:1131] [execute_deactivate] enqueue() in element MultiPushQEl0YOLOV8-Post-Process was aborted, got status = HAILO_SHUTDOWN_EVENT_SIGNALED(57)
[2026-04-07 23:00:47.079] [7948] [HailoRT] [info] [queue_elements.cpp:1131] [execute_deactivate] enqueue() in element MultiPushQEl0YOLOV8-Post-Process was aborted, got status = HAILO_SHUTDOWN_EVENT_SIGNALED(57)
[2026-04-07 23:00:47.079] [7948] [HailoRT] [info] [queue_elements.cpp:1131] [execute_deactivate] enqueue() in element MultiPushQEl0YOLOV8-Post-Process was aborted, got status = HAILO_SHUTDOWN_EVENT_SIGNALED(57)
[2026-04-07 23:00:47.079] [7948] [HailoRT] [info] [queue_elements.cpp:1131] [execute_deactivate] enqueue() in element MultiPushQEl0YOLOV8-Post-Process was aborted, got status = HAILO_SHUTDOWN_EVENT_SIGNALED(57)
[2026-04-07 23:00:47.079] [7948] [HailoRT] [info] [queue_elements.cpp:1131] [execute_deactivate] enqueue() in element MultiPushQEl0YOLOV8-Post-Process was aborted, got status = HAILO_SHUTDOWN_EVENT_SIGNALED(57)
[2026-04-07 23:00:47.079] [7948] [HailoRT] [info] [queue_elements.cpp:570] [execute_deactivate] enqueue() in element PushQEl3yolov8m/input_layer1 was aborted, got status = HAILO_SHUTDOWN_EVENT_SIGNALED(57)
[2026-04-07 23:00:47.079] [7948] [HailoRT] [info] [queue_elements.cpp:570] [execute_deactivate] enqueue() in element EntryPushQEl0yolov8m/input_layer1 was aborted, got status = HAILO_SHUTDOWN_EVENT_SIGNALED(57)
[2026-04-07 23:00:47.079] [7948] [HailoRT] [info] [queue_elements.cpp:46] [~BaseQueueElement] Queue element EntryPushQEl0yolov8m/input_layer1 has 0 frames in his Queue on destruction
[2026-04-07 23:00:47.079] [7948] [HailoRT] [info] [queue_elements.cpp:46] [~BaseQueueElement] Queue element PushQEl3yolov8m/input_layer1 has 0 frames in his Queue on destruction
[2026-04-07 23:15:36.347] [12689] [HailoRT] [info] [vdevice.cpp:523] [create] Creating vdevice with params: device_count: 1, scheduling_algorithm: ROUND_ROBIN, multi_process_service: false
[2026-04-07 23:15:36.360] [12689] [HailoRT] [info] [device.cpp:49] [Device] OS Version: Linux 6.12.62+rpt-rpi-2712 #1 SMP PREEMPT Debian 1:6.12.62-1+rpt1~bookworm (2026-01-19) aarch64
[2026-04-07 23:15:36.361] [12689] [HailoRT] [info] [control.cpp:108] [control__parse_identify_results] firmware_version is: 4.20.0
[2026-04-07 23:15:36.361] [12689] [HailoRT] [info] [vdevice.cpp:651] [create] VDevice Infos: 0001:01:00.0
[2026-04-07 23:15:36.380] [12689] [HailoRT] [info] [hef.cpp:1929] [get_network_group_and_network_name] No name was given. Addressing all networks of default network_group: yolov8m
[2026-04-07 23:15:36.380] [12689] [HailoRT] [info] [hef.cpp:1929] [get_network_group_and_network_name] No name was given. Addressing all networks of default network_group: yolov8m
[2026-04-07 23:15:36.394] [12689] [HailoRT] [info] [internal_buffer_manager.cpp:204] [print_execution_results] Planned internal buffer memory: CMA memory 0, user memory 3037184. memory to edge layer usage factor is 1
[2026-04-07 23:15:36.394] [12689] [HailoRT] [info] [internal_buffer_manager.cpp:212] [print_execution_results] Default Internal buffer planner executed successfully
[2026-04-07 23:15:36.433] [12689] [HailoRT] [info] [device_internal.cpp:57] [configure] Configuring HEF took 49.915445 milliseconds
[2026-04-07 23:15:36.433] [12689] [HailoRT] [info] [vdevice.cpp:749] [configure] Configuring HEF on VDevice took 50.218705 milliseconds
[2026-04-07 23:15:36.433] [12689] [HailoRT] [info] [infer_model.cpp:436] [configure] Configuring network group 'yolov8m' with params: batch size: 0, power mode: PERFORMANCE, latency: NONE
[2026-04-07 23:15:36.433] [12689] [HailoRT] [info] [multi_io_elements.cpp:756] [create] Created (AsyncHwEl)
[2026-04-07 23:15:36.433] [12689] [HailoRT] [info] [queue_elements.cpp:450] [create] Created (EntryPushQEl0yolov8m/input_layer1 | timeout: 10s)
[2026-04-07 23:15:36.433] [12689] [HailoRT] [info] [filter_elements.cpp:101] [create] Created (PreInferEl3yolov8m/input_layer1 | Reorder - src_order: RGB4, src_shape: (640, 640, 3), dst_order: NHCW, dst_shape: (640, 640, 3))
[2026-04-07 23:15:36.433] [12689] [HailoRT] [info] [queue_elements.cpp:450] [create] Created (PushQEl3yolov8m/input_layer1 | timeout: 10s)
[2026-04-07 23:15:36.433] [12689] [HailoRT] [info] [multi_io_elements.cpp:135] [create] Created (NmsPPMuxEl0YOLOV8-Post-Process | Op YOLOV8, Name: YOLOV8-Post-Process, Score threshold: 0.001, IoU threshold: 0.70, Classes: 8, Cross classes: false, NMS results order: BY_CLASS, Max bboxes per class: 100, Image height: 640, Image width: 640)
[2026-04-07 23:15:36.435] [12689] [HailoRT] [info] [queue_elements.cpp:942] [create] Created (MultiPushQEl0YOLOV8-Post-Process | timeout: 10s)
[2026-04-07 23:15:36.435] [12689] [HailoRT] [info] [edge_elements.cpp:187] [create] Created (LastAsyncEl0NmsPPMuxEl0YOLOV8-Post-Process)
[2026-04-07 23:15:36.435] [12689] [HailoRT] [info] [pipeline.cpp:891] [print_deep_description] EntryPushQEl0yolov8m/input_layer1 | inputs: user | outputs: PreInferEl3yolov8m/input_layer1(running in thread_id: 12712)
[2026-04-07 23:15:36.435] [12689] [HailoRT] [info] [pipeline.cpp:891] [print_deep_description] PreInferEl3yolov8m/input_layer1 | inputs: EntryPushQEl0yolov8m/input_layer1[0] | outputs: PushQEl3yolov8m/input_layer1
[2026-04-07 23:15:36.435] [12689] [HailoRT] [info] [pipeline.cpp:891] [print_deep_description] PushQEl3yolov8m/input_layer1 | inputs: PreInferEl3yolov8m/input_layer1[0] | outputs: AsyncHwEl(running in thread_id: 12713)
[2026-04-07 23:15:36.435] [12689] [HailoRT] [info] [pipeline.cpp:891] [print_deep_description] AsyncHwEl | inputs: PushQEl3yolov8m/input_layer1[0] | outputs: MultiPushQEl0YOLOV8-Post-Process MultiPushQEl0YOLOV8-Post-Process MultiPushQEl0YOLOV8-Post-Process MultiPushQEl0YOLOV8-Post-Process MultiPushQEl0YOLOV8-Post-Process MultiPushQEl0YOLOV8-Post-Process
[2026-04-07 23:15:36.435] [12689] [HailoRT] [info] [pipeline.cpp:891] [print_deep_description] MultiPushQEl0YOLOV8-Post-Process | inputs: AsyncHwEl[0] AsyncHwEl[1] AsyncHwEl[2] AsyncHwEl[3] AsyncHwEl[4] AsyncHwEl[5] | outputs: NmsPPMuxEl0YOLOV8-Post-Process(running in thread_id: 12714)
[2026-04-07 23:15:36.435] [12689] [HailoRT] [info] [pipeline.cpp:891] [print_deep_description] NmsPPMuxEl0YOLOV8-Post-Process | inputs: MultiPushQEl0YOLOV8-Post-Process[0] | outputs: LastAsyncEl0NmsPPMuxEl0YOLOV8-Post-Process
[2026-04-07 23:15:36.435] [12689] [HailoRT] [info] [pipeline.cpp:891] [print_deep_description] LastAsyncEl0NmsPPMuxEl0YOLOV8-Post-Process | inputs: NmsPPMuxEl0YOLOV8-Post-Process[0] | outputs: user
[2026-04-07 23:15:38.351] [12709] [HailoRT] [info] [hef.cpp:1929] [get_network_group_and_network_name] No name was given. Addressing all networks of default network_group: yolov8m
[2026-04-07 23:15:53.971] [12689] [HailoRT] [info] [async_infer_runner.cpp:86] [shutdown] Pipeline was aborted. Shutting it down
[2026-04-07 23:15:53.972] [12689] [HailoRT] [info] [queue_elements.cpp:1131] [execute_deactivate] enqueue() in element MultiPushQEl0YOLOV8-Post-Process was aborted, got status = HAILO_SHUTDOWN_EVENT_SIGNALED(57)
[2026-04-07 23:15:53.972] [12689] [HailoRT] [info] [queue_elements.cpp:1131] [execute_deactivate] enqueue() in element MultiPushQEl0YOLOV8-Post-Process was aborted, got status = HAILO_SHUTDOWN_EVENT_SIGNALED(57)
[2026-04-07 23:15:53.972] [12689] [HailoRT] [info] [queue_elements.cpp:1131] [execute_deactivate] enqueue() in element MultiPushQEl0YOLOV8-Post-Process was aborted, got status = HAILO_SHUTDOWN_EVENT_SIGNALED(57)
[2026-04-07 23:15:53.972] [12689] [HailoRT] [info] [queue_elements.cpp:1131] [execute_deactivate] enqueue() in element MultiPushQEl0YOLOV8-Post-Process was aborted, got status = HAILO_SHUTDOWN_EVENT_SIGNALED(57)
[2026-04-07 23:15:53.972] [12689] [HailoRT] [info] [queue_elements.cpp:1131] [execute_deactivate] enqueue() in element MultiPushQEl0YOLOV8-Post-Process was aborted, got status = HAILO_SHUTDOWN_EVENT_SIGNALED(57)
[2026-04-07 23:15:53.972] [12689] [HailoRT] [info] [queue_elements.cpp:1131] [execute_deactivate] enqueue() in element MultiPushQEl0YOLOV8-Post-Process was aborted, got status = HAILO_SHUTDOWN_EVENT_SIGNALED(57)
[2026-04-07 23:15:53.972] [12689] [HailoRT] [info] [queue_elements.cpp:570] [execute_deactivate] enqueue() in element PushQEl3yolov8m/input_layer1 was aborted, got status = HAILO_SHUTDOWN_EVENT_SIGNALED(57)
[2026-04-07 23:15:53.972] [12689] [HailoRT] [info] [queue_elements.cpp:570] [execute_deactivate] enqueue() in element EntryPushQEl0yolov8m/input_layer1 was aborted, got status = HAILO_SHUTDOWN_EVENT_SIGNALED(57)
[2026-04-07 23:15:53.972] [12689] [HailoRT] [info] [queue_elements.cpp:46] [~BaseQueueElement] Queue element EntryPushQEl0yolov8m/input_layer1 has 0 frames in his Queue on destruction
[2026-04-07 23:15:53.972] [12689] [HailoRT] [info] [queue_elements.cpp:46] [~BaseQueueElement] Queue element PushQEl3yolov8m/input_layer1 has 0 frames in his Queue on destruction
[2026-04-07 23:17:43.923] [13436] [HailoRT] [info] [vdevice.cpp:523] [create] Creating vdevice with params: device_count: 1, scheduling_algorithm: ROUND_ROBIN, multi_process_service: false
[2026-04-07 23:17:43.933] [13436] [HailoRT] [info] [device.cpp:49] [Device] OS Version: Linux 6.12.62+rpt-rpi-2712 #1 SMP PREEMPT Debian 1:6.12.62-1+rpt1~bookworm (2026-01-19) aarch64
[2026-04-07 23:17:43.935] [13436] [HailoRT] [info] [control.cpp:108] [control__parse_identify_results] firmware_version is: 4.20.0
[2026-04-07 23:17:43.935] [13436] [HailoRT] [info] [vdevice.cpp:651] [create] VDevice Infos: 0001:01:00.0
[2026-04-07 23:17:43.953] [13436] [HailoRT] [info] [hef.cpp:1929] [get_network_group_and_network_name] No name was given. Addressing all networks of default network_group: yolov8m
[2026-04-07 23:17:43.953] [13436] [HailoRT] [info] [hef.cpp:1929] [get_network_group_and_network_name] No name was given. Addressing all networks of default network_group: yolov8m
[2026-04-07 23:17:43.962] [13436] [HailoRT] [info] [internal_buffer_manager.cpp:204] [print_execution_results] Planned internal buffer memory: CMA memory 0, user memory 3037184. memory to edge layer usage factor is 1
[2026-04-07 23:17:43.962] [13436] [HailoRT] [info] [internal_buffer_manager.cpp:212] [print_execution_results] Default Internal buffer planner executed successfully
[2026-04-07 23:17:43.996] [13436] [HailoRT] [info] [device_internal.cpp:57] [configure] Configuring HEF took 40.800544 milliseconds
[2026-04-07 23:17:43.997] [13436] [HailoRT] [info] [vdevice.cpp:749] [configure] Configuring HEF on VDevice took 41.107878 milliseconds
[2026-04-07 23:17:43.997] [13436] [HailoRT] [info] [infer_model.cpp:436] [configure] Configuring network group 'yolov8m' with params: batch size: 0, power mode: PERFORMANCE, latency: NONE
[2026-04-07 23:17:43.997] [13436] [HailoRT] [info] [multi_io_elements.cpp:756] [create] Created (AsyncHwEl)
[2026-04-07 23:17:43.997] [13436] [HailoRT] [info] [queue_elements.cpp:450] [create] Created (EntryPushQEl0yolov8m/input_layer1 | timeout: 10s)
[2026-04-07 23:17:43.997] [13436] [HailoRT] [info] [filter_elements.cpp:101] [create] Created (PreInferEl3yolov8m/input_layer1 | Reorder - src_order: RGB4, src_shape: (640, 640, 3), dst_order: NHCW, dst_shape: (640, 640, 3))
[2026-04-07 23:17:43.997] [13436] [HailoRT] [info] [queue_elements.cpp:450] [create] Created (PushQEl3yolov8m/input_layer1 | timeout: 10s)
[2026-04-07 23:17:43.997] [13436] [HailoRT] [info] [multi_io_elements.cpp:135] [create] Created (NmsPPMuxEl0YOLOV8-Post-Process | Op YOLOV8, Name: YOLOV8-Post-Process, Score threshold: 0.001, IoU threshold: 0.70, Classes: 8, Cross classes: false, NMS results order: BY_CLASS, Max bboxes per class: 100, Image height: 640, Image width: 640)
[2026-04-07 23:17:43.997] [13436] [HailoRT] [info] [queue_elements.cpp:942] [create] Created (MultiPushQEl0YOLOV8-Post-Process | timeout: 10s)
[2026-04-07 23:17:43.997] [13436] [HailoRT] [info] [edge_elements.cpp:187] [create] Created (LastAsyncEl0NmsPPMuxEl0YOLOV8-Post-Process)
[2026-04-07 23:17:43.997] [13436] [HailoRT] [info] [pipeline.cpp:891] [print_deep_description] EntryPushQEl0yolov8m/input_layer1 | inputs: user | outputs: PreInferEl3yolov8m/input_layer1(running in thread_id: 13459)
[2026-04-07 23:17:43.997] [13436] [HailoRT] [info] [pipeline.cpp:891] [print_deep_description] PreInferEl3yolov8m/input_layer1 | inputs: EntryPushQEl0yolov8m/input_layer1[0] | outputs: PushQEl3yolov8m/input_layer1
[2026-04-07 23:17:43.997] [13436] [HailoRT] [info] [pipeline.cpp:891] [print_deep_description] PushQEl3yolov8m/input_layer1 | inputs: PreInferEl3yolov8m/input_layer1[0] | outputs: AsyncHwEl(running in thread_id: 13460)
[2026-04-07 23:17:43.997] [13436] [HailoRT] [info] [pipeline.cpp:891] [print_deep_description] AsyncHwEl | inputs: PushQEl3yolov8m/input_layer1[0] | outputs: MultiPushQEl0YOLOV8-Post-Process MultiPushQEl0YOLOV8-Post-Process MultiPushQEl0YOLOV8-Post-Process MultiPushQEl0YOLOV8-Post-Process MultiPushQEl0YOLOV8-Post-Process MultiPushQEl0YOLOV8-Post-Process
[2026-04-07 23:17:43.997] [13436] [HailoRT] [info] [pipeline.cpp:891] [print_deep_description] MultiPushQEl0YOLOV8-Post-Process | inputs: AsyncHwEl[0] AsyncHwEl[1] AsyncHwEl[2] AsyncHwEl[3] AsyncHwEl[4] AsyncHwEl[5] | outputs: NmsPPMuxEl0YOLOV8-Post-Process(running in thread_id: 13461)
[2026-04-07 23:17:43.997] [13436] [HailoRT] [info] [pipeline.cpp:891] [print_deep_description] NmsPPMuxEl0YOLOV8-Post-Process | inputs: MultiPushQEl0YOLOV8-Post-Process[0] | outputs: LastAsyncEl0NmsPPMuxEl0YOLOV8-Post-Process
[2026-04-07 23:17:43.997] [13436] [HailoRT] [info] [pipeline.cpp:891] [print_deep_description] LastAsyncEl0NmsPPMuxEl0YOLOV8-Post-Process | inputs: NmsPPMuxEl0YOLOV8-Post-Process[0] | outputs: user
[2026-04-07 23:17:45.938] [13456] [HailoRT] [info] [hef.cpp:1929] [get_network_group_and_network_name] No name was given. Addressing all networks of default network_group: yolov8m
[2026-04-07 23:20:37.847] [14412] [HailoRT] [info] [vdevice.cpp:523] [create] Creating vdevice with params: device_count: 1, scheduling_algorithm: ROUND_ROBIN, multi_process_service: false
[2026-04-07 23:20:37.860] [14412] [HailoRT] [info] [device.cpp:49] [Device] OS Version: Linux 6.12.62+rpt-rpi-2712 #1 SMP PREEMPT Debian 1:6.12.62-1+rpt1~bookworm (2026-01-19) aarch64
[2026-04-07 23:20:37.861] [14412] [HailoRT] [info] [control.cpp:108] [control__parse_identify_results] firmware_version is: 4.20.0
[2026-04-07 23:20:37.861] [14412] [HailoRT] [info] [vdevice.cpp:651] [create] VDevice Infos: 0001:01:00.0
[2026-04-07 23:20:37.880] [14412] [HailoRT] [info] [hef.cpp:1929] [get_network_group_and_network_name] No name was given. Addressing all networks of default network_group: yolov8m
[2026-04-07 23:20:37.880] [14412] [HailoRT] [info] [hef.cpp:1929] [get_network_group_and_network_name] No name was given. Addressing all networks of default network_group: yolov8m
[2026-04-07 23:20:37.889] [14412] [HailoRT] [info] [internal_buffer_manager.cpp:204] [print_execution_results] Planned internal buffer memory: CMA memory 0, user memory 3037184. memory to edge layer usage factor is 1
[2026-04-07 23:20:37.889] [14412] [HailoRT] [info] [internal_buffer_manager.cpp:212] [print_execution_results] Default Internal buffer planner executed successfully
[2026-04-07 23:20:37.924] [14412] [HailoRT] [info] [device_internal.cpp:57] [configure] Configuring HEF took 40.671274 milliseconds
[2026-04-07 23:20:37.924] [14412] [HailoRT] [info] [vdevice.cpp:749] [configure] Configuring HEF on VDevice took 40.972349 milliseconds
[2026-04-07 23:20:37.924] [14412] [HailoRT] [info] [infer_model.cpp:436] [configure] Configuring network group 'yolov8m' with params: batch size: 0, power mode: PERFORMANCE, latency: NONE
[2026-04-07 23:20:37.924] [14412] [HailoRT] [info] [multi_io_elements.cpp:756] [create] Created (AsyncHwEl)
[2026-04-07 23:20:37.924] [14412] [HailoRT] [info] [queue_elements.cpp:450] [create] Created (EntryPushQEl0yolov8m/input_layer1 | timeout: 10s)
[2026-04-07 23:20:37.924] [14412] [HailoRT] [info] [filter_elements.cpp:101] [create] Created (PreInferEl3yolov8m/input_layer1 | Reorder - src_order: RGB4, src_shape: (640, 640, 3), dst_order: NHCW, dst_shape: (640, 640, 3))
[2026-04-07 23:20:37.924] [14412] [HailoRT] [info] [queue_elements.cpp:450] [create] Created (PushQEl3yolov8m/input_layer1 | timeout: 10s)
[2026-04-07 23:20:37.924] [14412] [HailoRT] [info] [multi_io_elements.cpp:135] [create] Created (NmsPPMuxEl0YOLOV8-Post-Process | Op YOLOV8, Name: YOLOV8-Post-Process, Score threshold: 0.001, IoU threshold: 0.70, Classes: 8, Cross classes: false, NMS results order: BY_CLASS, Max bboxes per class: 100, Image height: 640, Image width: 640)
[2026-04-07 23:20:37.924] [14412] [HailoRT] [info] [queue_elements.cpp:942] [create] Created (MultiPushQEl0YOLOV8-Post-Process | timeout: 10s)
[2026-04-07 23:20:37.924] [14412] [HailoRT] [info] [edge_elements.cpp:187] [create] Created (LastAsyncEl0NmsPPMuxEl0YOLOV8-Post-Process)
[2026-04-07 23:20:37.924] [14412] [HailoRT] [info] [pipeline.cpp:891] [print_deep_description] EntryPushQEl0yolov8m/input_layer1 | inputs: user | outputs: PreInferEl3yolov8m/input_layer1(running in thread_id: 14435)
[2026-04-07 23:20:37.924] [14412] [HailoRT] [info] [pipeline.cpp:891] [print_deep_description] PreInferEl3yolov8m/input_layer1 | inputs: EntryPushQEl0yolov8m/input_layer1[0] | outputs: PushQEl3yolov8m/input_layer1
[2026-04-07 23:20:37.924] [14412] [HailoRT] [info] [pipeline.cpp:891] [print_deep_description] PushQEl3yolov8m/input_layer1 | inputs: PreInferEl3yolov8m/input_layer1[0] | outputs: AsyncHwEl(running in thread_id: 14436)
[2026-04-07 23:20:37.924] [14412] [HailoRT] [info] [pipeline.cpp:891] [print_deep_description] AsyncHwEl | inputs: PushQEl3yolov8m/input_layer1[0] | outputs: MultiPushQEl0YOLOV8-Post-Process MultiPushQEl0YOLOV8-Post-Process MultiPushQEl0YOLOV8-Post-Process MultiPushQEl0YOLOV8-Post-Process MultiPushQEl0YOLOV8-Post-Process MultiPushQEl0YOLOV8-Post-Process
[2026-04-07 23:20:37.925] [14412] [HailoRT] [info] [pipeline.cpp:891] [print_deep_description] MultiPushQEl0YOLOV8-Post-Process | inputs: AsyncHwEl[0] AsyncHwEl[1] AsyncHwEl[2] AsyncHwEl[3] AsyncHwEl[4] AsyncHwEl[5] | outputs: NmsPPMuxEl0YOLOV8-Post-Process(running in thread_id: 14437)
[2026-04-07 23:20:37.925] [14412] [HailoRT] [info] [pipeline.cpp:891] [print_deep_description] NmsPPMuxEl0YOLOV8-Post-Process | inputs: MultiPushQEl0YOLOV8-Post-Process[0] | outputs: LastAsyncEl0NmsPPMuxEl0YOLOV8-Post-Process
[2026-04-07 23:20:37.925] [14412] [HailoRT] [info] [pipeline.cpp:891] [print_deep_description] LastAsyncEl0NmsPPMuxEl0YOLOV8-Post-Process | inputs: NmsPPMuxEl0YOLOV8-Post-Process[0] | outputs: user
[2026-04-07 23:20:39.842] [14432] [HailoRT] [info] [hef.cpp:1929] [get_network_group_and_network_name] No name was given. Addressing all networks of default network_group: yolov8m
[2026-04-07 23:31:51.042] [17768] [HailoRT] [info] [vdevice.cpp:523] [create] Creating vdevice with params: device_count: 1, scheduling_algorithm: ROUND_ROBIN, multi_process_service: false
[2026-04-07 23:31:51.053] [17768] [HailoRT] [info] [device.cpp:49] [Device] OS Version: Linux 6.12.62+rpt-rpi-2712 #1 SMP PREEMPT Debian 1:6.12.62-1+rpt1~bookworm (2026-01-19) aarch64
[2026-04-07 23:31:51.055] [17768] [HailoRT] [info] [control.cpp:108] [control__parse_identify_results] firmware_version is: 4.20.0
[2026-04-07 23:31:51.055] [17768] [HailoRT] [info] [vdevice.cpp:651] [create] VDevice Infos: 0001:01:00.0
[2026-04-07 23:31:51.074] [17768] [HailoRT] [info] [hef.cpp:1929] [get_network_group_and_network_name] No name was given. Addressing all networks of default network_group: yolov8m
[2026-04-07 23:31:51.074] [17768] [HailoRT] [info] [hef.cpp:1929] [get_network_group_and_network_name] No name was given. Addressing all networks of default network_group: yolov8m
[2026-04-07 23:31:51.083] [17768] [HailoRT] [info] [internal_buffer_manager.cpp:204] [print_execution_results] Planned internal buffer memory: CMA memory 0, user memory 3037184. memory to edge layer usage factor is 1
[2026-04-07 23:31:51.083] [17768] [HailoRT] [info] [internal_buffer_manager.cpp:212] [print_execution_results] Default Internal buffer planner executed successfully
[2026-04-07 23:31:51.118] [17768] [HailoRT] [info] [device_internal.cpp:57] [configure] Configuring HEF took 41.211291 milliseconds
[2026-04-07 23:31:51.118] [17768] [HailoRT] [info] [vdevice.cpp:749] [configure] Configuring HEF on VDevice took 41.511792 milliseconds
[2026-04-07 23:31:51.118] [17768] [HailoRT] [info] [infer_model.cpp:436] [configure] Configuring network group 'yolov8m' with params: batch size: 0, power mode: PERFORMANCE, latency: NONE
[2026-04-07 23:31:51.118] [17768] [HailoRT] [info] [multi_io_elements.cpp:756] [create] Created (AsyncHwEl)
[2026-04-07 23:31:51.118] [17768] [HailoRT] [info] [queue_elements.cpp:450] [create] Created (EntryPushQEl0yolov8m/input_layer1 | timeout: 10s)
[2026-04-07 23:31:51.118] [17768] [HailoRT] [info] [filter_elements.cpp:101] [create] Created (PreInferEl3yolov8m/input_layer1 | Reorder - src_order: RGB4, src_shape: (640, 640, 3), dst_order: NHCW, dst_shape: (640, 640, 3))
[2026-04-07 23:31:51.118] [17768] [HailoRT] [info] [queue_elements.cpp:450] [create] Created (PushQEl3yolov8m/input_layer1 | timeout: 10s)
[2026-04-07 23:31:51.118] [17768] [HailoRT] [info] [multi_io_elements.cpp:135] [create] Created (NmsPPMuxEl0YOLOV8-Post-Process | Op YOLOV8, Name: YOLOV8-Post-Process, Score threshold: 0.001, IoU threshold: 0.70, Classes: 8, Cross classes: false, NMS results order: BY_CLASS, Max bboxes per class: 100, Image height: 640, Image width: 640)
[2026-04-07 23:31:51.119] [17768] [HailoRT] [info] [queue_elements.cpp:942] [create] Created (MultiPushQEl0YOLOV8-Post-Process | timeout: 10s)
[2026-04-07 23:31:51.119] [17768] [HailoRT] [info] [edge_elements.cpp:187] [create] Created (LastAsyncEl0NmsPPMuxEl0YOLOV8-Post-Process)
[2026-04-07 23:31:51.119] [17768] [HailoRT] [info] [pipeline.cpp:891] [print_deep_description] EntryPushQEl0yolov8m/input_layer1 | inputs: user | outputs: PreInferEl3yolov8m/input_layer1(running in thread_id: 17791)
[2026-04-07 23:31:51.119] [17768] [HailoRT] [info] [pipeline.cpp:891] [print_deep_description] PreInferEl3yolov8m/input_layer1 | inputs: EntryPushQEl0yolov8m/input_layer1[0] | outputs: PushQEl3yolov8m/input_layer1
[2026-04-07 23:31:51.119] [17768] [HailoRT] [info] [pipeline.cpp:891] [print_deep_description] PushQEl3yolov8m/input_layer1 | inputs: PreInferEl3yolov8m/input_layer1[0] | outputs: AsyncHwEl(running in thread_id: 17792)
[2026-04-07 23:31:51.119] [17768] [HailoRT] [info] [pipeline.cpp:891] [print_deep_description] AsyncHwEl | inputs: PushQEl3yolov8m/input_layer1[0] | outputs: MultiPushQEl0YOLOV8-Post-Process MultiPushQEl0YOLOV8-Post-Process MultiPushQEl0YOLOV8-Post-Process MultiPushQEl0YOLOV8-Post-Process MultiPushQEl0YOLOV8-Post-Process MultiPushQEl0YOLOV8-Post-Process
[2026-04-07 23:31:51.119] [17768] [HailoRT] [info] [pipeline.cpp:891] [print_deep_description] MultiPushQEl0YOLOV8-Post-Process | inputs: AsyncHwEl[0] AsyncHwEl[1] AsyncHwEl[2] AsyncHwEl[3] AsyncHwEl[4] AsyncHwEl[5] | outputs: NmsPPMuxEl0YOLOV8-Post-Process(running in thread_id: 17793)
[2026-04-07 23:31:51.119] [17768] [HailoRT] [info] [pipeline.cpp:891] [print_deep_description] NmsPPMuxEl0YOLOV8-Post-Process | inputs: MultiPushQEl0YOLOV8-Post-Process[0] | outputs: LastAsyncEl0NmsPPMuxEl0YOLOV8-Post-Process
[2026-04-07 23:31:51.119] [17768] [HailoRT] [info] [pipeline.cpp:891] [print_deep_description] LastAsyncEl0NmsPPMuxEl0YOLOV8-Post-Process | inputs: NmsPPMuxEl0YOLOV8-Post-Process[0] | outputs: user
[2026-04-07 23:31:52.097] [17788] [HailoRT] [info] [hef.cpp:1929] [get_network_group_and_network_name] No name was given. Addressing all networks of default network_group: yolov8m
[2026-04-07 23:33:08.320] [18283] [HailoRT] [info] [vdevice.cpp:523] [create] Creating vdevice with params: device_count: 1, scheduling_algorithm: ROUND_ROBIN, multi_process_service: false
[2026-04-07 23:33:08.332] [18283] [HailoRT] [info] [device.cpp:49] [Device] OS Version: Linux 6.12.62+rpt-rpi-2712 #1 SMP PREEMPT Debian 1:6.12.62-1+rpt1~bookworm (2026-01-19) aarch64
[2026-04-07 23:33:08.333] [18283] [HailoRT] [info] [control.cpp:108] [control__parse_identify_results] firmware_version is: 4.20.0
[2026-04-07 23:33:08.333] [18283] [HailoRT] [info] [vdevice.cpp:651] [create] VDevice Infos: 0001:01:00.0
[2026-04-07 23:33:08.353] [18283] [HailoRT] [info] [hef.cpp:1929] [get_network_group_and_network_name] No name was given. Addressing all networks of default network_group: yolov8m
[2026-04-07 23:33:08.353] [18283] [HailoRT] [info] [hef.cpp:1929] [get_network_group_and_network_name] No name was given. Addressing all networks of default network_group: yolov8m
[2026-04-07 23:33:08.362] [18283] [HailoRT] [info] [internal_buffer_manager.cpp:204] [print_execution_results] Planned internal buffer memory: CMA memory 0, user memory 3037184. memory to edge layer usage factor is 1
[2026-04-07 23:33:08.362] [18283] [HailoRT] [info] [internal_buffer_manager.cpp:212] [print_execution_results] Default Internal buffer planner executed successfully
[2026-04-07 23:33:08.402] [18283] [HailoRT] [info] [device_internal.cpp:57] [configure] Configuring HEF took 45.900065 milliseconds
[2026-04-07 23:33:08.402] [18283] [HailoRT] [info] [vdevice.cpp:749] [configure] Configuring HEF on VDevice took 46.205232 milliseconds
[2026-04-07 23:33:08.402] [18283] [HailoRT] [info] [infer_model.cpp:436] [configure] Configuring network group 'yolov8m' with params: batch size: 0, power mode: PERFORMANCE, latency: NONE
[2026-04-07 23:33:08.402] [18283] [HailoRT] [info] [multi_io_elements.cpp:756] [create] Created (AsyncHwEl)
[2026-04-07 23:33:08.402] [18283] [HailoRT] [info] [queue_elements.cpp:450] [create] Created (EntryPushQEl0yolov8m/input_layer1 | timeout: 10s)
[2026-04-07 23:33:08.402] [18283] [HailoRT] [info] [filter_elements.cpp:101] [create] Created (PreInferEl3yolov8m/input_layer1 | Reorder - src_order: RGB4, src_shape: (640, 640, 3), dst_order: NHCW, dst_shape: (640, 640, 3))
[2026-04-07 23:33:08.402] [18283] [HailoRT] [info] [queue_elements.cpp:450] [create] Created (PushQEl3yolov8m/input_layer1 | timeout: 10s)
[2026-04-07 23:33:08.402] [18283] [HailoRT] [info] [multi_io_elements.cpp:135] [create] Created (NmsPPMuxEl0YOLOV8-Post-Process | Op YOLOV8, Name: YOLOV8-Post-Process, Score threshold: 0.001, IoU threshold: 0.70, Classes: 8, Cross classes: false, NMS results order: BY_CLASS, Max bboxes per class: 100, Image height: 640, Image width: 640)
[2026-04-07 23:33:08.402] [18283] [HailoRT] [info] [queue_elements.cpp:942] [create] Created (MultiPushQEl0YOLOV8-Post-Process | timeout: 10s)
[2026-04-07 23:33:08.402] [18283] [HailoRT] [info] [edge_elements.cpp:187] [create] Created (LastAsyncEl0NmsPPMuxEl0YOLOV8-Post-Process)
[2026-04-07 23:33:08.402] [18283] [HailoRT] [info] [pipeline.cpp:891] [print_deep_description] EntryPushQEl0yolov8m/input_layer1 | inputs: user | outputs: PreInferEl3yolov8m/input_layer1(running in thread_id: 18309)
[2026-04-07 23:33:08.402] [18283] [HailoRT] [info] [pipeline.cpp:891] [print_deep_description] PreInferEl3yolov8m/input_layer1 | inputs: EntryPushQEl0yolov8m/input_layer1[0] | outputs: PushQEl3yolov8m/input_layer1
[2026-04-07 23:33:08.402] [18283] [HailoRT] [info] [pipeline.cpp:891] [print_deep_description] PushQEl3yolov8m/input_layer1 | inputs: PreInferEl3yolov8m/input_layer1[0] | outputs: AsyncHwEl(running in thread_id: 18310)
[2026-04-07 23:33:08.402] [18283] [HailoRT] [info] [pipeline.cpp:891] [print_deep_description] AsyncHwEl | inputs: PushQEl3yolov8m/input_layer1[0] | outputs: MultiPushQEl0YOLOV8-Post-Process MultiPushQEl0YOLOV8-Post-Process MultiPushQEl0YOLOV8-Post-Process MultiPushQEl0YOLOV8-Post-Process MultiPushQEl0YOLOV8-Post-Process MultiPushQEl0YOLOV8-Post-Process
[2026-04-07 23:33:08.402] [18283] [HailoRT] [info] [pipeline.cpp:891] [print_deep_description] MultiPushQEl0YOLOV8-Post-Process | inputs: AsyncHwEl[0] AsyncHwEl[1] AsyncHwEl[2] AsyncHwEl[3] AsyncHwEl[4] AsyncHwEl[5] | outputs: NmsPPMuxEl0YOLOV8-Post-Process(running in thread_id: 18311)
[2026-04-07 23:33:08.402] [18283] [HailoRT] [info] [pipeline.cpp:891] [print_deep_description] NmsPPMuxEl0YOLOV8-Post-Process | inputs: MultiPushQEl0YOLOV8-Post-Process[0] | outputs: LastAsyncEl0NmsPPMuxEl0YOLOV8-Post-Process
[2026-04-07 23:33:08.402] [18283] [HailoRT] [info] [pipeline.cpp:891] [print_deep_description] LastAsyncEl0NmsPPMuxEl0YOLOV8-Post-Process | inputs: NmsPPMuxEl0YOLOV8-Post-Process[0] | outputs: user
[2026-04-07 23:33:10.313] [18306] [HailoRT] [info] [hef.cpp:1929] [get_network_group_and_network_name] No name was given. Addressing all networks of default network_group: yolov8m
[2026-04-07 23:34:05.041] [18283] [HailoRT] [info] [async_infer_runner.cpp:86] [shutdown] Pipeline was aborted. Shutting it down
[2026-04-07 23:34:05.042] [18283] [HailoRT] [info] [queue_elements.cpp:1131] [execute_deactivate] enqueue() in element MultiPushQEl0YOLOV8-Post-Process was aborted, got status = HAILO_SHUTDOWN_EVENT_SIGNALED(57)
[2026-04-07 23:34:05.042] [18283] [HailoRT] [info] [queue_elements.cpp:1131] [execute_deactivate] enqueue() in element MultiPushQEl0YOLOV8-Post-Process was aborted, got status = HAILO_SHUTDOWN_EVENT_SIGNALED(57)
[2026-04-07 23:34:05.042] [18283] [HailoRT] [info] [queue_elements.cpp:1131] [execute_deactivate] enqueue() in element MultiPushQEl0YOLOV8-Post-Process was aborted, got status = HAILO_SHUTDOWN_EVENT_SIGNALED(57)
[2026-04-07 23:34:05.042] [18283] [HailoRT] [info] [queue_elements.cpp:1131] [execute_deactivate] enqueue() in element MultiPushQEl0YOLOV8-Post-Process was aborted, got status = HAILO_SHUTDOWN_EVENT_SIGNALED(57)
[2026-04-07 23:34:05.042] [18283] [HailoRT] [info] [queue_elements.cpp:1131] [execute_deactivate] enqueue() in element MultiPushQEl0YOLOV8-Post-Process was aborted, got status = HAILO_SHUTDOWN_EVENT_SIGNALED(57)
[2026-04-07 23:34:05.042] [18283] [HailoRT] [info] [queue_elements.cpp:1131] [execute_deactivate] enqueue() in element MultiPushQEl0YOLOV8-Post-Process was aborted, got status = HAILO_SHUTDOWN_EVENT_SIGNALED(57)
[2026-04-07 23:34:05.042] [18283] [HailoRT] [info] [queue_elements.cpp:570] [execute_deactivate] enqueue() in element PushQEl3yolov8m/input_layer1 was aborted, got status = HAILO_SHUTDOWN_EVENT_SIGNALED(57)
[2026-04-07 23:34:05.042] [18283] [HailoRT] [info] [queue_elements.cpp:570] [execute_deactivate] enqueue() in element EntryPushQEl0yolov8m/input_layer1 was aborted, got status = HAILO_SHUTDOWN_EVENT_SIGNALED(57)
[2026-04-07 23:34:05.042] [18283] [HailoRT] [info] [queue_elements.cpp:46] [~BaseQueueElement] Queue element EntryPushQEl0yolov8m/input_layer1 has 0 frames in his Queue on destruction
[2026-04-07 23:34:05.042] [18283] [HailoRT] [info] [queue_elements.cpp:46] [~BaseQueueElement] Queue element PushQEl3yolov8m/input_layer1 has 0 frames in his Queue on destruction
[2026-04-07 23:40:43.676] [20405] [HailoRT] [info] [vdevice.cpp:523] [create] Creating vdevice with params: device_count: 1, scheduling_algorithm: ROUND_ROBIN, multi_process_service: false
[2026-04-07 23:40:43.689] [20405] [HailoRT] [info] [device.cpp:49] [Device] OS Version: Linux 6.12.62+rpt-rpi-2712 #1 SMP PREEMPT Debian 1:6.12.62-1+rpt1~bookworm (2026-01-19) aarch64
[2026-04-07 23:40:43.690] [20405] [HailoRT] [info] [control.cpp:108] [control__parse_identify_results] firmware_version is: 4.20.0
[2026-04-07 23:40:43.690] [20405] [HailoRT] [info] [vdevice.cpp:651] [create] VDevice Infos: 0001:01:00.0
[2026-04-07 23:40:43.710] [20405] [HailoRT] [info] [hef.cpp:1929] [get_network_group_and_network_name] No name was given. Addressing all networks of default network_group: yolov8m
[2026-04-07 23:40:43.710] [20405] [HailoRT] [info] [hef.cpp:1929] [get_network_group_and_network_name] No name was given. Addressing all networks of default network_group: yolov8m
[2026-04-07 23:40:43.718] [20405] [HailoRT] [info] [internal_buffer_manager.cpp:204] [print_execution_results] Planned internal buffer memory: CMA memory 0, user memory 3037184. memory to edge layer usage factor is 1
[2026-04-07 23:40:43.718] [20405] [HailoRT] [info] [internal_buffer_manager.cpp:212] [print_execution_results] Default Internal buffer planner executed successfully
[2026-04-07 23:40:43.757] [20405] [HailoRT] [info] [device_internal.cpp:57] [configure] Configuring HEF took 44.58975 milliseconds
[2026-04-07 23:40:43.757] [20405] [HailoRT] [info] [vdevice.cpp:749] [configure] Configuring HEF on VDevice took 44.89401 milliseconds
[2026-04-07 23:40:43.757] [20405] [HailoRT] [info] [infer_model.cpp:436] [configure] Configuring network group 'yolov8m' with params: batch size: 0, power mode: PERFORMANCE, latency: NONE
[2026-04-07 23:40:43.757] [20405] [HailoRT] [info] [multi_io_elements.cpp:756] [create] Created (AsyncHwEl)
[2026-04-07 23:40:43.759] [20405] [HailoRT] [info] [queue_elements.cpp:450] [create] Created (EntryPushQEl0yolov8m/input_layer1 | timeout: 10s)
[2026-04-07 23:40:43.759] [20405] [HailoRT] [info] [filter_elements.cpp:101] [create] Created (PreInferEl3yolov8m/input_layer1 | Reorder - src_order: RGB4, src_shape: (640, 640, 3), dst_order: NHCW, dst_shape: (640, 640, 3))
[2026-04-07 23:40:43.759] [20405] [HailoRT] [info] [queue_elements.cpp:450] [create] Created (PushQEl3yolov8m/input_layer1 | timeout: 10s)
[2026-04-07 23:40:43.759] [20405] [HailoRT] [info] [multi_io_elements.cpp:135] [create] Created (NmsPPMuxEl0YOLOV8-Post-Process | Op YOLOV8, Name: YOLOV8-Post-Process, Score threshold: 0.001, IoU threshold: 0.70, Classes: 8, Cross classes: false, NMS results order: BY_CLASS, Max bboxes per class: 100, Image height: 640, Image width: 640)
[2026-04-07 23:40:43.760] [20405] [HailoRT] [info] [queue_elements.cpp:942] [create] Created (MultiPushQEl0YOLOV8-Post-Process | timeout: 10s)
[2026-04-07 23:40:43.760] [20405] [HailoRT] [info] [edge_elements.cpp:187] [create] Created (LastAsyncEl0NmsPPMuxEl0YOLOV8-Post-Process)
[2026-04-07 23:40:43.760] [20405] [HailoRT] [info] [pipeline.cpp:891] [print_deep_description] EntryPushQEl0yolov8m/input_layer1 | inputs: user | outputs: PreInferEl3yolov8m/input_layer1(running in thread_id: 20428)
[2026-04-07 23:40:43.760] [20405] [HailoRT] [info] [pipeline.cpp:891] [print_deep_description] PreInferEl3yolov8m/input_layer1 | inputs: EntryPushQEl0yolov8m/input_layer1[0] | outputs: PushQEl3yolov8m/input_layer1
[2026-04-07 23:40:43.760] [20405] [HailoRT] [info] [pipeline.cpp:891] [print_deep_description] PushQEl3yolov8m/input_layer1 | inputs: PreInferEl3yolov8m/input_layer1[0] | outputs: AsyncHwEl(running in thread_id: 20429)
[2026-04-07 23:40:43.760] [20405] [HailoRT] [info] [pipeline.cpp:891] [print_deep_description] AsyncHwEl | inputs: PushQEl3yolov8m/input_layer1[0] | outputs: MultiPushQEl0YOLOV8-Post-Process MultiPushQEl0YOLOV8-Post-Process MultiPushQEl0YOLOV8-Post-Process MultiPushQEl0YOLOV8-Post-Process MultiPushQEl0YOLOV8-Post-Process MultiPushQEl0YOLOV8-Post-Process
[2026-04-07 23:40:43.760] [20405] [HailoRT] [info] [pipeline.cpp:891] [print_deep_description] MultiPushQEl0YOLOV8-Post-Process | inputs: AsyncHwEl[0] AsyncHwEl[1] AsyncHwEl[2] AsyncHwEl[3] AsyncHwEl[4] AsyncHwEl[5] | outputs: NmsPPMuxEl0YOLOV8-Post-Process(running in thread_id: 20430)
[2026-04-07 23:40:43.760] [20405] [HailoRT] [info] [pipeline.cpp:891] [print_deep_description] NmsPPMuxEl0YOLOV8-Post-Process | inputs: MultiPushQEl0YOLOV8-Post-Process[0] | outputs: LastAsyncEl0NmsPPMuxEl0YOLOV8-Post-Process
[2026-04-07 23:40:43.760] [20405] [HailoRT] [info] [pipeline.cpp:891] [print_deep_description] LastAsyncEl0NmsPPMuxEl0YOLOV8-Post-Process | inputs: NmsPPMuxEl0YOLOV8-Post-Process[0] | outputs: user
[2026-04-07 23:40:44.713] [20425] [HailoRT] [info] [hef.cpp:1929] [get_network_group_and_network_name] No name was given. Addressing all networks of default network_group: yolov8m
[2026-04-08 14:31:16.613] [6831] [HailoRT] [info] [vdevice.cpp:523] [create] Creating vdevice with params: device_count: 1, scheduling_algorithm: ROUND_ROBIN, multi_process_service: false
[2026-04-08 14:31:16.625] [6831] [HailoRT] [info] [device.cpp:49] [Device] OS Version: Linux 6.12.62+rpt-rpi-2712 #1 SMP PREEMPT Debian 1:6.12.62-1+rpt1~bookworm (2026-01-19) aarch64
[2026-04-08 14:31:16.631] [6831] [HailoRT] [info] [control.cpp:108] [control__parse_identify_results] firmware_version is: 4.20.0
[2026-04-08 14:31:16.631] [6831] [HailoRT] [info] [vdevice.cpp:651] [create] VDevice Infos: 0001:01:00.0
[2026-04-08 14:31:16.979] [6831] [HailoRT] [info] [hef.cpp:1929] [get_network_group_and_network_name] No name was given. Addressing all networks of default network_group: yolov8m
[2026-04-08 14:31:16.979] [6831] [HailoRT] [info] [hef.cpp:1929] [get_network_group_and_network_name] No name was given. Addressing all networks of default network_group: yolov8m
[2026-04-08 14:31:17.003] [6831] [HailoRT] [info] [internal_buffer_manager.cpp:204] [print_execution_results] Planned internal buffer memory: CMA memory 0, user memory 3037184. memory to edge layer usage factor is 1
[2026-04-08 14:31:17.003] [6831] [HailoRT] [info] [internal_buffer_manager.cpp:212] [print_execution_results] Default Internal buffer planner executed successfully
[2026-04-08 14:31:17.064] [6831] [HailoRT] [info] [device_internal.cpp:57] [configure] Configuring HEF took 71.92009 milliseconds
[2026-04-08 14:31:17.064] [6831] [HailoRT] [info] [vdevice.cpp:749] [configure] Configuring HEF on VDevice took 72.841891 milliseconds
[2026-04-08 14:31:17.064] [6831] [HailoRT] [info] [infer_model.cpp:436] [configure] Configuring network group 'yolov8m' with params: batch size: 0, power mode: PERFORMANCE, latency: NONE
[2026-04-08 14:31:17.067] [6831] [HailoRT] [info] [multi_io_elements.cpp:756] [create] Created (AsyncHwEl)
[2026-04-08 14:31:17.067] [6831] [HailoRT] [info] [queue_elements.cpp:450] [create] Created (EntryPushQEl0yolov8m/input_layer1 | timeout: 10s)
[2026-04-08 14:31:17.067] [6831] [HailoRT] [info] [filter_elements.cpp:101] [create] Created (PreInferEl3yolov8m/input_layer1 | Reorder - src_order: RGB4, src_shape: (640, 640, 3), dst_order: NHCW, dst_shape: (640, 640, 3))
[2026-04-08 14:31:17.067] [6831] [HailoRT] [info] [queue_elements.cpp:450] [create] Created (PushQEl3yolov8m/input_layer1 | timeout: 10s)
[2026-04-08 14:31:17.067] [6831] [HailoRT] [info] [multi_io_elements.cpp:135] [create] Created (NmsPPMuxEl0YOLOV8-Post-Process | Op YOLOV8, Name: YOLOV8-Post-Process, Score threshold: 0.001, IoU threshold: 0.70, Classes: 8, Cross classes: false, NMS results order: BY_CLASS, Max bboxes per class: 100, Image height: 640, Image width: 640)
[2026-04-08 14:31:17.068] [6831] [HailoRT] [info] [queue_elements.cpp:942] [create] Created (MultiPushQEl0YOLOV8-Post-Process | timeout: 10s)
[2026-04-08 14:31:17.068] [6831] [HailoRT] [info] [edge_elements.cpp:187] [create] Created (LastAsyncEl0NmsPPMuxEl0YOLOV8-Post-Process)
[2026-04-08 14:31:17.068] [6831] [HailoRT] [info] [pipeline.cpp:891] [print_deep_description] EntryPushQEl0yolov8m/input_layer1 | inputs: user | outputs: PreInferEl3yolov8m/input_layer1(running in thread_id: 6879)
[2026-04-08 14:31:17.068] [6831] [HailoRT] [info] [pipeline.cpp:891] [print_deep_description] PreInferEl3yolov8m/input_layer1 | inputs: EntryPushQEl0yolov8m/input_layer1[0] | outputs: PushQEl3yolov8m/input_layer1
[2026-04-08 14:31:17.068] [6831] [HailoRT] [info] [pipeline.cpp:891] [print_deep_description] PushQEl3yolov8m/input_layer1 | inputs: PreInferEl3yolov8m/input_layer1[0] | outputs: AsyncHwEl(running in thread_id: 6880)
[2026-04-08 14:31:17.068] [6831] [HailoRT] [info] [pipeline.cpp:891] [print_deep_description] AsyncHwEl | inputs: PushQEl3yolov8m/input_layer1[0] | outputs: MultiPushQEl0YOLOV8-Post-Process MultiPushQEl0YOLOV8-Post-Process MultiPushQEl0YOLOV8-Post-Process MultiPushQEl0YOLOV8-Post-Process MultiPushQEl0YOLOV8-Post-Process MultiPushQEl0YOLOV8-Post-Process
[2026-04-08 14:31:17.068] [6831] [HailoRT] [info] [pipeline.cpp:891] [print_deep_description] MultiPushQEl0YOLOV8-Post-Process | inputs: AsyncHwEl[0] AsyncHwEl[1] AsyncHwEl[2] AsyncHwEl[3] AsyncHwEl[4] AsyncHwEl[5] | outputs: NmsPPMuxEl0YOLOV8-Post-Process(running in thread_id: 6881)
[2026-04-08 14:31:17.069] [6831] [HailoRT] [info] [pipeline.cpp:891] [print_deep_description] NmsPPMuxEl0YOLOV8-Post-Process | inputs: MultiPushQEl0YOLOV8-Post-Process[0] | outputs: LastAsyncEl0NmsPPMuxEl0YOLOV8-Post-Process
[2026-04-08 14:31:17.069] [6831] [HailoRT] [info] [pipeline.cpp:891] [print_deep_description] LastAsyncEl0NmsPPMuxEl0YOLOV8-Post-Process | inputs: NmsPPMuxEl0YOLOV8-Post-Process[0] | outputs: user
[2026-04-08 14:31:18.288] [6876] [HailoRT] [info] [hef.cpp:1929] [get_network_group_and_network_name] No name was given. Addressing all networks of default network_group: yolov8m
[2026-04-08 14:32:03.619] [6831] [HailoRT] [info] [async_infer_runner.cpp:86] [shutdown] Pipeline was aborted. Shutting it down
[2026-04-08 14:32:03.621] [6831] [HailoRT] [info] [queue_elements.cpp:1131] [execute_deactivate] enqueue() in element MultiPushQEl0YOLOV8-Post-Process was aborted, got status = HAILO_SHUTDOWN_EVENT_SIGNALED(57)
[2026-04-08 14:32:03.621] [6831] [HailoRT] [info] [queue_elements.cpp:1131] [execute_deactivate] enqueue() in element MultiPushQEl0YOLOV8-Post-Process was aborted, got status = HAILO_SHUTDOWN_EVENT_SIGNALED(57)
[2026-04-08 14:32:03.621] [6831] [HailoRT] [info] [queue_elements.cpp:1131] [execute_deactivate] enqueue() in element MultiPushQEl0YOLOV8-Post-Process was aborted, got status = HAILO_SHUTDOWN_EVENT_SIGNALED(57)
[2026-04-08 14:32:03.621] [6831] [HailoRT] [info] [queue_elements.cpp:1131] [execute_deactivate] enqueue() in element MultiPushQEl0YOLOV8-Post-Process was aborted, got status = HAILO_SHUTDOWN_EVENT_SIGNALED(57)
[2026-04-08 14:32:03.621] [6831] [HailoRT] [info] [queue_elements.cpp:1131] [execute_deactivate] enqueue() in element MultiPushQEl0YOLOV8-Post-Process was aborted, got status = HAILO_SHUTDOWN_EVENT_SIGNALED(57)
[2026-04-08 14:32:03.621] [6831] [HailoRT] [info] [queue_elements.cpp:1131] [execute_deactivate] enqueue() in element MultiPushQEl0YOLOV8-Post-Process was aborted, got status = HAILO_SHUTDOWN_EVENT_SIGNALED(57)
[2026-04-08 14:32:03.621] [6831] [HailoRT] [info] [queue_elements.cpp:570] [execute_deactivate] enqueue() in element PushQEl3yolov8m/input_layer1 was aborted, got status = HAILO_SHUTDOWN_EVENT_SIGNALED(57)
[2026-04-08 14:32:03.621] [6831] [HailoRT] [info] [queue_elements.cpp:570] [execute_deactivate] enqueue() in element EntryPushQEl0yolov8m/input_layer1 was aborted, got status = HAILO_SHUTDOWN_EVENT_SIGNALED(57)
[2026-04-08 14:32:03.621] [6831] [HailoRT] [info] [queue_elements.cpp:46] [~BaseQueueElement] Queue element EntryPushQEl0yolov8m/input_layer1 has 0 frames in his Queue on destruction
[2026-04-08 14:32:03.621] [6831] [HailoRT] [info] [queue_elements.cpp:46] [~BaseQueueElement] Queue element PushQEl3yolov8m/input_layer1 has 0 frames in his Queue on destruction
[2026-04-08 15:21:57.151] [19882] [HailoRT] [info] [vdevice.cpp:523] [create] Creating vdevice with params: device_count: 1, scheduling_algorithm: ROUND_ROBIN, multi_process_service: false
[2026-04-08 15:21:57.162] [19882] [HailoRT] [info] [device.cpp:49] [Device] OS Version: Linux 6.12.62+rpt-rpi-2712 #1 SMP PREEMPT Debian 1:6.12.62-1+rpt1~bookworm (2026-01-19) aarch64
[2026-04-08 15:21:57.163] [19882] [HailoRT] [info] [control.cpp:108] [control__parse_identify_results] firmware_version is: 4.20.0
[2026-04-08 15:21:57.163] [19882] [HailoRT] [info] [vdevice.cpp:651] [create] VDevice Infos: 0001:01:00.0
[2026-04-08 15:21:57.183] [19882] [HailoRT] [info] [hef.cpp:1929] [get_network_group_and_network_name] No name was given. Addressing all networks of default network_group: yolov8m
[2026-04-08 15:21:57.183] [19882] [HailoRT] [info] [hef.cpp:1929] [get_network_group_and_network_name] No name was given. Addressing all networks of default network_group: yolov8m
[2026-04-08 15:21:57.192] [19882] [HailoRT] [info] [internal_buffer_manager.cpp:204] [print_execution_results] Planned internal buffer memory: CMA memory 0, user memory 3037184. memory to edge layer usage factor is 1
[2026-04-08 15:21:57.192] [19882] [HailoRT] [info] [internal_buffer_manager.cpp:212] [print_execution_results] Default Internal buffer planner executed successfully
[2026-04-08 15:21:57.229] [19882] [HailoRT] [info] [device_internal.cpp:57] [configure] Configuring HEF took 43.007314 milliseconds
[2026-04-08 15:21:57.229] [19882] [HailoRT] [info] [vdevice.cpp:749] [configure] Configuring HEF on VDevice took 43.311593 milliseconds
[2026-04-08 15:21:57.229] [19882] [HailoRT] [info] [infer_model.cpp:436] [configure] Configuring network group 'yolov8m' with params: batch size: 0, power mode: PERFORMANCE, latency: NONE
[2026-04-08 15:21:57.229] [19882] [HailoRT] [info] [multi_io_elements.cpp:756] [create] Created (AsyncHwEl)
[2026-04-08 15:21:57.229] [19882] [HailoRT] [info] [queue_elements.cpp:450] [create] Created (EntryPushQEl0yolov8m/input_layer1 | timeout: 10s)
[2026-04-08 15:21:57.229] [19882] [HailoRT] [info] [filter_elements.cpp:101] [create] Created (PreInferEl3yolov8m/input_layer1 | Reorder - src_order: RGB4, src_shape: (640, 640, 3), dst_order: NHCW, dst_shape: (640, 640, 3))
[2026-04-08 15:21:57.229] [19882] [HailoRT] [info] [queue_elements.cpp:450] [create] Created (PushQEl3yolov8m/input_layer1 | timeout: 10s)
[2026-04-08 15:21:57.229] [19882] [HailoRT] [info] [multi_io_elements.cpp:135] [create] Created (NmsPPMuxEl0YOLOV8-Post-Process | Op YOLOV8, Name: YOLOV8-Post-Process, Score threshold: 0.001, IoU threshold: 0.70, Classes: 8, Cross classes: false, NMS results order: BY_CLASS, Max bboxes per class: 100, Image height: 640, Image width: 640)
[2026-04-08 15:21:57.230] [19882] [HailoRT] [info] [queue_elements.cpp:942] [create] Created (MultiPushQEl0YOLOV8-Post-Process | timeout: 10s)
[2026-04-08 15:21:57.230] [19882] [HailoRT] [info] [edge_elements.cpp:187] [create] Created (LastAsyncEl0NmsPPMuxEl0YOLOV8-Post-Process)
[2026-04-08 15:21:57.230] [19882] [HailoRT] [info] [pipeline.cpp:891] [print_deep_description] EntryPushQEl0yolov8m/input_layer1 | inputs: user | outputs: PreInferEl3yolov8m/input_layer1(running in thread_id: 19905)
[2026-04-08 15:21:57.230] [19882] [HailoRT] [info] [pipeline.cpp:891] [print_deep_description] PreInferEl3yolov8m/input_layer1 | inputs: EntryPushQEl0yolov8m/input_layer1[0] | outputs: PushQEl3yolov8m/input_layer1
[2026-04-08 15:21:57.230] [19882] [HailoRT] [info] [pipeline.cpp:891] [print_deep_description] PushQEl3yolov8m/input_layer1 | inputs: PreInferEl3yolov8m/input_layer1[0] | outputs: AsyncHwEl(running in thread_id: 19906)
[2026-04-08 15:21:57.230] [19882] [HailoRT] [info] [pipeline.cpp:891] [print_deep_description] AsyncHwEl | inputs: PushQEl3yolov8m/input_layer1[0] | outputs: MultiPushQEl0YOLOV8-Post-Process MultiPushQEl0YOLOV8-Post-Process MultiPushQEl0YOLOV8-Post-Process MultiPushQEl0YOLOV8-Post-Process MultiPushQEl0YOLOV8-Post-Process MultiPushQEl0YOLOV8-Post-Process
[2026-04-08 15:21:57.230] [19882] [HailoRT] [info] [pipeline.cpp:891] [print_deep_description] MultiPushQEl0YOLOV8-Post-Process | inputs: AsyncHwEl[0] AsyncHwEl[1] AsyncHwEl[2] AsyncHwEl[3] AsyncHwEl[4] AsyncHwEl[5] | outputs: NmsPPMuxEl0YOLOV8-Post-Process(running in thread_id: 19907)
[2026-04-08 15:21:57.230] [19882] [HailoRT] [info] [pipeline.cpp:891] [print_deep_description] NmsPPMuxEl0YOLOV8-Post-Process | inputs: MultiPushQEl0YOLOV8-Post-Process[0] | outputs: LastAsyncEl0NmsPPMuxEl0YOLOV8-Post-Process
[2026-04-08 15:21:57.230] [19882] [HailoRT] [info] [pipeline.cpp:891] [print_deep_description] LastAsyncEl0NmsPPMuxEl0YOLOV8-Post-Process | inputs: NmsPPMuxEl0YOLOV8-Post-Process[0] | outputs: user
[2026-04-08 15:21:58.262] [19902] [HailoRT] [info] [hef.cpp:1929] [get_network_group_and_network_name] No name was given. Addressing all networks of default network_group: yolov8m
[2026-04-08 15:22:28.687] [19882] [HailoRT] [info] [async_infer_runner.cpp:86] [shutdown] Pipeline was aborted. Shutting it down
[2026-04-08 15:22:28.688] [19905] [HailoRT] [info] [queue_elements.cpp:497] [operator()] Thread in element EntryPushQEl0yolov8m/input_layer1 is not running anymore, exiting..
[2026-04-08 15:22:28.688] [19882] [HailoRT] [info] [queue_elements.cpp:1131] [execute_deactivate] enqueue() in element MultiPushQEl0YOLOV8-Post-Process was aborted, got status = HAILO_SHUTDOWN_EVENT_SIGNALED(57)
[2026-04-08 15:22:28.688] [19882] [HailoRT] [info] [queue_elements.cpp:1131] [execute_deactivate] enqueue() in element MultiPushQEl0YOLOV8-Post-Process was aborted, got status = HAILO_SHUTDOWN_EVENT_SIGNALED(57)
[2026-04-08 15:22:28.688] [19882] [HailoRT] [info] [queue_elements.cpp:1131] [execute_deactivate] enqueue() in element MultiPushQEl0YOLOV8-Post-Process was aborted, got status = HAILO_SHUTDOWN_EVENT_SIGNALED(57)
[2026-04-08 15:22:28.688] [19882] [HailoRT] [info] [queue_elements.cpp:1131] [execute_deactivate] enqueue() in element MultiPushQEl0YOLOV8-Post-Process was aborted, got status = HAILO_SHUTDOWN_EVENT_SIGNALED(57)
[2026-04-08 15:22:28.688] [19882] [HailoRT] [info] [queue_elements.cpp:1131] [execute_deactivate] enqueue() in element MultiPushQEl0YOLOV8-Post-Process was aborted, got status = HAILO_SHUTDOWN_EVENT_SIGNALED(57)
[2026-04-08 15:22:28.688] [19882] [HailoRT] [info] [queue_elements.cpp:1131] [execute_deactivate] enqueue() in element MultiPushQEl0YOLOV8-Post-Process was aborted, got status = HAILO_SHUTDOWN_EVENT_SIGNALED(57)
[2026-04-08 15:22:28.688] [19882] [HailoRT] [info] [queue_elements.cpp:570] [execute_deactivate] enqueue() in element PushQEl3yolov8m/input_layer1 was aborted, got status = HAILO_SHUTDOWN_EVENT_SIGNALED(57)
[2026-04-08 15:22:28.688] [19882] [HailoRT] [info] [queue_elements.cpp:570] [execute_deactivate] enqueue() in element EntryPushQEl0yolov8m/input_layer1 was aborted, got status = HAILO_SHUTDOWN_EVENT_SIGNALED(57)
[2026-04-08 15:22:28.688] [19882] [HailoRT] [info] [queue_elements.cpp:46] [~BaseQueueElement] Queue element EntryPushQEl0yolov8m/input_layer1 has 0 frames in his Queue on destruction
[2026-04-08 15:22:28.688] [19882] [HailoRT] [info] [queue_elements.cpp:46] [~BaseQueueElement] Queue element PushQEl3yolov8m/input_layer1 has 0 frames in his Queue on destruction
[2026-04-08 15:24:05.729] [20635] [HailoRT] [info] [vdevice.cpp:523] [create] Creating vdevice with params: device_count: 1, scheduling_algorithm: ROUND_ROBIN, multi_process_service: false
[2026-04-08 15:24:05.741] [20635] [HailoRT] [info] [device.cpp:49] [Device] OS Version: Linux 6.12.62+rpt-rpi-2712 #1 SMP PREEMPT Debian 1:6.12.62-1+rpt1~bookworm (2026-01-19) aarch64
[2026-04-08 15:24:05.743] [20635] [HailoRT] [info] [control.cpp:108] [control__parse_identify_results] firmware_version is: 4.20.0
[2026-04-08 15:24:05.743] [20635] [HailoRT] [info] [vdevice.cpp:651] [create] VDevice Infos: 0001:01:00.0
[2026-04-08 15:24:05.763] [20635] [HailoRT] [info] [hef.cpp:1929] [get_network_group_and_network_name] No name was given. Addressing all networks of default network_group: yolov8m
[2026-04-08 15:24:05.763] [20635] [HailoRT] [info] [hef.cpp:1929] [get_network_group_and_network_name] No name was given. Addressing all networks of default network_group: yolov8m
[2026-04-08 15:24:05.772] [20635] [HailoRT] [info] [internal_buffer_manager.cpp:204] [print_execution_results] Planned internal buffer memory: CMA memory 0, user memory 3037184. memory to edge layer usage factor is 1
[2026-04-08 15:24:05.772] [20635] [HailoRT] [info] [internal_buffer_manager.cpp:212] [print_execution_results] Default Internal buffer planner executed successfully
[2026-04-08 15:24:05.809] [20635] [HailoRT] [info] [device_internal.cpp:57] [configure] Configuring HEF took 43.690618 milliseconds
[2026-04-08 15:24:05.809] [20635] [HailoRT] [info] [vdevice.cpp:749] [configure] Configuring HEF on VDevice took 43.997767 milliseconds
[2026-04-08 15:24:05.809] [20635] [HailoRT] [info] [infer_model.cpp:436] [configure] Configuring network group 'yolov8m' with params: batch size: 0, power mode: PERFORMANCE, latency: NONE
[2026-04-08 15:24:05.809] [20635] [HailoRT] [info] [multi_io_elements.cpp:756] [create] Created (AsyncHwEl)
[2026-04-08 15:24:05.810] [20635] [HailoRT] [info] [queue_elements.cpp:450] [create] Created (EntryPushQEl0yolov8m/input_layer1 | timeout: 10s)
[2026-04-08 15:24:05.810] [20635] [HailoRT] [info] [filter_elements.cpp:101] [create] Created (PreInferEl3yolov8m/input_layer1 | Reorder - src_order: RGB4, src_shape: (640, 640, 3), dst_order: NHCW, dst_shape: (640, 640, 3))
[2026-04-08 15:24:05.810] [20635] [HailoRT] [info] [queue_elements.cpp:450] [create] Created (PushQEl3yolov8m/input_layer1 | timeout: 10s)
[2026-04-08 15:24:05.810] [20635] [HailoRT] [info] [multi_io_elements.cpp:135] [create] Created (NmsPPMuxEl0YOLOV8-Post-Process | Op YOLOV8, Name: YOLOV8-Post-Process, Score threshold: 0.001, IoU threshold: 0.70, Classes: 8, Cross classes: false, NMS results order: BY_CLASS, Max bboxes per class: 100, Image height: 640, Image width: 640)
[2026-04-08 15:24:05.810] [20635] [HailoRT] [info] [queue_elements.cpp:942] [create] Created (MultiPushQEl0YOLOV8-Post-Process | timeout: 10s)
[2026-04-08 15:24:05.810] [20635] [HailoRT] [info] [edge_elements.cpp:187] [create] Created (LastAsyncEl0NmsPPMuxEl0YOLOV8-Post-Process)
[2026-04-08 15:24:05.810] [20635] [HailoRT] [info] [pipeline.cpp:891] [print_deep_description] EntryPushQEl0yolov8m/input_layer1 | inputs: user | outputs: PreInferEl3yolov8m/input_layer1(running in thread_id: 20666)
[2026-04-08 15:24:05.810] [20635] [HailoRT] [info] [pipeline.cpp:891] [print_deep_description] PreInferEl3yolov8m/input_layer1 | inputs: EntryPushQEl0yolov8m/input_layer1[0] | outputs: PushQEl3yolov8m/input_layer1
[2026-04-08 15:24:05.810] [20635] [HailoRT] [info] [pipeline.cpp:891] [print_deep_description] PushQEl3yolov8m/input_layer1 | inputs: PreInferEl3yolov8m/input_layer1[0] | outputs: AsyncHwEl(running in thread_id: 20667)
[2026-04-08 15:24:05.810] [20635] [HailoRT] [info] [pipeline.cpp:891] [print_deep_description] AsyncHwEl | inputs: PushQEl3yolov8m/input_layer1[0] | outputs: MultiPushQEl0YOLOV8-Post-Process MultiPushQEl0YOLOV8-Post-Process MultiPushQEl0YOLOV8-Post-Process MultiPushQEl0YOLOV8-Post-Process MultiPushQEl0YOLOV8-Post-Process MultiPushQEl0YOLOV8-Post-Process
[2026-04-08 15:24:05.810] [20635] [HailoRT] [info] [pipeline.cpp:891] [print_deep_description] MultiPushQEl0YOLOV8-Post-Process | inputs: AsyncHwEl[0] AsyncHwEl[1] AsyncHwEl[2] AsyncHwEl[3] AsyncHwEl[4] AsyncHwEl[5] | outputs: NmsPPMuxEl0YOLOV8-Post-Process(running in thread_id: 20668)
[2026-04-08 15:24:05.810] [20635] [HailoRT] [info] [pipeline.cpp:891] [print_deep_description] NmsPPMuxEl0YOLOV8-Post-Process | inputs: MultiPushQEl0YOLOV8-Post-Process[0] | outputs: LastAsyncEl0NmsPPMuxEl0YOLOV8-Post-Process
[2026-04-08 15:24:05.810] [20635] [HailoRT] [info] [pipeline.cpp:891] [print_deep_description] LastAsyncEl0NmsPPMuxEl0YOLOV8-Post-Process | inputs: NmsPPMuxEl0YOLOV8-Post-Process[0] | outputs: user
[2026-04-08 15:24:07.800] [20663] [HailoRT] [info] [hef.cpp:1929] [get_network_group_and_network_name] No name was given. Addressing all networks of default network_group: yolov8m
[2026-04-08 15:34:12.432] [3547] [HailoRT] [info] [vdevice.cpp:523] [create] Creating vdevice with params: device_count: 1, scheduling_algorithm: ROUND_ROBIN, multi_process_service: false
[2026-04-08 15:34:12.446] [3547] [HailoRT] [info] [device.cpp:49] [Device] OS Version: Linux 6.12.62+rpt-rpi-2712 #1 SMP PREEMPT Debian 1:6.12.62-1+rpt1~bookworm (2026-01-19) aarch64
[2026-04-08 15:34:12.449] [3547] [HailoRT] [info] [control.cpp:108] [control__parse_identify_results] firmware_version is: 4.20.0
[2026-04-08 15:34:12.449] [3547] [HailoRT] [info] [vdevice.cpp:651] [create] VDevice Infos: 0001:01:00.0
[2026-04-08 15:34:12.807] [3547] [HailoRT] [info] [hef.cpp:1929] [get_network_group_and_network_name] No name was given. Addressing all networks of default network_group: yolov8m
[2026-04-08 15:34:12.807] [3547] [HailoRT] [info] [hef.cpp:1929] [get_network_group_and_network_name] No name was given. Addressing all networks of default network_group: yolov8m
[2026-04-08 15:34:12.830] [3547] [HailoRT] [info] [internal_buffer_manager.cpp:204] [print_execution_results] Planned internal buffer memory: CMA memory 0, user memory 3037184. memory to edge layer usage factor is 1
[2026-04-08 15:34:12.830] [3547] [HailoRT] [info] [internal_buffer_manager.cpp:212] [print_execution_results] Default Internal buffer planner executed successfully
[2026-04-08 15:34:12.895] [3547] [HailoRT] [info] [device_internal.cpp:57] [configure] Configuring HEF took 73.398806 milliseconds
[2026-04-08 15:34:12.895] [3547] [HailoRT] [info] [vdevice.cpp:749] [configure] Configuring HEF on VDevice took 74.311761 milliseconds
[2026-04-08 15:34:12.895] [3547] [HailoRT] [info] [infer_model.cpp:436] [configure] Configuring network group 'yolov8m' with params: batch size: 0, power mode: PERFORMANCE, latency: NONE
[2026-04-08 15:34:12.898] [3547] [HailoRT] [info] [multi_io_elements.cpp:756] [create] Created (AsyncHwEl)
[2026-04-08 15:34:12.899] [3547] [HailoRT] [info] [queue_elements.cpp:450] [create] Created (EntryPushQEl0yolov8m/input_layer1 | timeout: 10s)
[2026-04-08 15:34:12.899] [3547] [HailoRT] [info] [filter_elements.cpp:101] [create] Created (PreInferEl3yolov8m/input_layer1 | Reorder - src_order: RGB4, src_shape: (640, 640, 3), dst_order: NHCW, dst_shape: (640, 640, 3))
[2026-04-08 15:34:12.899] [3547] [HailoRT] [info] [queue_elements.cpp:450] [create] Created (PushQEl3yolov8m/input_layer1 | timeout: 10s)
[2026-04-08 15:34:12.899] [3547] [HailoRT] [info] [multi_io_elements.cpp:135] [create] Created (NmsPPMuxEl0YOLOV8-Post-Process | Op YOLOV8, Name: YOLOV8-Post-Process, Score threshold: 0.001, IoU threshold: 0.70, Classes: 8, Cross classes: false, NMS results order: BY_CLASS, Max bboxes per class: 100, Image height: 640, Image width: 640)
[2026-04-08 15:34:12.900] [3547] [HailoRT] [info] [queue_elements.cpp:942] [create] Created (MultiPushQEl0YOLOV8-Post-Process | timeout: 10s)
[2026-04-08 15:34:12.900] [3547] [HailoRT] [info] [edge_elements.cpp:187] [create] Created (LastAsyncEl0NmsPPMuxEl0YOLOV8-Post-Process)
[2026-04-08 15:34:12.900] [3547] [HailoRT] [info] [pipeline.cpp:891] [print_deep_description] EntryPushQEl0yolov8m/input_layer1 | inputs: user | outputs: PreInferEl3yolov8m/input_layer1(running in thread_id: 3599)
[2026-04-08 15:34:12.900] [3547] [HailoRT] [info] [pipeline.cpp:891] [print_deep_description] PreInferEl3yolov8m/input_layer1 | inputs: EntryPushQEl0yolov8m/input_layer1[0] | outputs: PushQEl3yolov8m/input_layer1
[2026-04-08 15:34:12.900] [3547] [HailoRT] [info] [pipeline.cpp:891] [print_deep_description] PushQEl3yolov8m/input_layer1 | inputs: PreInferEl3yolov8m/input_layer1[0] | outputs: AsyncHwEl(running in thread_id: 3600)
[2026-04-08 15:34:12.900] [3547] [HailoRT] [info] [pipeline.cpp:891] [print_deep_description] AsyncHwEl | inputs: PushQEl3yolov8m/input_layer1[0] | outputs: MultiPushQEl0YOLOV8-Post-Process MultiPushQEl0YOLOV8-Post-Process MultiPushQEl0YOLOV8-Post-Process MultiPushQEl0YOLOV8-Post-Process MultiPushQEl0YOLOV8-Post-Process MultiPushQEl0YOLOV8-Post-Process
[2026-04-08 15:34:12.900] [3547] [HailoRT] [info] [pipeline.cpp:891] [print_deep_description] MultiPushQEl0YOLOV8-Post-Process | inputs: AsyncHwEl[0] AsyncHwEl[1] AsyncHwEl[2] AsyncHwEl[3] AsyncHwEl[4] AsyncHwEl[5] | outputs: NmsPPMuxEl0YOLOV8-Post-Process(running in thread_id: 3601)
[2026-04-08 15:34:12.901] [3547] [HailoRT] [info] [pipeline.cpp:891] [print_deep_description] NmsPPMuxEl0YOLOV8-Post-Process | inputs: MultiPushQEl0YOLOV8-Post-Process[0] | outputs: LastAsyncEl0NmsPPMuxEl0YOLOV8-Post-Process
[2026-04-08 15:34:12.901] [3547] [HailoRT] [info] [pipeline.cpp:891] [print_deep_description] LastAsyncEl0NmsPPMuxEl0YOLOV8-Post-Process | inputs: NmsPPMuxEl0YOLOV8-Post-Process[0] | outputs: user
[2026-04-08 15:34:13.994] [3595] [HailoRT] [info] [hef.cpp:1929] [get_network_group_and_network_name] No name was given. Addressing all networks of default network_group: yolov8m
[2026-04-08 15:34:18.085] [3547] [HailoRT] [info] [async_infer_runner.cpp:86] [shutdown] Pipeline was aborted. Shutting it down
[2026-04-08 15:34:18.093] [3592] [HailoRT] [info] [network_group.cpp:857] [operator()] Infer request was aborted by user
[2026-04-08 15:34:18.094] [3547] [HailoRT] [info] [queue_elements.cpp:1131] [execute_deactivate] enqueue() in element MultiPushQEl0YOLOV8-Post-Process was aborted, got status = HAILO_SHUTDOWN_EVENT_SIGNALED(57)
[2026-04-08 15:34:18.094] [3547] [HailoRT] [info] [queue_elements.cpp:1131] [execute_deactivate] enqueue() in element MultiPushQEl0YOLOV8-Post-Process was aborted, got status = HAILO_SHUTDOWN_EVENT_SIGNALED(57)
[2026-04-08 15:34:18.094] [3547] [HailoRT] [info] [queue_elements.cpp:1131] [execute_deactivate] enqueue() in element MultiPushQEl0YOLOV8-Post-Process was aborted, got status = HAILO_SHUTDOWN_EVENT_SIGNALED(57)
[2026-04-08 15:34:18.094] [3547] [HailoRT] [info] [queue_elements.cpp:1131] [execute_deactivate] enqueue() in element MultiPushQEl0YOLOV8-Post-Process was aborted, got status = HAILO_SHUTDOWN_EVENT_SIGNALED(57)
[2026-04-08 15:34:18.094] [3547] [HailoRT] [info] [queue_elements.cpp:1131] [execute_deactivate] enqueue() in element MultiPushQEl0YOLOV8-Post-Process was aborted, got status = HAILO_SHUTDOWN_EVENT_SIGNALED(57)
[2026-04-08 15:34:18.094] [3547] [HailoRT] [info] [queue_elements.cpp:1131] [execute_deactivate] enqueue() in element MultiPushQEl0YOLOV8-Post-Process was aborted, got status = HAILO_SHUTDOWN_EVENT_SIGNALED(57)
[2026-04-08 15:34:18.094] [3547] [HailoRT] [info] [queue_elements.cpp:570] [execute_deactivate] enqueue() in element PushQEl3yolov8m/input_layer1 was aborted, got status = HAILO_SHUTDOWN_EVENT_SIGNALED(57)
[2026-04-08 15:34:18.094] [3547] [HailoRT] [info] [queue_elements.cpp:570] [execute_deactivate] enqueue() in element EntryPushQEl0yolov8m/input_layer1 was aborted, got status = HAILO_SHUTDOWN_EVENT_SIGNALED(57)
[2026-04-08 15:34:18.094] [3547] [HailoRT] [info] [queue_elements.cpp:46] [~BaseQueueElement] Queue element EntryPushQEl0yolov8m/input_layer1 has 0 frames in his Queue on destruction
[2026-04-08 15:34:18.094] [3547] [HailoRT] [info] [queue_elements.cpp:46] [~BaseQueueElement] Queue element PushQEl3yolov8m/input_layer1 has 0 frames in his Queue on destruction
[2026-04-08 15:37:14.688] [4533] [HailoRT] [info] [vdevice.cpp:523] [create] Creating vdevice with params: device_count: 1, scheduling_algorithm: ROUND_ROBIN, multi_process_service: false
[2026-04-08 15:37:14.700] [4533] [HailoRT] [info] [device.cpp:49] [Device] OS Version: Linux 6.12.62+rpt-rpi-2712 #1 SMP PREEMPT Debian 1:6.12.62-1+rpt1~bookworm (2026-01-19) aarch64
[2026-04-08 15:37:14.701] [4533] [HailoRT] [info] [control.cpp:108] [control__parse_identify_results] firmware_version is: 4.20.0
[2026-04-08 15:37:14.701] [4533] [HailoRT] [info] [vdevice.cpp:651] [create] VDevice Infos: 0001:01:00.0
[2026-04-08 15:37:14.721] [4533] [HailoRT] [info] [hef.cpp:1929] [get_network_group_and_network_name] No name was given. Addressing all networks of default network_group: yolov8m
[2026-04-08 15:37:14.721] [4533] [HailoRT] [info] [hef.cpp:1929] [get_network_group_and_network_name] No name was given. Addressing all networks of default network_group: yolov8m
[2026-04-08 15:37:14.730] [4533] [HailoRT] [info] [internal_buffer_manager.cpp:204] [print_execution_results] Planned internal buffer memory: CMA memory 0, user memory 3037184. memory to edge layer usage factor is 1
[2026-04-08 15:37:14.730] [4533] [HailoRT] [info] [internal_buffer_manager.cpp:212] [print_execution_results] Default Internal buffer planner executed successfully
[2026-04-08 15:37:14.767] [4533] [HailoRT] [info] [device_internal.cpp:57] [configure] Configuring HEF took 43.09824 milliseconds
[2026-04-08 15:37:14.767] [4533] [HailoRT] [info] [vdevice.cpp:749] [configure] Configuring HEF on VDevice took 43.414239 milliseconds
[2026-04-08 15:37:14.767] [4533] [HailoRT] [info] [infer_model.cpp:436] [configure] Configuring network group 'yolov8m' with params: batch size: 0, power mode: PERFORMANCE, latency: NONE
[2026-04-08 15:37:14.767] [4533] [HailoRT] [info] [multi_io_elements.cpp:756] [create] Created (AsyncHwEl)
[2026-04-08 15:37:14.767] [4533] [HailoRT] [info] [queue_elements.cpp:450] [create] Created (EntryPushQEl0yolov8m/input_layer1 | timeout: 10s)
[2026-04-08 15:37:14.767] [4533] [HailoRT] [info] [filter_elements.cpp:101] [create] Created (PreInferEl3yolov8m/input_layer1 | Reorder - src_order: RGB4, src_shape: (640, 640, 3), dst_order: NHCW, dst_shape: (640, 640, 3))
[2026-04-08 15:37:14.767] [4533] [HailoRT] [info] [queue_elements.cpp:450] [create] Created (PushQEl3yolov8m/input_layer1 | timeout: 10s)
[2026-04-08 15:37:14.767] [4533] [HailoRT] [info] [multi_io_elements.cpp:135] [create] Created (NmsPPMuxEl0YOLOV8-Post-Process | Op YOLOV8, Name: YOLOV8-Post-Process, Score threshold: 0.001, IoU threshold: 0.70, Classes: 8, Cross classes: false, NMS results order: BY_CLASS, Max bboxes per class: 100, Image height: 640, Image width: 640)
[2026-04-08 15:37:14.768] [4533] [HailoRT] [info] [queue_elements.cpp:942] [create] Created (MultiPushQEl0YOLOV8-Post-Process | timeout: 10s)
[2026-04-08 15:37:14.768] [4533] [HailoRT] [info] [edge_elements.cpp:187] [create] Created (LastAsyncEl0NmsPPMuxEl0YOLOV8-Post-Process)
[2026-04-08 15:37:14.768] [4533] [HailoRT] [info] [pipeline.cpp:891] [print_deep_description] EntryPushQEl0yolov8m/input_layer1 | inputs: user | outputs: PreInferEl3yolov8m/input_layer1(running in thread_id: 4556)
[2026-04-08 15:37:14.768] [4533] [HailoRT] [info] [pipeline.cpp:891] [print_deep_description] PreInferEl3yolov8m/input_layer1 | inputs: EntryPushQEl0yolov8m/input_layer1[0] | outputs: PushQEl3yolov8m/input_layer1
[2026-04-08 15:37:14.768] [4533] [HailoRT] [info] [pipeline.cpp:891] [print_deep_description] PushQEl3yolov8m/input_layer1 | inputs: PreInferEl3yolov8m/input_layer1[0] | outputs: AsyncHwEl(running in thread_id: 4557)
[2026-04-08 15:37:14.768] [4533] [HailoRT] [info] [pipeline.cpp:891] [print_deep_description] AsyncHwEl | inputs: PushQEl3yolov8m/input_layer1[0] | outputs: MultiPushQEl0YOLOV8-Post-Process MultiPushQEl0YOLOV8-Post-Process MultiPushQEl0YOLOV8-Post-Process MultiPushQEl0YOLOV8-Post-Process MultiPushQEl0YOLOV8-Post-Process MultiPushQEl0YOLOV8-Post-Process
[2026-04-08 15:37:14.768] [4533] [HailoRT] [info] [pipeline.cpp:891] [print_deep_description] MultiPushQEl0YOLOV8-Post-Process | inputs: AsyncHwEl[0] AsyncHwEl[1] AsyncHwEl[2] AsyncHwEl[3] AsyncHwEl[4] AsyncHwEl[5] | outputs: NmsPPMuxEl0YOLOV8-Post-Process(running in thread_id: 4558)
[2026-04-08 15:37:14.768] [4533] [HailoRT] [info] [pipeline.cpp:891] [print_deep_description] NmsPPMuxEl0YOLOV8-Post-Process | inputs: MultiPushQEl0YOLOV8-Post-Process[0] | outputs: LastAsyncEl0NmsPPMuxEl0YOLOV8-Post-Process
[2026-04-08 15:37:14.768] [4533] [HailoRT] [info] [pipeline.cpp:891] [print_deep_description] LastAsyncEl0NmsPPMuxEl0YOLOV8-Post-Process | inputs: NmsPPMuxEl0YOLOV8-Post-Process[0] | outputs: user
[2026-04-08 15:37:15.721] [4553] [HailoRT] [info] [hef.cpp:1929] [get_network_group_and_network_name] No name was given. Addressing all networks of default network_group: yolov8m
[2026-04-08 15:38:27.909] [4533] [HailoRT] [info] [async_infer_runner.cpp:86] [shutdown] Pipeline was aborted. Shutting it down
[2026-04-08 15:38:27.912] [4533] [HailoRT] [info] [queue_elements.cpp:1131] [execute_deactivate] enqueue() in element MultiPushQEl0YOLOV8-Post-Process was aborted, got status = HAILO_SHUTDOWN_EVENT_SIGNALED(57)
[2026-04-08 15:38:27.912] [4533] [HailoRT] [info] [queue_elements.cpp:1131] [execute_deactivate] enqueue() in element MultiPushQEl0YOLOV8-Post-Process was aborted, got status = HAILO_SHUTDOWN_EVENT_SIGNALED(57)
[2026-04-08 15:38:27.912] [4533] [HailoRT] [info] [queue_elements.cpp:1131] [execute_deactivate] enqueue() in element MultiPushQEl0YOLOV8-Post-Process was aborted, got status = HAILO_SHUTDOWN_EVENT_SIGNALED(57)
[2026-04-08 15:38:27.912] [4533] [HailoRT] [info] [queue_elements.cpp:1131] [execute_deactivate] enqueue() in element MultiPushQEl0YOLOV8-Post-Process was aborted, got status = HAILO_SHUTDOWN_EVENT_SIGNALED(57)
[2026-04-08 15:38:27.912] [4533] [HailoRT] [info] [queue_elements.cpp:1131] [execute_deactivate] enqueue() in element MultiPushQEl0YOLOV8-Post-Process was aborted, got status = HAILO_SHUTDOWN_EVENT_SIGNALED(57)
[2026-04-08 15:38:27.912] [4533] [HailoRT] [info] [queue_elements.cpp:1131] [execute_deactivate] enqueue() in element MultiPushQEl0YOLOV8-Post-Process was aborted, got status = HAILO_SHUTDOWN_EVENT_SIGNALED(57)
[2026-04-08 15:38:27.912] [4533] [HailoRT] [info] [queue_elements.cpp:570] [execute_deactivate] enqueue() in element PushQEl3yolov8m/input_layer1 was aborted, got status = HAILO_SHUTDOWN_EVENT_SIGNALED(57)
[2026-04-08 15:38:27.912] [4533] [HailoRT] [info] [queue_elements.cpp:570] [execute_deactivate] enqueue() in element EntryPushQEl0yolov8m/input_layer1 was aborted, got status = HAILO_SHUTDOWN_EVENT_SIGNALED(57)
[2026-04-08 15:38:27.912] [4533] [HailoRT] [info] [queue_elements.cpp:46] [~BaseQueueElement] Queue element EntryPushQEl0yolov8m/input_layer1 has 0 frames in his Queue on destruction
[2026-04-08 15:38:27.912] [4533] [HailoRT] [info] [queue_elements.cpp:46] [~BaseQueueElement] Queue element PushQEl3yolov8m/input_layer1 has 0 frames in his Queue on destruction
[2026-04-08 15:40:52.982] [5706] [HailoRT] [info] [vdevice.cpp:523] [create] Creating vdevice with params: device_count: 1, scheduling_algorithm: ROUND_ROBIN, multi_process_service: false
[2026-04-08 15:40:52.993] [5706] [HailoRT] [info] [device.cpp:49] [Device] OS Version: Linux 6.12.62+rpt-rpi-2712 #1 SMP PREEMPT Debian 1:6.12.62-1+rpt1~bookworm (2026-01-19) aarch64
[2026-04-08 15:40:52.994] [5706] [HailoRT] [info] [control.cpp:108] [control__parse_identify_results] firmware_version is: 4.20.0
[2026-04-08 15:40:52.994] [5706] [HailoRT] [info] [vdevice.cpp:651] [create] VDevice Infos: 0001:01:00.0
[2026-04-08 15:40:53.014] [5706] [HailoRT] [info] [hef.cpp:1929] [get_network_group_and_network_name] No name was given. Addressing all networks of default network_group: yolov8m
[2026-04-08 15:40:53.014] [5706] [HailoRT] [info] [hef.cpp:1929] [get_network_group_and_network_name] No name was given. Addressing all networks of default network_group: yolov8m
[2026-04-08 15:40:53.023] [5706] [HailoRT] [info] [internal_buffer_manager.cpp:204] [print_execution_results] Planned internal buffer memory: CMA memory 0, user memory 3037184. memory to edge layer usage factor is 1
[2026-04-08 15:40:53.023] [5706] [HailoRT] [info] [internal_buffer_manager.cpp:212] [print_execution_results] Default Internal buffer planner executed successfully
[2026-04-08 15:40:53.058] [5706] [HailoRT] [info] [device_internal.cpp:57] [configure] Configuring HEF took 41.716146 milliseconds
[2026-04-08 15:40:53.058] [5706] [HailoRT] [info] [vdevice.cpp:749] [configure] Configuring HEF on VDevice took 42.020624 milliseconds
[2026-04-08 15:40:53.058] [5706] [HailoRT] [info] [infer_model.cpp:436] [configure] Configuring network group 'yolov8m' with params: batch size: 0, power mode: PERFORMANCE, latency: NONE
[2026-04-08 15:40:53.059] [5706] [HailoRT] [info] [multi_io_elements.cpp:756] [create] Created (AsyncHwEl)
[2026-04-08 15:40:53.059] [5706] [HailoRT] [info] [queue_elements.cpp:450] [create] Created (EntryPushQEl0yolov8m/input_layer1 | timeout: 10s)
[2026-04-08 15:40:53.059] [5706] [HailoRT] [info] [filter_elements.cpp:101] [create] Created (PreInferEl3yolov8m/input_layer1 | Reorder - src_order: RGB4, src_shape: (640, 640, 3), dst_order: NHCW, dst_shape: (640, 640, 3))
[2026-04-08 15:40:53.059] [5706] [HailoRT] [info] [queue_elements.cpp:450] [create] Created (PushQEl3yolov8m/input_layer1 | timeout: 10s)
[2026-04-08 15:40:53.059] [5706] [HailoRT] [info] [multi_io_elements.cpp:135] [create] Created (NmsPPMuxEl0YOLOV8-Post-Process | Op YOLOV8, Name: YOLOV8-Post-Process, Score threshold: 0.001, IoU threshold: 0.70, Classes: 8, Cross classes: false, NMS results order: BY_CLASS, Max bboxes per class: 100, Image height: 640, Image width: 640)
[2026-04-08 15:40:53.059] [5706] [HailoRT] [info] [queue_elements.cpp:942] [create] Created (MultiPushQEl0YOLOV8-Post-Process | timeout: 10s)
[2026-04-08 15:40:53.059] [5706] [HailoRT] [info] [edge_elements.cpp:187] [create] Created (LastAsyncEl0NmsPPMuxEl0YOLOV8-Post-Process)
[2026-04-08 15:40:53.059] [5706] [HailoRT] [info] [pipeline.cpp:891] [print_deep_description] EntryPushQEl0yolov8m/input_layer1 | inputs: user | outputs: PreInferEl3yolov8m/input_layer1(running in thread_id: 5738)
[2026-04-08 15:40:53.059] [5706] [HailoRT] [info] [pipeline.cpp:891] [print_deep_description] PreInferEl3yolov8m/input_layer1 | inputs: EntryPushQEl0yolov8m/input_layer1[0] | outputs: PushQEl3yolov8m/input_layer1
[2026-04-08 15:40:53.059] [5706] [HailoRT] [info] [pipeline.cpp:891] [print_deep_description] PushQEl3yolov8m/input_layer1 | inputs: PreInferEl3yolov8m/input_layer1[0] | outputs: AsyncHwEl(running in thread_id: 5739)
[2026-04-08 15:40:53.059] [5706] [HailoRT] [info] [pipeline.cpp:891] [print_deep_description] AsyncHwEl | inputs: PushQEl3yolov8m/input_layer1[0] | outputs: MultiPushQEl0YOLOV8-Post-Process MultiPushQEl0YOLOV8-Post-Process MultiPushQEl0YOLOV8-Post-Process MultiPushQEl0YOLOV8-Post-Process MultiPushQEl0YOLOV8-Post-Process MultiPushQEl0YOLOV8-Post-Process
[2026-04-08 15:40:53.059] [5706] [HailoRT] [info] [pipeline.cpp:891] [print_deep_description] MultiPushQEl0YOLOV8-Post-Process | inputs: AsyncHwEl[0] AsyncHwEl[1] AsyncHwEl[2] AsyncHwEl[3] AsyncHwEl[4] AsyncHwEl[5] | outputs: NmsPPMuxEl0YOLOV8-Post-Process(running in thread_id: 5740)
[2026-04-08 15:40:53.059] [5706] [HailoRT] [info] [pipeline.cpp:891] [print_deep_description] NmsPPMuxEl0YOLOV8-Post-Process | inputs: MultiPushQEl0YOLOV8-Post-Process[0] | outputs: LastAsyncEl0NmsPPMuxEl0YOLOV8-Post-Process
[2026-04-08 15:40:53.059] [5706] [HailoRT] [info] [pipeline.cpp:891] [print_deep_description] LastAsyncEl0NmsPPMuxEl0YOLOV8-Post-Process | inputs: NmsPPMuxEl0YOLOV8-Post-Process[0] | outputs: user
[2026-04-08 15:40:54.033] [5735] [HailoRT] [info] [hef.cpp:1929] [get_network_group_and_network_name] No name was given. Addressing all networks of default network_group: yolov8m
[2026-04-08 15:42:05.690] [5706] [HailoRT] [info] [async_infer_runner.cpp:86] [shutdown] Pipeline was aborted. Shutting it down
[2026-04-08 15:42:05.691] [5706] [HailoRT] [info] [queue_elements.cpp:1131] [execute_deactivate] enqueue() in element MultiPushQEl0YOLOV8-Post-Process was aborted, got status = HAILO_SHUTDOWN_EVENT_SIGNALED(57)
[2026-04-08 15:42:05.691] [5706] [HailoRT] [info] [queue_elements.cpp:1131] [execute_deactivate] enqueue() in element MultiPushQEl0YOLOV8-Post-Process was aborted, got status = HAILO_SHUTDOWN_EVENT_SIGNALED(57)
[2026-04-08 15:42:05.691] [5706] [HailoRT] [info] [queue_elements.cpp:1131] [execute_deactivate] enqueue() in element MultiPushQEl0YOLOV8-Post-Process was aborted, got status = HAILO_SHUTDOWN_EVENT_SIGNALED(57)
[2026-04-08 15:42:05.691] [5706] [HailoRT] [info] [queue_elements.cpp:1131] [execute_deactivate] enqueue() in element MultiPushQEl0YOLOV8-Post-Process was aborted, got status = HAILO_SHUTDOWN_EVENT_SIGNALED(57)
[2026-04-08 15:42:05.691] [5706] [HailoRT] [info] [queue_elements.cpp:1131] [execute_deactivate] enqueue() in element MultiPushQEl0YOLOV8-Post-Process was aborted, got status = HAILO_SHUTDOWN_EVENT_SIGNALED(57)
[2026-04-08 15:42:05.691] [5706] [HailoRT] [info] [queue_elements.cpp:1131] [execute_deactivate] enqueue() in element MultiPushQEl0YOLOV8-Post-Process was aborted, got status = HAILO_SHUTDOWN_EVENT_SIGNALED(57)
[2026-04-08 15:42:05.691] [5706] [HailoRT] [info] [queue_elements.cpp:570] [execute_deactivate] enqueue() in element PushQEl3yolov8m/input_layer1 was aborted, got status = HAILO_SHUTDOWN_EVENT_SIGNALED(57)
[2026-04-08 15:42:05.691] [5706] [HailoRT] [info] [queue_elements.cpp:570] [execute_deactivate] enqueue() in element EntryPushQEl0yolov8m/input_layer1 was aborted, got status = HAILO_SHUTDOWN_EVENT_SIGNALED(57)
[2026-04-08 15:42:05.691] [5706] [HailoRT] [info] [queue_elements.cpp:46] [~BaseQueueElement] Queue element EntryPushQEl0yolov8m/input_layer1 has 0 frames in his Queue on destruction
[2026-04-08 15:42:05.691] [5706] [HailoRT] [info] [queue_elements.cpp:46] [~BaseQueueElement] Queue element PushQEl3yolov8m/input_layer1 has 0 frames in his Queue on destruction
[2026-04-08 15:45:01.518] [7009] [HailoRT] [info] [vdevice.cpp:523] [create] Creating vdevice with params: device_count: 1, scheduling_algorithm: ROUND_ROBIN, multi_process_service: false
[2026-04-08 15:45:01.529] [7009] [HailoRT] [info] [device.cpp:49] [Device] OS Version: Linux 6.12.62+rpt-rpi-2712 #1 SMP PREEMPT Debian 1:6.12.62-1+rpt1~bookworm (2026-01-19) aarch64
[2026-04-08 15:45:01.530] [7009] [HailoRT] [info] [control.cpp:108] [control__parse_identify_results] firmware_version is: 4.20.0
[2026-04-08 15:45:01.530] [7009] [HailoRT] [info] [vdevice.cpp:651] [create] VDevice Infos: 0001:01:00.0
[2026-04-08 15:45:01.550] [7009] [HailoRT] [info] [hef.cpp:1929] [get_network_group_and_network_name] No name was given. Addressing all networks of default network_group: yolov8m
[2026-04-08 15:45:01.550] [7009] [HailoRT] [info] [hef.cpp:1929] [get_network_group_and_network_name] No name was given. Addressing all networks of default network_group: yolov8m
[2026-04-08 15:45:01.561] [7009] [HailoRT] [info] [internal_buffer_manager.cpp:204] [print_execution_results] Planned internal buffer memory: CMA memory 0, user memory 3037184. memory to edge layer usage factor is 1
[2026-04-08 15:45:01.561] [7009] [HailoRT] [info] [internal_buffer_manager.cpp:212] [print_execution_results] Default Internal buffer planner executed successfully
[2026-04-08 15:45:01.601] [7009] [HailoRT] [info] [device_internal.cpp:57] [configure] Configuring HEF took 47.519467 milliseconds
[2026-04-08 15:45:01.601] [7009] [HailoRT] [info] [vdevice.cpp:749] [configure] Configuring HEF on VDevice took 47.842042 milliseconds
[2026-04-08 15:45:01.603] [7009] [HailoRT] [info] [infer_model.cpp:436] [configure] Configuring network group 'yolov8m' with params: batch size: 0, power mode: PERFORMANCE, latency: NONE
[2026-04-08 15:45:01.603] [7009] [HailoRT] [info] [multi_io_elements.cpp:756] [create] Created (AsyncHwEl)
[2026-04-08 15:45:01.603] [7009] [HailoRT] [info] [queue_elements.cpp:450] [create] Created (EntryPushQEl0yolov8m/input_layer1 | timeout: 10s)
[2026-04-08 15:45:01.603] [7009] [HailoRT] [info] [filter_elements.cpp:101] [create] Created (PreInferEl3yolov8m/input_layer1 | Reorder - src_order: RGB4, src_shape: (640, 640, 3), dst_order: NHCW, dst_shape: (640, 640, 3))
[2026-04-08 15:45:01.603] [7009] [HailoRT] [info] [queue_elements.cpp:450] [create] Created (PushQEl3yolov8m/input_layer1 | timeout: 10s)
[2026-04-08 15:45:01.603] [7009] [HailoRT] [info] [multi_io_elements.cpp:135] [create] Created (NmsPPMuxEl0YOLOV8-Post-Process | Op YOLOV8, Name: YOLOV8-Post-Process, Score threshold: 0.001, IoU threshold: 0.70, Classes: 8, Cross classes: false, NMS results order: BY_CLASS, Max bboxes per class: 100, Image height: 640, Image width: 640)
[2026-04-08 15:45:01.604] [7009] [HailoRT] [info] [queue_elements.cpp:942] [create] Created (MultiPushQEl0YOLOV8-Post-Process | timeout: 10s)
[2026-04-08 15:45:01.604] [7009] [HailoRT] [info] [edge_elements.cpp:187] [create] Created (LastAsyncEl0NmsPPMuxEl0YOLOV8-Post-Process)
[2026-04-08 15:45:01.604] [7009] [HailoRT] [info] [pipeline.cpp:891] [print_deep_description] EntryPushQEl0yolov8m/input_layer1 | inputs: user | outputs: PreInferEl3yolov8m/input_layer1(running in thread_id: 7033)
[2026-04-08 15:45:01.604] [7009] [HailoRT] [info] [pipeline.cpp:891] [print_deep_description] PreInferEl3yolov8m/input_layer1 | inputs: EntryPushQEl0yolov8m/input_layer1[0] | outputs: PushQEl3yolov8m/input_layer1
[2026-04-08 15:45:01.604] [7009] [HailoRT] [info] [pipeline.cpp:891] [print_deep_description] PushQEl3yolov8m/input_layer1 | inputs: PreInferEl3yolov8m/input_layer1[0] | outputs: AsyncHwEl(running in thread_id: 7034)
[2026-04-08 15:45:01.604] [7009] [HailoRT] [info] [pipeline.cpp:891] [print_deep_description] AsyncHwEl | inputs: PushQEl3yolov8m/input_layer1[0] | outputs: MultiPushQEl0YOLOV8-Post-Process MultiPushQEl0YOLOV8-Post-Process MultiPushQEl0YOLOV8-Post-Process MultiPushQEl0YOLOV8-Post-Process MultiPushQEl0YOLOV8-Post-Process MultiPushQEl0YOLOV8-Post-Process
[2026-04-08 15:45:01.604] [7009] [HailoRT] [info] [pipeline.cpp:891] [print_deep_description] MultiPushQEl0YOLOV8-Post-Process | inputs: AsyncHwEl[0] AsyncHwEl[1] AsyncHwEl[2] AsyncHwEl[3] AsyncHwEl[4] AsyncHwEl[5] | outputs: NmsPPMuxEl0YOLOV8-Post-Process(running in thread_id: 7035)
[2026-04-08 15:45:01.604] [7009] [HailoRT] [info] [pipeline.cpp:891] [print_deep_description] NmsPPMuxEl0YOLOV8-Post-Process | inputs: MultiPushQEl0YOLOV8-Post-Process[0] | outputs: LastAsyncEl0NmsPPMuxEl0YOLOV8-Post-Process
[2026-04-08 15:45:01.604] [7009] [HailoRT] [info] [pipeline.cpp:891] [print_deep_description] LastAsyncEl0NmsPPMuxEl0YOLOV8-Post-Process | inputs: NmsPPMuxEl0YOLOV8-Post-Process[0] | outputs: user
[2026-04-08 15:45:03.531] [7029] [HailoRT] [info] [hef.cpp:1929] [get_network_group_and_network_name] No name was given. Addressing all networks of default network_group: yolov8m
[2026-04-08 15:47:40.755] [7950] [HailoRT] [info] [vdevice.cpp:523] [create] Creating vdevice with params: device_count: 1, scheduling_algorithm: ROUND_ROBIN, multi_process_service: false
[2026-04-08 15:47:40.767] [7950] [HailoRT] [info] [device.cpp:49] [Device] OS Version: Linux 6.12.62+rpt-rpi-2712 #1 SMP PREEMPT Debian 1:6.12.62-1+rpt1~bookworm (2026-01-19) aarch64
[2026-04-08 15:47:40.768] [7950] [HailoRT] [info] [control.cpp:108] [control__parse_identify_results] firmware_version is: 4.20.0
[2026-04-08 15:47:40.769] [7950] [HailoRT] [info] [vdevice.cpp:651] [create] VDevice Infos: 0001:01:00.0
[2026-04-08 15:47:40.788] [7950] [HailoRT] [info] [hef.cpp:1929] [get_network_group_and_network_name] No name was given. Addressing all networks of default network_group: yolov8m
[2026-04-08 15:47:40.788] [7950] [HailoRT] [info] [hef.cpp:1929] [get_network_group_and_network_name] No name was given. Addressing all networks of default network_group: yolov8m
[2026-04-08 15:47:40.798] [7950] [HailoRT] [info] [internal_buffer_manager.cpp:204] [print_execution_results] Planned internal buffer memory: CMA memory 0, user memory 3037184. memory to edge layer usage factor is 1
[2026-04-08 15:47:40.798] [7950] [HailoRT] [info] [internal_buffer_manager.cpp:212] [print_execution_results] Default Internal buffer planner executed successfully
[2026-04-08 15:47:40.839] [7950] [HailoRT] [info] [device_internal.cpp:57] [configure] Configuring HEF took 48.579726 milliseconds
[2026-04-08 15:47:40.840] [7950] [HailoRT] [info] [vdevice.cpp:749] [configure] Configuring HEF on VDevice took 48.8832 milliseconds
[2026-04-08 15:47:40.840] [7950] [HailoRT] [info] [infer_model.cpp:436] [configure] Configuring network group 'yolov8m' with params: batch size: 0, power mode: PERFORMANCE, latency: NONE
[2026-04-08 15:47:40.840] [7950] [HailoRT] [info] [multi_io_elements.cpp:756] [create] Created (AsyncHwEl)
[2026-04-08 15:47:40.840] [7950] [HailoRT] [info] [queue_elements.cpp:450] [create] Created (EntryPushQEl0yolov8m/input_layer1 | timeout: 10s)
[2026-04-08 15:47:40.840] [7950] [HailoRT] [info] [filter_elements.cpp:101] [create] Created (PreInferEl3yolov8m/input_layer1 | Reorder - src_order: RGB4, src_shape: (640, 640, 3), dst_order: NHCW, dst_shape: (640, 640, 3))
[2026-04-08 15:47:40.840] [7950] [HailoRT] [info] [queue_elements.cpp:450] [create] Created (PushQEl3yolov8m/input_layer1 | timeout: 10s)
[2026-04-08 15:47:40.840] [7950] [HailoRT] [info] [multi_io_elements.cpp:135] [create] Created (NmsPPMuxEl0YOLOV8-Post-Process | Op YOLOV8, Name: YOLOV8-Post-Process, Score threshold: 0.001, IoU threshold: 0.70, Classes: 8, Cross classes: false, NMS results order: BY_CLASS, Max bboxes per class: 100, Image height: 640, Image width: 640)
[2026-04-08 15:47:40.840] [7950] [HailoRT] [info] [queue_elements.cpp:942] [create] Created (MultiPushQEl0YOLOV8-Post-Process | timeout: 10s)
[2026-04-08 15:47:40.840] [7950] [HailoRT] [info] [edge_elements.cpp:187] [create] Created (LastAsyncEl0NmsPPMuxEl0YOLOV8-Post-Process)
[2026-04-08 15:47:40.840] [7950] [HailoRT] [info] [pipeline.cpp:891] [print_deep_description] EntryPushQEl0yolov8m/input_layer1 | inputs: user | outputs: PreInferEl3yolov8m/input_layer1(running in thread_id: 7975)
[2026-04-08 15:47:40.840] [7950] [HailoRT] [info] [pipeline.cpp:891] [print_deep_description] PreInferEl3yolov8m/input_layer1 | inputs: EntryPushQEl0yolov8m/input_layer1[0] | outputs: PushQEl3yolov8m/input_layer1
[2026-04-08 15:47:40.840] [7950] [HailoRT] [info] [pipeline.cpp:891] [print_deep_description] PushQEl3yolov8m/input_layer1 | inputs: PreInferEl3yolov8m/input_layer1[0] | outputs: AsyncHwEl(running in thread_id: 7976)
[2026-04-08 15:47:40.840] [7950] [HailoRT] [info] [pipeline.cpp:891] [print_deep_description] AsyncHwEl | inputs: PushQEl3yolov8m/input_layer1[0] | outputs: MultiPushQEl0YOLOV8-Post-Process MultiPushQEl0YOLOV8-Post-Process MultiPushQEl0YOLOV8-Post-Process MultiPushQEl0YOLOV8-Post-Process MultiPushQEl0YOLOV8-Post-Process MultiPushQEl0YOLOV8-Post-Process
[2026-04-08 15:47:40.840] [7950] [HailoRT] [info] [pipeline.cpp:891] [print_deep_description] MultiPushQEl0YOLOV8-Post-Process | inputs: AsyncHwEl[0] AsyncHwEl[1] AsyncHwEl[2] AsyncHwEl[3] AsyncHwEl[4] AsyncHwEl[5] | outputs: NmsPPMuxEl0YOLOV8-Post-Process(running in thread_id: 7977)
[2026-04-08 15:47:40.841] [7950] [HailoRT] [info] [pipeline.cpp:891] [print_deep_description] NmsPPMuxEl0YOLOV8-Post-Process | inputs: MultiPushQEl0YOLOV8-Post-Process[0] | outputs: LastAsyncEl0NmsPPMuxEl0YOLOV8-Post-Process
[2026-04-08 15:47:40.841] [7950] [HailoRT] [info] [pipeline.cpp:891] [print_deep_description] LastAsyncEl0NmsPPMuxEl0YOLOV8-Post-Process | inputs: NmsPPMuxEl0YOLOV8-Post-Process[0] | outputs: user
[2026-04-08 15:47:42.765] [7970] [HailoRT] [info] [hef.cpp:1929] [get_network_group_and_network_name] No name was given. Addressing all networks of default network_group: yolov8m
[2026-04-08 15:52:36.587] [9453] [HailoRT] [info] [vdevice.cpp:523] [create] Creating vdevice with params: device_count: 1, scheduling_algorithm: ROUND_ROBIN, multi_process_service: false
[2026-04-08 15:52:36.599] [9453] [HailoRT] [info] [device.cpp:49] [Device] OS Version: Linux 6.12.62+rpt-rpi-2712 #1 SMP PREEMPT Debian 1:6.12.62-1+rpt1~bookworm (2026-01-19) aarch64
[2026-04-08 15:52:36.601] [9453] [HailoRT] [info] [control.cpp:108] [control__parse_identify_results] firmware_version is: 4.20.0
[2026-04-08 15:52:36.601] [9453] [HailoRT] [info] [vdevice.cpp:651] [create] VDevice Infos: 0001:01:00.0
[2026-04-08 15:52:36.621] [9453] [HailoRT] [info] [hef.cpp:1929] [get_network_group_and_network_name] No name was given. Addressing all networks of default network_group: yolov8m
[2026-04-08 15:52:36.621] [9453] [HailoRT] [info] [hef.cpp:1929] [get_network_group_and_network_name] No name was given. Addressing all networks of default network_group: yolov8m
[2026-04-08 15:52:36.630] [9453] [HailoRT] [info] [internal_buffer_manager.cpp:204] [print_execution_results] Planned internal buffer memory: CMA memory 0, user memory 3037184. memory to edge layer usage factor is 1
[2026-04-08 15:52:36.630] [9453] [HailoRT] [info] [internal_buffer_manager.cpp:212] [print_execution_results] Default Internal buffer planner executed successfully
[2026-04-08 15:52:36.669] [9453] [HailoRT] [info] [device_internal.cpp:57] [configure] Configuring HEF took 45.175607 milliseconds
[2026-04-08 15:52:36.669] [9453] [HailoRT] [info] [vdevice.cpp:749] [configure] Configuring HEF on VDevice took 45.473292 milliseconds
[2026-04-08 15:52:36.669] [9453] [HailoRT] [info] [infer_model.cpp:436] [configure] Configuring network group 'yolov8m' with params: batch size: 0, power mode: PERFORMANCE, latency: NONE
[2026-04-08 15:52:36.669] [9453] [HailoRT] [info] [multi_io_elements.cpp:756] [create] Created (AsyncHwEl)
[2026-04-08 15:52:36.671] [9453] [HailoRT] [info] [queue_elements.cpp:450] [create] Created (EntryPushQEl0yolov8m/input_layer1 | timeout: 10s)
[2026-04-08 15:52:36.671] [9453] [HailoRT] [info] [filter_elements.cpp:101] [create] Created (PreInferEl3yolov8m/input_layer1 | Reorder - src_order: RGB4, src_shape: (640, 640, 3), dst_order: NHCW, dst_shape: (640, 640, 3))
[2026-04-08 15:52:36.671] [9453] [HailoRT] [info] [queue_elements.cpp:450] [create] Created (PushQEl3yolov8m/input_layer1 | timeout: 10s)
[2026-04-08 15:52:36.671] [9453] [HailoRT] [info] [multi_io_elements.cpp:135] [create] Created (NmsPPMuxEl0YOLOV8-Post-Process | Op YOLOV8, Name: YOLOV8-Post-Process, Score threshold: 0.001, IoU threshold: 0.70, Classes: 8, Cross classes: false, NMS results order: BY_CLASS, Max bboxes per class: 100, Image height: 640, Image width: 640)
[2026-04-08 15:52:36.672] [9453] [HailoRT] [info] [queue_elements.cpp:942] [create] Created (MultiPushQEl0YOLOV8-Post-Process | timeout: 10s)
[2026-04-08 15:52:36.672] [9453] [HailoRT] [info] [edge_elements.cpp:187] [create] Created (LastAsyncEl0NmsPPMuxEl0YOLOV8-Post-Process)
[2026-04-08 15:52:36.672] [9453] [HailoRT] [info] [pipeline.cpp:891] [print_deep_description] EntryPushQEl0yolov8m/input_layer1 | inputs: user | outputs: PreInferEl3yolov8m/input_layer1(running in thread_id: 9476)
[2026-04-08 15:52:36.672] [9453] [HailoRT] [info] [pipeline.cpp:891] [print_deep_description] PreInferEl3yolov8m/input_layer1 | inputs: EntryPushQEl0yolov8m/input_layer1[0] | outputs: PushQEl3yolov8m/input_layer1
[2026-04-08 15:52:36.672] [9453] [HailoRT] [info] [pipeline.cpp:891] [print_deep_description] PushQEl3yolov8m/input_layer1 | inputs: PreInferEl3yolov8m/input_layer1[0] | outputs: AsyncHwEl(running in thread_id: 9477)
[2026-04-08 15:52:36.672] [9453] [HailoRT] [info] [pipeline.cpp:891] [print_deep_description] AsyncHwEl | inputs: PushQEl3yolov8m/input_layer1[0] | outputs: MultiPushQEl0YOLOV8-Post-Process MultiPushQEl0YOLOV8-Post-Process MultiPushQEl0YOLOV8-Post-Process MultiPushQEl0YOLOV8-Post-Process MultiPushQEl0YOLOV8-Post-Process MultiPushQEl0YOLOV8-Post-Process
[2026-04-08 15:52:36.672] [9453] [HailoRT] [info] [pipeline.cpp:891] [print_deep_description] MultiPushQEl0YOLOV8-Post-Process | inputs: AsyncHwEl[0] AsyncHwEl[1] AsyncHwEl[2] AsyncHwEl[3] AsyncHwEl[4] AsyncHwEl[5] | outputs: NmsPPMuxEl0YOLOV8-Post-Process(running in thread_id: 9478)
[2026-04-08 15:52:36.672] [9453] [HailoRT] [info] [pipeline.cpp:891] [print_deep_description] NmsPPMuxEl0YOLOV8-Post-Process | inputs: MultiPushQEl0YOLOV8-Post-Process[0] | outputs: LastAsyncEl0NmsPPMuxEl0YOLOV8-Post-Process
[2026-04-08 15:52:36.672] [9453] [HailoRT] [info] [pipeline.cpp:891] [print_deep_description] LastAsyncEl0NmsPPMuxEl0YOLOV8-Post-Process | inputs: NmsPPMuxEl0YOLOV8-Post-Process[0] | outputs: user
[2026-04-08 15:52:38.604] [9473] [HailoRT] [info] [hef.cpp:1929] [get_network_group_and_network_name] No name was given. Addressing all networks of default network_group: yolov8m
[2026-04-08 15:59:03.398] [11392] [HailoRT] [info] [vdevice.cpp:523] [create] Creating vdevice with params: device_count: 1, scheduling_algorithm: ROUND_ROBIN, multi_process_service: false
[2026-04-08 15:59:03.409] [11392] [HailoRT] [info] [device.cpp:49] [Device] OS Version: Linux 6.12.62+rpt-rpi-2712 #1 SMP PREEMPT Debian 1:6.12.62-1+rpt1~bookworm (2026-01-19) aarch64
[2026-04-08 15:59:03.410] [11392] [HailoRT] [info] [control.cpp:108] [control__parse_identify_results] firmware_version is: 4.20.0
[2026-04-08 15:59:03.410] [11392] [HailoRT] [info] [vdevice.cpp:651] [create] VDevice Infos: 0001:01:00.0
[2026-04-08 15:59:03.430] [11392] [HailoRT] [info] [hef.cpp:1929] [get_network_group_and_network_name] No name was given. Addressing all networks of default network_group: yolov8m
[2026-04-08 15:59:03.430] [11392] [HailoRT] [info] [hef.cpp:1929] [get_network_group_and_network_name] No name was given. Addressing all networks of default network_group: yolov8m
[2026-04-08 15:59:03.438] [11392] [HailoRT] [info] [internal_buffer_manager.cpp:204] [print_execution_results] Planned internal buffer memory: CMA memory 0, user memory 3037184. memory to edge layer usage factor is 1
[2026-04-08 15:59:03.438] [11392] [HailoRT] [info] [internal_buffer_manager.cpp:212] [print_execution_results] Default Internal buffer planner executed successfully
[2026-04-08 15:59:03.474] [11392] [HailoRT] [info] [device_internal.cpp:57] [configure] Configuring HEF took 41.611487 milliseconds
[2026-04-08 15:59:03.474] [11392] [HailoRT] [info] [vdevice.cpp:749] [configure] Configuring HEF on VDevice took 41.91327 milliseconds
[2026-04-08 15:59:03.474] [11392] [HailoRT] [info] [infer_model.cpp:436] [configure] Configuring network group 'yolov8m' with params: batch size: 0, power mode: PERFORMANCE, latency: NONE
[2026-04-08 15:59:03.474] [11392] [HailoRT] [info] [multi_io_elements.cpp:756] [create] Created (AsyncHwEl)
[2026-04-08 15:59:03.474] [11392] [HailoRT] [info] [queue_elements.cpp:450] [create] Created (EntryPushQEl0yolov8m/input_layer1 | timeout: 10s)
[2026-04-08 15:59:03.474] [11392] [HailoRT] [info] [filter_elements.cpp:101] [create] Created (PreInferEl3yolov8m/input_layer1 | Reorder - src_order: RGB4, src_shape: (640, 640, 3), dst_order: NHCW, dst_shape: (640, 640, 3))
[2026-04-08 15:59:03.474] [11392] [HailoRT] [info] [queue_elements.cpp:450] [create] Created (PushQEl3yolov8m/input_layer1 | timeout: 10s)
[2026-04-08 15:59:03.474] [11392] [HailoRT] [info] [multi_io_elements.cpp:135] [create] Created (NmsPPMuxEl0YOLOV8-Post-Process | Op YOLOV8, Name: YOLOV8-Post-Process, Score threshold: 0.001, IoU threshold: 0.70, Classes: 8, Cross classes: false, NMS results order: BY_CLASS, Max bboxes per class: 100, Image height: 640, Image width: 640)
[2026-04-08 15:59:03.475] [11392] [HailoRT] [info] [queue_elements.cpp:942] [create] Created (MultiPushQEl0YOLOV8-Post-Process | timeout: 10s)
[2026-04-08 15:59:03.475] [11392] [HailoRT] [info] [edge_elements.cpp:187] [create] Created (LastAsyncEl0NmsPPMuxEl0YOLOV8-Post-Process)
[2026-04-08 15:59:03.475] [11392] [HailoRT] [info] [pipeline.cpp:891] [print_deep_description] EntryPushQEl0yolov8m/input_layer1 | inputs: user | outputs: PreInferEl3yolov8m/input_layer1(running in thread_id: 11415)
[2026-04-08 15:59:03.475] [11392] [HailoRT] [info] [pipeline.cpp:891] [print_deep_description] PreInferEl3yolov8m/input_layer1 | inputs: EntryPushQEl0yolov8m/input_layer1[0] | outputs: PushQEl3yolov8m/input_layer1
[2026-04-08 15:59:03.475] [11392] [HailoRT] [info] [pipeline.cpp:891] [print_deep_description] PushQEl3yolov8m/input_layer1 | inputs: PreInferEl3yolov8m/input_layer1[0] | outputs: AsyncHwEl(running in thread_id: 11416)
[2026-04-08 15:59:03.475] [11392] [HailoRT] [info] [pipeline.cpp:891] [print_deep_description] AsyncHwEl | inputs: PushQEl3yolov8m/input_layer1[0] | outputs: MultiPushQEl0YOLOV8-Post-Process MultiPushQEl0YOLOV8-Post-Process MultiPushQEl0YOLOV8-Post-Process MultiPushQEl0YOLOV8-Post-Process MultiPushQEl0YOLOV8-Post-Process MultiPushQEl0YOLOV8-Post-Process
[2026-04-08 15:59:03.475] [11392] [HailoRT] [info] [pipeline.cpp:891] [print_deep_description] MultiPushQEl0YOLOV8-Post-Process | inputs: AsyncHwEl[0] AsyncHwEl[1] AsyncHwEl[2] AsyncHwEl[3] AsyncHwEl[4] AsyncHwEl[5] | outputs: NmsPPMuxEl0YOLOV8-Post-Process(running in thread_id: 11417)
[2026-04-08 15:59:03.475] [11392] [HailoRT] [info] [pipeline.cpp:891] [print_deep_description] NmsPPMuxEl0YOLOV8-Post-Process | inputs: MultiPushQEl0YOLOV8-Post-Process[0] | outputs: LastAsyncEl0NmsPPMuxEl0YOLOV8-Post-Process
[2026-04-08 15:59:03.475] [11392] [HailoRT] [info] [pipeline.cpp:891] [print_deep_description] LastAsyncEl0NmsPPMuxEl0YOLOV8-Post-Process | inputs: NmsPPMuxEl0YOLOV8-Post-Process[0] | outputs: user
[2026-04-08 15:59:04.447] [11412] [HailoRT] [info] [hef.cpp:1929] [get_network_group_and_network_name] No name was given. Addressing all networks of default network_group: yolov8m
[2026-04-08 15:59:11.053] [11392] [HailoRT] [info] [async_infer_runner.cpp:86] [shutdown] Pipeline was aborted. Shutting it down
[2026-04-08 15:59:11.059] [11410] [HailoRT] [info] [network_group.cpp:857] [operator()] Infer request was aborted by user
[2026-04-08 15:59:11.059] [11392] [HailoRT] [info] [queue_elements.cpp:1131] [execute_deactivate] enqueue() in element MultiPushQEl0YOLOV8-Post-Process was aborted, got status = HAILO_SHUTDOWN_EVENT_SIGNALED(57)
[2026-04-08 15:59:11.059] [11392] [HailoRT] [info] [queue_elements.cpp:1131] [execute_deactivate] enqueue() in element MultiPushQEl0YOLOV8-Post-Process was aborted, got status = HAILO_SHUTDOWN_EVENT_SIGNALED(57)
[2026-04-08 15:59:11.059] [11392] [HailoRT] [info] [queue_elements.cpp:1131] [execute_deactivate] enqueue() in element MultiPushQEl0YOLOV8-Post-Process was aborted, got status = HAILO_SHUTDOWN_EVENT_SIGNALED(57)
[2026-04-08 15:59:11.059] [11392] [HailoRT] [info] [queue_elements.cpp:1131] [execute_deactivate] enqueue() in element MultiPushQEl0YOLOV8-Post-Process was aborted, got status = HAILO_SHUTDOWN_EVENT_SIGNALED(57)
[2026-04-08 15:59:11.059] [11392] [HailoRT] [info] [queue_elements.cpp:1131] [execute_deactivate] enqueue() in element MultiPushQEl0YOLOV8-Post-Process was aborted, got status = HAILO_SHUTDOWN_EVENT_SIGNALED(57)
[2026-04-08 15:59:11.059] [11392] [HailoRT] [info] [queue_elements.cpp:1131] [execute_deactivate] enqueue() in element MultiPushQEl0YOLOV8-Post-Process was aborted, got status = HAILO_SHUTDOWN_EVENT_SIGNALED(57)
[2026-04-08 15:59:11.059] [11392] [HailoRT] [info] [queue_elements.cpp:570] [execute_deactivate] enqueue() in element PushQEl3yolov8m/input_layer1 was aborted, got status = HAILO_SHUTDOWN_EVENT_SIGNALED(57)
[2026-04-08 15:59:11.059] [11392] [HailoRT] [info] [queue_elements.cpp:570] [execute_deactivate] enqueue() in element EntryPushQEl0yolov8m/input_layer1 was aborted, got status = HAILO_SHUTDOWN_EVENT_SIGNALED(57)
[2026-04-08 15:59:11.059] [11392] [HailoRT] [info] [queue_elements.cpp:46] [~BaseQueueElement] Queue element EntryPushQEl0yolov8m/input_layer1 has 0 frames in his Queue on destruction
[2026-04-08 15:59:11.059] [11392] [HailoRT] [info] [queue_elements.cpp:46] [~BaseQueueElement] Queue element PushQEl3yolov8m/input_layer1 has 0 frames in his Queue on destruction
[2026-04-08 15:59:42.403] [11740] [HailoRT] [info] [vdevice.cpp:523] [create] Creating vdevice with params: device_count: 1, scheduling_algorithm: ROUND_ROBIN, multi_process_service: false
[2026-04-08 15:59:42.415] [11740] [HailoRT] [info] [device.cpp:49] [Device] OS Version: Linux 6.12.62+rpt-rpi-2712 #1 SMP PREEMPT Debian 1:6.12.62-1+rpt1~bookworm (2026-01-19) aarch64
[2026-04-08 15:59:42.417] [11740] [HailoRT] [info] [control.cpp:108] [control__parse_identify_results] firmware_version is: 4.20.0
[2026-04-08 15:59:42.417] [11740] [HailoRT] [info] [vdevice.cpp:651] [create] VDevice Infos: 0001:01:00.0
[2026-04-08 15:59:42.436] [11740] [HailoRT] [info] [hef.cpp:1929] [get_network_group_and_network_name] No name was given. Addressing all networks of default network_group: yolov8m
[2026-04-08 15:59:42.436] [11740] [HailoRT] [info] [hef.cpp:1929] [get_network_group_and_network_name] No name was given. Addressing all networks of default network_group: yolov8m
[2026-04-08 15:59:42.445] [11740] [HailoRT] [info] [internal_buffer_manager.cpp:204] [print_execution_results] Planned internal buffer memory: CMA memory 0, user memory 3037184. memory to edge layer usage factor is 1
[2026-04-08 15:59:42.445] [11740] [HailoRT] [info] [internal_buffer_manager.cpp:212] [print_execution_results] Default Internal buffer planner executed successfully
[2026-04-08 15:59:42.482] [11740] [HailoRT] [info] [device_internal.cpp:57] [configure] Configuring HEF took 42.634104 milliseconds
[2026-04-08 15:59:42.482] [11740] [HailoRT] [info] [vdevice.cpp:749] [configure] Configuring HEF on VDevice took 42.961072 milliseconds
[2026-04-08 15:59:42.482] [11740] [HailoRT] [info] [infer_model.cpp:436] [configure] Configuring network group 'yolov8m' with params: batch size: 0, power mode: PERFORMANCE, latency: NONE
[2026-04-08 15:59:42.482] [11740] [HailoRT] [info] [multi_io_elements.cpp:756] [create] Created (AsyncHwEl)
[2026-04-08 15:59:42.482] [11740] [HailoRT] [info] [queue_elements.cpp:450] [create] Created (EntryPushQEl0yolov8m/input_layer1 | timeout: 10s)
[2026-04-08 15:59:42.482] [11740] [HailoRT] [info] [filter_elements.cpp:101] [create] Created (PreInferEl3yolov8m/input_layer1 | Reorder - src_order: RGB4, src_shape: (640, 640, 3), dst_order: NHCW, dst_shape: (640, 640, 3))
[2026-04-08 15:59:42.482] [11740] [HailoRT] [info] [queue_elements.cpp:450] [create] Created (PushQEl3yolov8m/input_layer1 | timeout: 10s)
[2026-04-08 15:59:42.482] [11740] [HailoRT] [info] [multi_io_elements.cpp:135] [create] Created (NmsPPMuxEl0YOLOV8-Post-Process | Op YOLOV8, Name: YOLOV8-Post-Process, Score threshold: 0.001, IoU threshold: 0.70, Classes: 8, Cross classes: false, NMS results order: BY_CLASS, Max bboxes per class: 100, Image height: 640, Image width: 640)
[2026-04-08 15:59:42.483] [11740] [HailoRT] [info] [queue_elements.cpp:942] [create] Created (MultiPushQEl0YOLOV8-Post-Process | timeout: 10s)
[2026-04-08 15:59:42.483] [11740] [HailoRT] [info] [edge_elements.cpp:187] [create] Created (LastAsyncEl0NmsPPMuxEl0YOLOV8-Post-Process)
[2026-04-08 15:59:42.483] [11740] [HailoRT] [info] [pipeline.cpp:891] [print_deep_description] EntryPushQEl0yolov8m/input_layer1 | inputs: user | outputs: PreInferEl3yolov8m/input_layer1(running in thread_id: 11772)
[2026-04-08 15:59:42.483] [11740] [HailoRT] [info] [pipeline.cpp:891] [print_deep_description] PreInferEl3yolov8m/input_layer1 | inputs: EntryPushQEl0yolov8m/input_layer1[0] | outputs: PushQEl3yolov8m/input_layer1
[2026-04-08 15:59:42.483] [11740] [HailoRT] [info] [pipeline.cpp:891] [print_deep_description] PushQEl3yolov8m/input_layer1 | inputs: PreInferEl3yolov8m/input_layer1[0] | outputs: AsyncHwEl(running in thread_id: 11773)
[2026-04-08 15:59:42.483] [11740] [HailoRT] [info] [pipeline.cpp:891] [print_deep_description] AsyncHwEl | inputs: PushQEl3yolov8m/input_layer1[0] | outputs: MultiPushQEl0YOLOV8-Post-Process MultiPushQEl0YOLOV8-Post-Process MultiPushQEl0YOLOV8-Post-Process MultiPushQEl0YOLOV8-Post-Process MultiPushQEl0YOLOV8-Post-Process MultiPushQEl0YOLOV8-Post-Process
[2026-04-08 15:59:42.483] [11740] [HailoRT] [info] [pipeline.cpp:891] [print_deep_description] MultiPushQEl0YOLOV8-Post-Process | inputs: AsyncHwEl[0] AsyncHwEl[1] AsyncHwEl[2] AsyncHwEl[3] AsyncHwEl[4] AsyncHwEl[5] | outputs: NmsPPMuxEl0YOLOV8-Post-Process(running in thread_id: 11774)
[2026-04-08 15:59:42.483] [11740] [HailoRT] [info] [pipeline.cpp:891] [print_deep_description] NmsPPMuxEl0YOLOV8-Post-Process | inputs: MultiPushQEl0YOLOV8-Post-Process[0] | outputs: LastAsyncEl0NmsPPMuxEl0YOLOV8-Post-Process
[2026-04-08 15:59:42.483] [11740] [HailoRT] [info] [pipeline.cpp:891] [print_deep_description] LastAsyncEl0NmsPPMuxEl0YOLOV8-Post-Process | inputs: NmsPPMuxEl0YOLOV8-Post-Process[0] | outputs: user
[2026-04-08 15:59:44.411] [11769] [HailoRT] [info] [hef.cpp:1929] [get_network_group_and_network_name] No name was given. Addressing all networks of default network_group: yolov8m
[2026-04-08 16:02:29.545] [12635] [HailoRT] [info] [vdevice.cpp:523] [create] Creating vdevice with params: device_count: 1, scheduling_algorithm: ROUND_ROBIN, multi_process_service: false
[2026-04-08 16:02:29.557] [12635] [HailoRT] [info] [device.cpp:49] [Device] OS Version: Linux 6.12.62+rpt-rpi-2712 #1 SMP PREEMPT Debian 1:6.12.62-1+rpt1~bookworm (2026-01-19) aarch64
[2026-04-08 16:02:29.558] [12635] [HailoRT] [info] [control.cpp:108] [control__parse_identify_results] firmware_version is: 4.20.0
[2026-04-08 16:02:29.558] [12635] [HailoRT] [info] [vdevice.cpp:651] [create] VDevice Infos: 0001:01:00.0
[2026-04-08 16:02:29.577] [12635] [HailoRT] [info] [hef.cpp:1929] [get_network_group_and_network_name] No name was given. Addressing all networks of default network_group: yolov8m
[2026-04-08 16:02:29.577] [12635] [HailoRT] [info] [hef.cpp:1929] [get_network_group_and_network_name] No name was given. Addressing all networks of default network_group: yolov8m
[2026-04-08 16:02:29.590] [12635] [HailoRT] [info] [internal_buffer_manager.cpp:204] [print_execution_results] Planned internal buffer memory: CMA memory 0, user memory 3037184. memory to edge layer usage factor is 1
[2026-04-08 16:02:29.590] [12635] [HailoRT] [info] [internal_buffer_manager.cpp:212] [print_execution_results] Default Internal buffer planner executed successfully
[2026-04-08 16:02:29.635] [12635] [HailoRT] [info] [device_internal.cpp:57] [configure] Configuring HEF took 55.428262 milliseconds
[2026-04-08 16:02:29.635] [12635] [HailoRT] [info] [vdevice.cpp:749] [configure] Configuring HEF on VDevice took 55.748787 milliseconds
[2026-04-08 16:02:29.635] [12635] [HailoRT] [info] [infer_model.cpp:436] [configure] Configuring network group 'yolov8m' with params: batch size: 0, power mode: PERFORMANCE, latency: NONE
[2026-04-08 16:02:29.636] [12635] [HailoRT] [info] [multi_io_elements.cpp:756] [create] Created (AsyncHwEl)
[2026-04-08 16:02:29.636] [12635] [HailoRT] [info] [queue_elements.cpp:450] [create] Created (EntryPushQEl0yolov8m/input_layer1 | timeout: 10s)
[2026-04-08 16:02:29.636] [12635] [HailoRT] [info] [filter_elements.cpp:101] [create] Created (PreInferEl3yolov8m/input_layer1 | Reorder - src_order: RGB4, src_shape: (640, 640, 3), dst_order: NHCW, dst_shape: (640, 640, 3))
[2026-04-08 16:02:29.636] [12635] [HailoRT] [info] [queue_elements.cpp:450] [create] Created (PushQEl3yolov8m/input_layer1 | timeout: 10s)
[2026-04-08 16:02:29.636] [12635] [HailoRT] [info] [multi_io_elements.cpp:135] [create] Created (NmsPPMuxEl0YOLOV8-Post-Process | Op YOLOV8, Name: YOLOV8-Post-Process, Score threshold: 0.001, IoU threshold: 0.70, Classes: 8, Cross classes: false, NMS results order: BY_CLASS, Max bboxes per class: 100, Image height: 640, Image width: 640)
[2026-04-08 16:02:29.636] [12635] [HailoRT] [info] [queue_elements.cpp:942] [create] Created (MultiPushQEl0YOLOV8-Post-Process | timeout: 10s)
[2026-04-08 16:02:29.636] [12635] [HailoRT] [info] [edge_elements.cpp:187] [create] Created (LastAsyncEl0NmsPPMuxEl0YOLOV8-Post-Process)
[2026-04-08 16:02:29.636] [12635] [HailoRT] [info] [pipeline.cpp:891] [print_deep_description] EntryPushQEl0yolov8m/input_layer1 | inputs: user | outputs: PreInferEl3yolov8m/input_layer1(running in thread_id: 12658)
[2026-04-08 16:02:29.636] [12635] [HailoRT] [info] [pipeline.cpp:891] [print_deep_description] PreInferEl3yolov8m/input_layer1 | inputs: EntryPushQEl0yolov8m/input_layer1[0] | outputs: PushQEl3yolov8m/input_layer1
[2026-04-08 16:02:29.636] [12635] [HailoRT] [info] [pipeline.cpp:891] [print_deep_description] PushQEl3yolov8m/input_layer1 | inputs: PreInferEl3yolov8m/input_layer1[0] | outputs: AsyncHwEl(running in thread_id: 12659)
[2026-04-08 16:02:29.636] [12635] [HailoRT] [info] [pipeline.cpp:891] [print_deep_description] AsyncHwEl | inputs: PushQEl3yolov8m/input_layer1[0] | outputs: MultiPushQEl0YOLOV8-Post-Process MultiPushQEl0YOLOV8-Post-Process MultiPushQEl0YOLOV8-Post-Process MultiPushQEl0YOLOV8-Post-Process MultiPushQEl0YOLOV8-Post-Process MultiPushQEl0YOLOV8-Post-Process
[2026-04-08 16:02:29.636] [12635] [HailoRT] [info] [pipeline.cpp:891] [print_deep_description] MultiPushQEl0YOLOV8-Post-Process | inputs: AsyncHwEl[0] AsyncHwEl[1] AsyncHwEl[2] AsyncHwEl[3] AsyncHwEl[4] AsyncHwEl[5] | outputs: NmsPPMuxEl0YOLOV8-Post-Process(running in thread_id: 12660)
[2026-04-08 16:02:29.636] [12635] [HailoRT] [info] [pipeline.cpp:891] [print_deep_description] NmsPPMuxEl0YOLOV8-Post-Process | inputs: MultiPushQEl0YOLOV8-Post-Process[0] | outputs: LastAsyncEl0NmsPPMuxEl0YOLOV8-Post-Process
[2026-04-08 16:02:29.636] [12635] [HailoRT] [info] [pipeline.cpp:891] [print_deep_description] LastAsyncEl0NmsPPMuxEl0YOLOV8-Post-Process | inputs: NmsPPMuxEl0YOLOV8-Post-Process[0] | outputs: user
[2026-04-08 16:02:30.620] [12655] [HailoRT] [info] [hef.cpp:1929] [get_network_group_and_network_name] No name was given. Addressing all networks of default network_group: yolov8m
[2026-04-08 16:02:30.991] [12635] [HailoRT] [info] [async_infer_runner.cpp:86] [shutdown] Pipeline was aborted. Shutting it down
[2026-04-08 16:02:30.992] [12658] [HailoRT] [info] [queue_elements.cpp:497] [operator()] Thread in element EntryPushQEl0yolov8m/input_layer1 is not running anymore, exiting..
[2026-04-08 16:02:30.997] [12653] [HailoRT] [info] [network_group.cpp:857] [operator()] Infer request was aborted by user
[2026-04-08 16:02:30.997] [12635] [HailoRT] [info] [queue_elements.cpp:1131] [execute_deactivate] enqueue() in element MultiPushQEl0YOLOV8-Post-Process was aborted, got status = HAILO_SHUTDOWN_EVENT_SIGNALED(57)
[2026-04-08 16:02:30.997] [12635] [HailoRT] [info] [queue_elements.cpp:1131] [execute_deactivate] enqueue() in element MultiPushQEl0YOLOV8-Post-Process was aborted, got status = HAILO_SHUTDOWN_EVENT_SIGNALED(57)
[2026-04-08 16:02:30.997] [12635] [HailoRT] [info] [queue_elements.cpp:1131] [execute_deactivate] enqueue() in element MultiPushQEl0YOLOV8-Post-Process was aborted, got status = HAILO_SHUTDOWN_EVENT_SIGNALED(57)
[2026-04-08 16:02:30.997] [12635] [HailoRT] [info] [queue_elements.cpp:1131] [execute_deactivate] enqueue() in element MultiPushQEl0YOLOV8-Post-Process was aborted, got status = HAILO_SHUTDOWN_EVENT_SIGNALED(57)
[2026-04-08 16:02:30.997] [12635] [HailoRT] [info] [queue_elements.cpp:1131] [execute_deactivate] enqueue() in element MultiPushQEl0YOLOV8-Post-Process was aborted, got status = HAILO_SHUTDOWN_EVENT_SIGNALED(57)
[2026-04-08 16:02:30.997] [12635] [HailoRT] [info] [queue_elements.cpp:1131] [execute_deactivate] enqueue() in element MultiPushQEl0YOLOV8-Post-Process was aborted, got status = HAILO_SHUTDOWN_EVENT_SIGNALED(57)
[2026-04-08 16:02:30.997] [12635] [HailoRT] [info] [queue_elements.cpp:570] [execute_deactivate] enqueue() in element PushQEl3yolov8m/input_layer1 was aborted, got status = HAILO_SHUTDOWN_EVENT_SIGNALED(57)
[2026-04-08 16:02:30.997] [12635] [HailoRT] [info] [queue_elements.cpp:570] [execute_deactivate] enqueue() in element EntryPushQEl0yolov8m/input_layer1 was aborted, got status = HAILO_SHUTDOWN_EVENT_SIGNALED(57)
[2026-04-08 16:02:30.997] [12635] [HailoRT] [info] [queue_elements.cpp:46] [~BaseQueueElement] Queue element EntryPushQEl0yolov8m/input_layer1 has 0 frames in his Queue on destruction
[2026-04-08 16:02:30.997] [12635] [HailoRT] [info] [queue_elements.cpp:46] [~BaseQueueElement] Queue element PushQEl3yolov8m/input_layer1 has 0 frames in his Queue on destruction
[2026-04-08 16:03:21.312] [13701] [HailoRT] [info] [vdevice.cpp:523] [create] Creating vdevice with params: device_count: 1, scheduling_algorithm: ROUND_ROBIN, multi_process_service: false
[2026-04-08 16:03:21.325] [13701] [HailoRT] [info] [device.cpp:49] [Device] OS Version: Linux 6.12.62+rpt-rpi-2712 #1 SMP PREEMPT Debian 1:6.12.62-1+rpt1~bookworm (2026-01-19) aarch64
[2026-04-08 16:03:21.330] [13701] [HailoRT] [info] [control.cpp:108] [control__parse_identify_results] firmware_version is: 4.20.0
[2026-04-08 16:03:21.330] [13701] [HailoRT] [info] [vdevice.cpp:651] [create] VDevice Infos: 0001:01:00.0
[2026-04-08 16:03:21.371] [13701] [HailoRT] [info] [hef.cpp:1929] [get_network_group_and_network_name] No name was given. Addressing all networks of default network_group: yolov8m
[2026-04-08 16:03:21.371] [13701] [HailoRT] [info] [hef.cpp:1929] [get_network_group_and_network_name] No name was given. Addressing all networks of default network_group: yolov8m
[2026-04-08 16:03:21.385] [13701] [HailoRT] [info] [internal_buffer_manager.cpp:204] [print_execution_results] Planned internal buffer memory: CMA memory 0, user memory 3037184. memory to edge layer usage factor is 1
[2026-04-08 16:03:21.385] [13701] [HailoRT] [info] [internal_buffer_manager.cpp:212] [print_execution_results] Default Internal buffer planner executed successfully
[2026-04-08 16:03:21.483] [13701] [HailoRT] [info] [device_internal.cpp:57] [configure] Configuring HEF took 107.532906 milliseconds
[2026-04-08 16:03:21.483] [13701] [HailoRT] [info] [vdevice.cpp:749] [configure] Configuring HEF on VDevice took 107.973667 milliseconds
[2026-04-08 16:03:21.483] [13701] [HailoRT] [info] [infer_model.cpp:436] [configure] Configuring network group 'yolov8m' with params: batch size: 0, power mode: PERFORMANCE, latency: NONE
[2026-04-08 16:03:21.483] [13701] [HailoRT] [info] [multi_io_elements.cpp:756] [create] Created (AsyncHwEl)
[2026-04-08 16:03:21.483] [13701] [HailoRT] [info] [queue_elements.cpp:450] [create] Created (EntryPushQEl0yolov8m/input_layer1 | timeout: 10s)
[2026-04-08 16:03:21.483] [13701] [HailoRT] [info] [filter_elements.cpp:101] [create] Created (PreInferEl3yolov8m/input_layer1 | Reorder - src_order: RGB4, src_shape: (640, 640, 3), dst_order: NHCW, dst_shape: (640, 640, 3))
[2026-04-08 16:03:21.484] [13701] [HailoRT] [info] [queue_elements.cpp:450] [create] Created (PushQEl3yolov8m/input_layer1 | timeout: 10s)
[2026-04-08 16:03:21.484] [13701] [HailoRT] [info] [multi_io_elements.cpp:135] [create] Created (NmsPPMuxEl0YOLOV8-Post-Process | Op YOLOV8, Name: YOLOV8-Post-Process, Score threshold: 0.001, IoU threshold: 0.70, Classes: 8, Cross classes: false, NMS results order: BY_CLASS, Max bboxes per class: 100, Image height: 640, Image width: 640)
[2026-04-08 16:03:21.485] [13701] [HailoRT] [info] [queue_elements.cpp:942] [create] Created (MultiPushQEl0YOLOV8-Post-Process | timeout: 10s)
[2026-04-08 16:03:21.485] [13701] [HailoRT] [info] [edge_elements.cpp:187] [create] Created (LastAsyncEl0NmsPPMuxEl0YOLOV8-Post-Process)
[2026-04-08 16:03:21.485] [13701] [HailoRT] [info] [pipeline.cpp:891] [print_deep_description] EntryPushQEl0yolov8m/input_layer1 | inputs: user | outputs: PreInferEl3yolov8m/input_layer1(running in thread_id: 13731)
[2026-04-08 16:03:21.485] [13701] [HailoRT] [info] [pipeline.cpp:891] [print_deep_description] PreInferEl3yolov8m/input_layer1 | inputs: EntryPushQEl0yolov8m/input_layer1[0] | outputs: PushQEl3yolov8m/input_layer1
[2026-04-08 16:03:21.485] [13701] [HailoRT] [info] [pipeline.cpp:891] [print_deep_description] PushQEl3yolov8m/input_layer1 | inputs: PreInferEl3yolov8m/input_layer1[0] | outputs: AsyncHwEl(running in thread_id: 13732)
[2026-04-08 16:03:21.485] [13701] [HailoRT] [info] [pipeline.cpp:891] [print_deep_description] AsyncHwEl | inputs: PushQEl3yolov8m/input_layer1[0] | outputs: MultiPushQEl0YOLOV8-Post-Process MultiPushQEl0YOLOV8-Post-Process MultiPushQEl0YOLOV8-Post-Process MultiPushQEl0YOLOV8-Post-Process MultiPushQEl0YOLOV8-Post-Process MultiPushQEl0YOLOV8-Post-Process
[2026-04-08 16:03:21.485] [13701] [HailoRT] [info] [pipeline.cpp:891] [print_deep_description] MultiPushQEl0YOLOV8-Post-Process | inputs: AsyncHwEl[0] AsyncHwEl[1] AsyncHwEl[2] AsyncHwEl[3] AsyncHwEl[4] AsyncHwEl[5] | outputs: NmsPPMuxEl0YOLOV8-Post-Process(running in thread_id: 13733)
[2026-04-08 16:03:21.485] [13701] [HailoRT] [info] [pipeline.cpp:891] [print_deep_description] NmsPPMuxEl0YOLOV8-Post-Process | inputs: MultiPushQEl0YOLOV8-Post-Process[0] | outputs: LastAsyncEl0NmsPPMuxEl0YOLOV8-Post-Process
[2026-04-08 16:03:21.485] [13701] [HailoRT] [info] [pipeline.cpp:891] [print_deep_description] LastAsyncEl0NmsPPMuxEl0YOLOV8-Post-Process | inputs: NmsPPMuxEl0YOLOV8-Post-Process[0] | outputs: user
[2026-04-08 16:03:22.622] [13728] [HailoRT] [info] [hef.cpp:1929] [get_network_group_and_network_name] No name was given. Addressing all networks of default network_group: yolov8m
[2026-04-08 16:03:28.619] [13701] [HailoRT] [info] [async_infer_runner.cpp:86] [shutdown] Pipeline was aborted. Shutting it down
[2026-04-08 16:03:28.624] [13726] [HailoRT] [info] [network_group.cpp:857] [operator()] Infer request was aborted by user
[2026-04-08 16:03:28.629] [13701] [HailoRT] [info] [queue_elements.cpp:1131] [execute_deactivate] enqueue() in element MultiPushQEl0YOLOV8-Post-Process was aborted, got status = HAILO_SHUTDOWN_EVENT_SIGNALED(57)
[2026-04-08 16:03:28.629] [13701] [HailoRT] [info] [queue_elements.cpp:1131] [execute_deactivate] enqueue() in element MultiPushQEl0YOLOV8-Post-Process was aborted, got status = HAILO_SHUTDOWN_EVENT_SIGNALED(57)
[2026-04-08 16:03:28.629] [13701] [HailoRT] [info] [queue_elements.cpp:1131] [execute_deactivate] enqueue() in element MultiPushQEl0YOLOV8-Post-Process was aborted, got status = HAILO_SHUTDOWN_EVENT_SIGNALED(57)
[2026-04-08 16:03:28.629] [13701] [HailoRT] [info] [queue_elements.cpp:1131] [execute_deactivate] enqueue() in element MultiPushQEl0YOLOV8-Post-Process was aborted, got status = HAILO_SHUTDOWN_EVENT_SIGNALED(57)
[2026-04-08 16:03:28.629] [13701] [HailoRT] [info] [queue_elements.cpp:1131] [execute_deactivate] enqueue() in element MultiPushQEl0YOLOV8-Post-Process was aborted, got status = HAILO_SHUTDOWN_EVENT_SIGNALED(57)
[2026-04-08 16:03:28.629] [13701] [HailoRT] [info] [queue_elements.cpp:1131] [execute_deactivate] enqueue() in element MultiPushQEl0YOLOV8-Post-Process was aborted, got status = HAILO_SHUTDOWN_EVENT_SIGNALED(57)
[2026-04-08 16:03:28.629] [13701] [HailoRT] [info] [queue_elements.cpp:570] [execute_deactivate] enqueue() in element PushQEl3yolov8m/input_layer1 was aborted, got status = HAILO_SHUTDOWN_EVENT_SIGNALED(57)
[2026-04-08 16:03:28.629] [13701] [HailoRT] [info] [queue_elements.cpp:570] [execute_deactivate] enqueue() in element EntryPushQEl0yolov8m/input_layer1 was aborted, got status = HAILO_SHUTDOWN_EVENT_SIGNALED(57)
[2026-04-08 16:03:28.629] [13701] [HailoRT] [info] [queue_elements.cpp:46] [~BaseQueueElement] Queue element EntryPushQEl0yolov8m/input_layer1 has 0 frames in his Queue on destruction
[2026-04-08 16:03:28.629] [13701] [HailoRT] [info] [queue_elements.cpp:46] [~BaseQueueElement] Queue element PushQEl3yolov8m/input_layer1 has 0 frames in his Queue on destruction
[2026-04-08 16:04:23.639] [14220] [HailoRT] [info] [vdevice.cpp:523] [create] Creating vdevice with params: device_count: 1, scheduling_algorithm: ROUND_ROBIN, multi_process_service: false
[2026-04-08 16:04:23.651] [14220] [HailoRT] [info] [device.cpp:49] [Device] OS Version: Linux 6.12.62+rpt-rpi-2712 #1 SMP PREEMPT Debian 1:6.12.62-1+rpt1~bookworm (2026-01-19) aarch64
[2026-04-08 16:04:23.652] [14220] [HailoRT] [info] [control.cpp:108] [control__parse_identify_results] firmware_version is: 4.20.0
[2026-04-08 16:04:23.652] [14220] [HailoRT] [info] [vdevice.cpp:651] [create] VDevice Infos: 0001:01:00.0
[2026-04-08 16:04:23.671] [14220] [HailoRT] [info] [hef.cpp:1929] [get_network_group_and_network_name] No name was given. Addressing all networks of default network_group: yolov8m
[2026-04-08 16:04:23.671] [14220] [HailoRT] [info] [hef.cpp:1929] [get_network_group_and_network_name] No name was given. Addressing all networks of default network_group: yolov8m
[2026-04-08 16:04:23.682] [14220] [HailoRT] [info] [internal_buffer_manager.cpp:204] [print_execution_results] Planned internal buffer memory: CMA memory 0, user memory 3037184. memory to edge layer usage factor is 1
[2026-04-08 16:04:23.682] [14220] [HailoRT] [info] [internal_buffer_manager.cpp:212] [print_execution_results] Default Internal buffer planner executed successfully
[2026-04-08 16:04:23.718] [14220] [HailoRT] [info] [device_internal.cpp:57] [configure] Configuring HEF took 43.659804 milliseconds
[2026-04-08 16:04:23.718] [14220] [HailoRT] [info] [vdevice.cpp:749] [configure] Configuring HEF on VDevice took 43.960884 milliseconds
[2026-04-08 16:04:23.718] [14220] [HailoRT] [info] [infer_model.cpp:436] [configure] Configuring network group 'yolov8m' with params: batch size: 0, power mode: PERFORMANCE, latency: NONE
[2026-04-08 16:04:23.718] [14220] [HailoRT] [info] [multi_io_elements.cpp:756] [create] Created (AsyncHwEl)
[2026-04-08 16:04:23.718] [14220] [HailoRT] [info] [queue_elements.cpp:450] [create] Created (EntryPushQEl0yolov8m/input_layer1 | timeout: 10s)
[2026-04-08 16:04:23.718] [14220] [HailoRT] [info] [filter_elements.cpp:101] [create] Created (PreInferEl3yolov8m/input_layer1 | Reorder - src_order: RGB4, src_shape: (640, 640, 3), dst_order: NHCW, dst_shape: (640, 640, 3))
[2026-04-08 16:04:23.718] [14220] [HailoRT] [info] [queue_elements.cpp:450] [create] Created (PushQEl3yolov8m/input_layer1 | timeout: 10s)
[2026-04-08 16:04:23.718] [14220] [HailoRT] [info] [multi_io_elements.cpp:135] [create] Created (NmsPPMuxEl0YOLOV8-Post-Process | Op YOLOV8, Name: YOLOV8-Post-Process, Score threshold: 0.001, IoU threshold: 0.70, Classes: 8, Cross classes: false, NMS results order: BY_CLASS, Max bboxes per class: 100, Image height: 640, Image width: 640)
[2026-04-08 16:04:23.719] [14220] [HailoRT] [info] [queue_elements.cpp:942] [create] Created (MultiPushQEl0YOLOV8-Post-Process | timeout: 10s)
[2026-04-08 16:04:23.719] [14220] [HailoRT] [info] [edge_elements.cpp:187] [create] Created (LastAsyncEl0NmsPPMuxEl0YOLOV8-Post-Process)
[2026-04-08 16:04:23.719] [14220] [HailoRT] [info] [pipeline.cpp:891] [print_deep_description] EntryPushQEl0yolov8m/input_layer1 | inputs: user | outputs: PreInferEl3yolov8m/input_layer1(running in thread_id: 14252)
[2026-04-08 16:04:23.719] [14220] [HailoRT] [info] [pipeline.cpp:891] [print_deep_description] PreInferEl3yolov8m/input_layer1 | inputs: EntryPushQEl0yolov8m/input_layer1[0] | outputs: PushQEl3yolov8m/input_layer1
[2026-04-08 16:04:23.719] [14220] [HailoRT] [info] [pipeline.cpp:891] [print_deep_description] PushQEl3yolov8m/input_layer1 | inputs: PreInferEl3yolov8m/input_layer1[0] | outputs: AsyncHwEl(running in thread_id: 14253)
[2026-04-08 16:04:23.719] [14220] [HailoRT] [info] [pipeline.cpp:891] [print_deep_description] AsyncHwEl | inputs: PushQEl3yolov8m/input_layer1[0] | outputs: MultiPushQEl0YOLOV8-Post-Process MultiPushQEl0YOLOV8-Post-Process MultiPushQEl0YOLOV8-Post-Process MultiPushQEl0YOLOV8-Post-Process MultiPushQEl0YOLOV8-Post-Process MultiPushQEl0YOLOV8-Post-Process
[2026-04-08 16:04:23.719] [14220] [HailoRT] [info] [pipeline.cpp:891] [print_deep_description] MultiPushQEl0YOLOV8-Post-Process | inputs: AsyncHwEl[0] AsyncHwEl[1] AsyncHwEl[2] AsyncHwEl[3] AsyncHwEl[4] AsyncHwEl[5] | outputs: NmsPPMuxEl0YOLOV8-Post-Process(running in thread_id: 14254)
[2026-04-08 16:04:23.719] [14220] [HailoRT] [info] [pipeline.cpp:891] [print_deep_description] NmsPPMuxEl0YOLOV8-Post-Process | inputs: MultiPushQEl0YOLOV8-Post-Process[0] | outputs: LastAsyncEl0NmsPPMuxEl0YOLOV8-Post-Process
[2026-04-08 16:04:23.719] [14220] [HailoRT] [info] [pipeline.cpp:891] [print_deep_description] LastAsyncEl0NmsPPMuxEl0YOLOV8-Post-Process | inputs: NmsPPMuxEl0YOLOV8-Post-Process[0] | outputs: user
[2026-04-08 16:04:24.769] [14249] [HailoRT] [info] [hef.cpp:1929] [get_network_group_and_network_name] No name was given. Addressing all networks of default network_group: yolov8m
[2026-04-08 16:14:11.306] [17092] [HailoRT] [info] [vdevice.cpp:523] [create] Creating vdevice with params: device_count: 1, scheduling_algorithm: ROUND_ROBIN, multi_process_service: false
[2026-04-08 16:14:11.317] [17092] [HailoRT] [info] [device.cpp:49] [Device] OS Version: Linux 6.12.62+rpt-rpi-2712 #1 SMP PREEMPT Debian 1:6.12.62-1+rpt1~bookworm (2026-01-19) aarch64
[2026-04-08 16:14:11.318] [17092] [HailoRT] [info] [control.cpp:108] [control__parse_identify_results] firmware_version is: 4.20.0
[2026-04-08 16:14:11.318] [17092] [HailoRT] [info] [vdevice.cpp:651] [create] VDevice Infos: 0001:01:00.0
[2026-04-08 16:14:11.338] [17092] [HailoRT] [info] [hef.cpp:1929] [get_network_group_and_network_name] No name was given. Addressing all networks of default network_group: yolov8m
[2026-04-08 16:14:11.338] [17092] [HailoRT] [info] [hef.cpp:1929] [get_network_group_and_network_name] No name was given. Addressing all networks of default network_group: yolov8m
[2026-04-08 16:14:11.347] [17092] [HailoRT] [info] [internal_buffer_manager.cpp:204] [print_execution_results] Planned internal buffer memory: CMA memory 0, user memory 3037184. memory to edge layer usage factor is 1
[2026-04-08 16:14:11.347] [17092] [HailoRT] [info] [internal_buffer_manager.cpp:212] [print_execution_results] Default Internal buffer planner executed successfully
[2026-04-08 16:14:11.394] [17092] [HailoRT] [info] [device_internal.cpp:57] [configure] Configuring HEF took 53.291709 milliseconds
[2026-04-08 16:14:11.394] [17092] [HailoRT] [info] [vdevice.cpp:749] [configure] Configuring HEF on VDevice took 53.667051 milliseconds
[2026-04-08 16:14:11.394] [17092] [HailoRT] [info] [infer_model.cpp:436] [configure] Configuring network group 'yolov8m' with params: batch size: 0, power mode: PERFORMANCE, latency: NONE
[2026-04-08 16:14:11.394] [17092] [HailoRT] [info] [multi_io_elements.cpp:756] [create] Created (AsyncHwEl)
[2026-04-08 16:14:11.395] [17092] [HailoRT] [info] [queue_elements.cpp:450] [create] Created (EntryPushQEl0yolov8m/input_layer1 | timeout: 10s)
[2026-04-08 16:14:11.395] [17092] [HailoRT] [info] [filter_elements.cpp:101] [create] Created (PreInferEl3yolov8m/input_layer1 | Reorder - src_order: RGB4, src_shape: (640, 640, 3), dst_order: NHCW, dst_shape: (640, 640, 3))
[2026-04-08 16:14:11.395] [17092] [HailoRT] [info] [queue_elements.cpp:450] [create] Created (PushQEl3yolov8m/input_layer1 | timeout: 10s)
[2026-04-08 16:14:11.395] [17092] [HailoRT] [info] [multi_io_elements.cpp:135] [create] Created (NmsPPMuxEl0YOLOV8-Post-Process | Op YOLOV8, Name: YOLOV8-Post-Process, Score threshold: 0.001, IoU threshold: 0.70, Classes: 8, Cross classes: false, NMS results order: BY_CLASS, Max bboxes per class: 100, Image height: 640, Image width: 640)
[2026-04-08 16:14:11.395] [17092] [HailoRT] [info] [queue_elements.cpp:942] [create] Created (MultiPushQEl0YOLOV8-Post-Process | timeout: 10s)
[2026-04-08 16:14:11.395] [17092] [HailoRT] [info] [edge_elements.cpp:187] [create] Created (LastAsyncEl0NmsPPMuxEl0YOLOV8-Post-Process)
[2026-04-08 16:14:11.395] [17092] [HailoRT] [info] [pipeline.cpp:891] [print_deep_description] EntryPushQEl0yolov8m/input_layer1 | inputs: user | outputs: PreInferEl3yolov8m/input_layer1(running in thread_id: 17116)
[2026-04-08 16:14:11.395] [17092] [HailoRT] [info] [pipeline.cpp:891] [print_deep_description] PreInferEl3yolov8m/input_layer1 | inputs: EntryPushQEl0yolov8m/input_layer1[0] | outputs: PushQEl3yolov8m/input_layer1
[2026-04-08 16:14:11.395] [17092] [HailoRT] [info] [pipeline.cpp:891] [print_deep_description] PushQEl3yolov8m/input_layer1 | inputs: PreInferEl3yolov8m/input_layer1[0] | outputs: AsyncHwEl(running in thread_id: 17117)
[2026-04-08 16:14:11.395] [17092] [HailoRT] [info] [pipeline.cpp:891] [print_deep_description] AsyncHwEl | inputs: PushQEl3yolov8m/input_layer1[0] | outputs: MultiPushQEl0YOLOV8-Post-Process MultiPushQEl0YOLOV8-Post-Process MultiPushQEl0YOLOV8-Post-Process MultiPushQEl0YOLOV8-Post-Process MultiPushQEl0YOLOV8-Post-Process MultiPushQEl0YOLOV8-Post-Process
[2026-04-08 16:14:11.395] [17092] [HailoRT] [info] [pipeline.cpp:891] [print_deep_description] MultiPushQEl0YOLOV8-Post-Process | inputs: AsyncHwEl[0] AsyncHwEl[1] AsyncHwEl[2] AsyncHwEl[3] AsyncHwEl[4] AsyncHwEl[5] | outputs: NmsPPMuxEl0YOLOV8-Post-Process(running in thread_id: 17118)
[2026-04-08 16:14:11.395] [17092] [HailoRT] [info] [pipeline.cpp:891] [print_deep_description] NmsPPMuxEl0YOLOV8-Post-Process | inputs: MultiPushQEl0YOLOV8-Post-Process[0] | outputs: LastAsyncEl0NmsPPMuxEl0YOLOV8-Post-Process
[2026-04-08 16:14:11.395] [17092] [HailoRT] [info] [pipeline.cpp:891] [print_deep_description] LastAsyncEl0NmsPPMuxEl0YOLOV8-Post-Process | inputs: NmsPPMuxEl0YOLOV8-Post-Process[0] | outputs: user
[2026-04-08 16:14:12.370] [17113] [HailoRT] [info] [hef.cpp:1929] [get_network_group_and_network_name] No name was given. Addressing all networks of default network_group: yolov8m
[2026-04-08 16:16:52.686] [18070] [HailoRT] [info] [vdevice.cpp:523] [create] Creating vdevice with params: device_count: 1, scheduling_algorithm: ROUND_ROBIN, multi_process_service: false
[2026-04-08 16:16:52.697] [18070] [HailoRT] [info] [device.cpp:49] [Device] OS Version: Linux 6.12.62+rpt-rpi-2712 #1 SMP PREEMPT Debian 1:6.12.62-1+rpt1~bookworm (2026-01-19) aarch64
[2026-04-08 16:16:52.713] [18070] [HailoRT] [info] [control.cpp:108] [control__parse_identify_results] firmware_version is: 4.20.0
[2026-04-08 16:16:52.713] [18070] [HailoRT] [info] [vdevice.cpp:651] [create] VDevice Infos: 0001:01:00.0
[2026-04-08 16:16:52.734] [18070] [HailoRT] [info] [hef.cpp:1929] [get_network_group_and_network_name] No name was given. Addressing all networks of default network_group: yolov8m
[2026-04-08 16:16:52.734] [18070] [HailoRT] [info] [hef.cpp:1929] [get_network_group_and_network_name] No name was given. Addressing all networks of default network_group: yolov8m
[2026-04-08 16:16:52.743] [18070] [HailoRT] [info] [internal_buffer_manager.cpp:204] [print_execution_results] Planned internal buffer memory: CMA memory 0, user memory 3037184. memory to edge layer usage factor is 1
[2026-04-08 16:16:52.743] [18070] [HailoRT] [info] [internal_buffer_manager.cpp:212] [print_execution_results] Default Internal buffer planner executed successfully
[2026-04-08 16:16:52.781] [18070] [HailoRT] [info] [device_internal.cpp:57] [configure] Configuring HEF took 43.521871 milliseconds
[2026-04-08 16:16:52.781] [18070] [HailoRT] [info] [vdevice.cpp:749] [configure] Configuring HEF on VDevice took 43.823966 milliseconds
[2026-04-08 16:16:52.781] [18070] [HailoRT] [info] [infer_model.cpp:436] [configure] Configuring network group 'yolov8m' with params: batch size: 0, power mode: PERFORMANCE, latency: NONE
[2026-04-08 16:16:52.781] [18070] [HailoRT] [info] [multi_io_elements.cpp:756] [create] Created (AsyncHwEl)
[2026-04-08 16:16:52.781] [18070] [HailoRT] [info] [queue_elements.cpp:450] [create] Created (EntryPushQEl0yolov8m/input_layer1 | timeout: 10s)
[2026-04-08 16:16:52.781] [18070] [HailoRT] [info] [filter_elements.cpp:101] [create] Created (PreInferEl3yolov8m/input_layer1 | Reorder - src_order: RGB4, src_shape: (640, 640, 3), dst_order: NHCW, dst_shape: (640, 640, 3))
[2026-04-08 16:16:52.781] [18070] [HailoRT] [info] [queue_elements.cpp:450] [create] Created (PushQEl3yolov8m/input_layer1 | timeout: 10s)
[2026-04-08 16:16:52.781] [18070] [HailoRT] [info] [multi_io_elements.cpp:135] [create] Created (NmsPPMuxEl0YOLOV8-Post-Process | Op YOLOV8, Name: YOLOV8-Post-Process, Score threshold: 0.001, IoU threshold: 0.70, Classes: 8, Cross classes: false, NMS results order: BY_CLASS, Max bboxes per class: 100, Image height: 640, Image width: 640)
[2026-04-08 16:16:52.781] [18070] [HailoRT] [info] [queue_elements.cpp:942] [create] Created (MultiPushQEl0YOLOV8-Post-Process | timeout: 10s)
[2026-04-08 16:16:52.781] [18070] [HailoRT] [info] [edge_elements.cpp:187] [create] Created (LastAsyncEl0NmsPPMuxEl0YOLOV8-Post-Process)
[2026-04-08 16:16:52.781] [18070] [HailoRT] [info] [pipeline.cpp:891] [print_deep_description] EntryPushQEl0yolov8m/input_layer1 | inputs: user | outputs: PreInferEl3yolov8m/input_layer1(running in thread_id: 18093)
[2026-04-08 16:16:52.781] [18070] [HailoRT] [info] [pipeline.cpp:891] [print_deep_description] PreInferEl3yolov8m/input_layer1 | inputs: EntryPushQEl0yolov8m/input_layer1[0] | outputs: PushQEl3yolov8m/input_layer1
[2026-04-08 16:16:52.781] [18070] [HailoRT] [info] [pipeline.cpp:891] [print_deep_description] PushQEl3yolov8m/input_layer1 | inputs: PreInferEl3yolov8m/input_layer1[0] | outputs: AsyncHwEl(running in thread_id: 18094)
[2026-04-08 16:16:52.781] [18070] [HailoRT] [info] [pipeline.cpp:891] [print_deep_description] AsyncHwEl | inputs: PushQEl3yolov8m/input_layer1[0] | outputs: MultiPushQEl0YOLOV8-Post-Process MultiPushQEl0YOLOV8-Post-Process MultiPushQEl0YOLOV8-Post-Process MultiPushQEl0YOLOV8-Post-Process MultiPushQEl0YOLOV8-Post-Process MultiPushQEl0YOLOV8-Post-Process
[2026-04-08 16:16:52.781] [18070] [HailoRT] [info] [pipeline.cpp:891] [print_deep_description] MultiPushQEl0YOLOV8-Post-Process | inputs: AsyncHwEl[0] AsyncHwEl[1] AsyncHwEl[2] AsyncHwEl[3] AsyncHwEl[4] AsyncHwEl[5] | outputs: NmsPPMuxEl0YOLOV8-Post-Process(running in thread_id: 18095)
[2026-04-08 16:16:52.781] [18070] [HailoRT] [info] [pipeline.cpp:891] [print_deep_description] NmsPPMuxEl0YOLOV8-Post-Process | inputs: MultiPushQEl0YOLOV8-Post-Process[0] | outputs: LastAsyncEl0NmsPPMuxEl0YOLOV8-Post-Process
[2026-04-08 16:16:52.781] [18070] [HailoRT] [info] [pipeline.cpp:891] [print_deep_description] LastAsyncEl0NmsPPMuxEl0YOLOV8-Post-Process | inputs: NmsPPMuxEl0YOLOV8-Post-Process[0] | outputs: user
[2026-04-08 16:16:53.758] [18090] [HailoRT] [info] [hef.cpp:1929] [get_network_group_and_network_name] No name was given. Addressing all networks of default network_group: yolov8m
[2026-04-08 16:18:07.511] [18070] [HailoRT] [info] [async_infer_runner.cpp:86] [shutdown] Pipeline was aborted. Shutting it down
[2026-04-08 16:18:07.512] [18070] [HailoRT] [info] [queue_elements.cpp:1131] [execute_deactivate] enqueue() in element MultiPushQEl0YOLOV8-Post-Process was aborted, got status = HAILO_SHUTDOWN_EVENT_SIGNALED(57)
[2026-04-08 16:18:07.512] [18070] [HailoRT] [info] [queue_elements.cpp:1131] [execute_deactivate] enqueue() in element MultiPushQEl0YOLOV8-Post-Process was aborted, got status = HAILO_SHUTDOWN_EVENT_SIGNALED(57)
[2026-04-08 16:18:07.512] [18070] [HailoRT] [info] [queue_elements.cpp:1131] [execute_deactivate] enqueue() in element MultiPushQEl0YOLOV8-Post-Process was aborted, got status = HAILO_SHUTDOWN_EVENT_SIGNALED(57)
[2026-04-08 16:18:07.512] [18070] [HailoRT] [info] [queue_elements.cpp:1131] [execute_deactivate] enqueue() in element MultiPushQEl0YOLOV8-Post-Process was aborted, got status = HAILO_SHUTDOWN_EVENT_SIGNALED(57)
[2026-04-08 16:18:07.512] [18070] [HailoRT] [info] [queue_elements.cpp:1131] [execute_deactivate] enqueue() in element MultiPushQEl0YOLOV8-Post-Process was aborted, got status = HAILO_SHUTDOWN_EVENT_SIGNALED(57)
[2026-04-08 16:18:07.512] [18070] [HailoRT] [info] [queue_elements.cpp:1131] [execute_deactivate] enqueue() in element MultiPushQEl0YOLOV8-Post-Process was aborted, got status = HAILO_SHUTDOWN_EVENT_SIGNALED(57)
[2026-04-08 16:18:07.512] [18070] [HailoRT] [info] [queue_elements.cpp:570] [execute_deactivate] enqueue() in element PushQEl3yolov8m/input_layer1 was aborted, got status = HAILO_SHUTDOWN_EVENT_SIGNALED(57)
[2026-04-08 16:18:07.512] [18070] [HailoRT] [info] [queue_elements.cpp:570] [execute_deactivate] enqueue() in element EntryPushQEl0yolov8m/input_layer1 was aborted, got status = HAILO_SHUTDOWN_EVENT_SIGNALED(57)
[2026-04-08 16:18:07.512] [18070] [HailoRT] [info] [queue_elements.cpp:46] [~BaseQueueElement] Queue element EntryPushQEl0yolov8m/input_layer1 has 0 frames in his Queue on destruction
[2026-04-08 16:18:07.512] [18070] [HailoRT] [info] [queue_elements.cpp:46] [~BaseQueueElement] Queue element PushQEl3yolov8m/input_layer1 has 0 frames in his Queue on destruction
[2026-04-08 16:20:20.215] [19222] [HailoRT] [info] [vdevice.cpp:523] [create] Creating vdevice with params: device_count: 1, scheduling_algorithm: ROUND_ROBIN, multi_process_service: false
[2026-04-08 16:20:20.227] [19222] [HailoRT] [info] [device.cpp:49] [Device] OS Version: Linux 6.12.62+rpt-rpi-2712 #1 SMP PREEMPT Debian 1:6.12.62-1+rpt1~bookworm (2026-01-19) aarch64
[2026-04-08 16:20:20.229] [19222] [HailoRT] [info] [control.cpp:108] [control__parse_identify_results] firmware_version is: 4.20.0
[2026-04-08 16:20:20.229] [19222] [HailoRT] [info] [vdevice.cpp:651] [create] VDevice Infos: 0001:01:00.0
[2026-04-08 16:20:20.249] [19222] [HailoRT] [info] [hef.cpp:1929] [get_network_group_and_network_name] No name was given. Addressing all networks of default network_group: yolov8m
[2026-04-08 16:20:20.249] [19222] [HailoRT] [info] [hef.cpp:1929] [get_network_group_and_network_name] No name was given. Addressing all networks of default network_group: yolov8m
[2026-04-08 16:20:20.262] [19222] [HailoRT] [info] [internal_buffer_manager.cpp:204] [print_execution_results] Planned internal buffer memory: CMA memory 0, user memory 3037184. memory to edge layer usage factor is 1
[2026-04-08 16:20:20.262] [19222] [HailoRT] [info] [internal_buffer_manager.cpp:212] [print_execution_results] Default Internal buffer planner executed successfully
[2026-04-08 16:20:20.298] [19222] [HailoRT] [info] [device_internal.cpp:57] [configure] Configuring HEF took 46.139498 milliseconds
[2026-04-08 16:20:20.298] [19222] [HailoRT] [info] [vdevice.cpp:749] [configure] Configuring HEF on VDevice took 46.441034 milliseconds
[2026-04-08 16:20:20.298] [19222] [HailoRT] [info] [infer_model.cpp:436] [configure] Configuring network group 'yolov8m' with params: batch size: 0, power mode: PERFORMANCE, latency: NONE
[2026-04-08 16:20:20.298] [19222] [HailoRT] [info] [multi_io_elements.cpp:756] [create] Created (AsyncHwEl)
[2026-04-08 16:20:20.298] [19222] [HailoRT] [info] [queue_elements.cpp:450] [create] Created (EntryPushQEl0yolov8m/input_layer1 | timeout: 10s)
[2026-04-08 16:20:20.298] [19222] [HailoRT] [info] [filter_elements.cpp:101] [create] Created (PreInferEl3yolov8m/input_layer1 | Reorder - src_order: RGB4, src_shape: (640, 640, 3), dst_order: NHCW, dst_shape: (640, 640, 3))
[2026-04-08 16:20:20.298] [19222] [HailoRT] [info] [queue_elements.cpp:450] [create] Created (PushQEl3yolov8m/input_layer1 | timeout: 10s)
[2026-04-08 16:20:20.298] [19222] [HailoRT] [info] [multi_io_elements.cpp:135] [create] Created (NmsPPMuxEl0YOLOV8-Post-Process | Op YOLOV8, Name: YOLOV8-Post-Process, Score threshold: 0.001, IoU threshold: 0.70, Classes: 8, Cross classes: false, NMS results order: BY_CLASS, Max bboxes per class: 100, Image height: 640, Image width: 640)
[2026-04-08 16:20:20.299] [19222] [HailoRT] [info] [queue_elements.cpp:942] [create] Created (MultiPushQEl0YOLOV8-Post-Process | timeout: 10s)
[2026-04-08 16:20:20.299] [19222] [HailoRT] [info] [edge_elements.cpp:187] [create] Created (LastAsyncEl0NmsPPMuxEl0YOLOV8-Post-Process)
[2026-04-08 16:20:20.299] [19222] [HailoRT] [info] [pipeline.cpp:891] [print_deep_description] EntryPushQEl0yolov8m/input_layer1 | inputs: user | outputs: PreInferEl3yolov8m/input_layer1(running in thread_id: 19245)
[2026-04-08 16:20:20.299] [19222] [HailoRT] [info] [pipeline.cpp:891] [print_deep_description] PreInferEl3yolov8m/input_layer1 | inputs: EntryPushQEl0yolov8m/input_layer1[0] | outputs: PushQEl3yolov8m/input_layer1
[2026-04-08 16:20:20.299] [19222] [HailoRT] [info] [pipeline.cpp:891] [print_deep_description] PushQEl3yolov8m/input_layer1 | inputs: PreInferEl3yolov8m/input_layer1[0] | outputs: AsyncHwEl(running in thread_id: 19246)
[2026-04-08 16:20:20.299] [19222] [HailoRT] [info] [pipeline.cpp:891] [print_deep_description] AsyncHwEl | inputs: PushQEl3yolov8m/input_layer1[0] | outputs: MultiPushQEl0YOLOV8-Post-Process MultiPushQEl0YOLOV8-Post-Process MultiPushQEl0YOLOV8-Post-Process MultiPushQEl0YOLOV8-Post-Process MultiPushQEl0YOLOV8-Post-Process MultiPushQEl0YOLOV8-Post-Process
[2026-04-08 16:20:20.299] [19222] [HailoRT] [info] [pipeline.cpp:891] [print_deep_description] MultiPushQEl0YOLOV8-Post-Process | inputs: AsyncHwEl[0] AsyncHwEl[1] AsyncHwEl[2] AsyncHwEl[3] AsyncHwEl[4] AsyncHwEl[5] | outputs: NmsPPMuxEl0YOLOV8-Post-Process(running in thread_id: 19247)
[2026-04-08 16:20:20.299] [19222] [HailoRT] [info] [pipeline.cpp:891] [print_deep_description] NmsPPMuxEl0YOLOV8-Post-Process | inputs: MultiPushQEl0YOLOV8-Post-Process[0] | outputs: LastAsyncEl0NmsPPMuxEl0YOLOV8-Post-Process
[2026-04-08 16:20:20.299] [19222] [HailoRT] [info] [pipeline.cpp:891] [print_deep_description] LastAsyncEl0NmsPPMuxEl0YOLOV8-Post-Process | inputs: NmsPPMuxEl0YOLOV8-Post-Process[0] | outputs: user
[2026-04-08 16:20:22.220] [19242] [HailoRT] [info] [hef.cpp:1929] [get_network_group_and_network_name] No name was given. Addressing all networks of default network_group: yolov8m
[2026-04-08 16:21:35.205] [19222] [HailoRT] [info] [async_infer_runner.cpp:86] [shutdown] Pipeline was aborted. Shutting it down
[2026-04-08 16:21:35.207] [19222] [HailoRT] [info] [queue_elements.cpp:1131] [execute_deactivate] enqueue() in element MultiPushQEl0YOLOV8-Post-Process was aborted, got status = HAILO_SHUTDOWN_EVENT_SIGNALED(57)
[2026-04-08 16:21:35.207] [19222] [HailoRT] [info] [queue_elements.cpp:1131] [execute_deactivate] enqueue() in element MultiPushQEl0YOLOV8-Post-Process was aborted, got status = HAILO_SHUTDOWN_EVENT_SIGNALED(57)
[2026-04-08 16:21:35.207] [19222] [HailoRT] [info] [queue_elements.cpp:1131] [execute_deactivate] enqueue() in element MultiPushQEl0YOLOV8-Post-Process was aborted, got status = HAILO_SHUTDOWN_EVENT_SIGNALED(57)
[2026-04-08 16:21:35.207] [19222] [HailoRT] [info] [queue_elements.cpp:1131] [execute_deactivate] enqueue() in element MultiPushQEl0YOLOV8-Post-Process was aborted, got status = HAILO_SHUTDOWN_EVENT_SIGNALED(57)
[2026-04-08 16:21:35.207] [19222] [HailoRT] [info] [queue_elements.cpp:1131] [execute_deactivate] enqueue() in element MultiPushQEl0YOLOV8-Post-Process was aborted, got status = HAILO_SHUTDOWN_EVENT_SIGNALED(57)
[2026-04-08 16:21:35.207] [19222] [HailoRT] [info] [queue_elements.cpp:1131] [execute_deactivate] enqueue() in element MultiPushQEl0YOLOV8-Post-Process was aborted, got status = HAILO_SHUTDOWN_EVENT_SIGNALED(57)
[2026-04-08 16:21:35.207] [19222] [HailoRT] [info] [queue_elements.cpp:570] [execute_deactivate] enqueue() in element PushQEl3yolov8m/input_layer1 was aborted, got status = HAILO_SHUTDOWN_EVENT_SIGNALED(57)
[2026-04-08 16:21:35.207] [19222] [HailoRT] [info] [queue_elements.cpp:570] [execute_deactivate] enqueue() in element EntryPushQEl0yolov8m/input_layer1 was aborted, got status = HAILO_SHUTDOWN_EVENT_SIGNALED(57)
[2026-04-08 16:21:35.207] [19222] [HailoRT] [info] [queue_elements.cpp:46] [~BaseQueueElement] Queue element EntryPushQEl0yolov8m/input_layer1 has 0 frames in his Queue on destruction
[2026-04-08 16:21:35.207] [19222] [HailoRT] [info] [queue_elements.cpp:46] [~BaseQueueElement] Queue element PushQEl3yolov8m/input_layer1 has 0 frames in his Queue on destruction
[2026-04-08 16:23:36.930] [20312] [HailoRT] [info] [vdevice.cpp:523] [create] Creating vdevice with params: device_count: 1, scheduling_algorithm: ROUND_ROBIN, multi_process_service: false
[2026-04-08 16:23:36.941] [20312] [HailoRT] [info] [device.cpp:49] [Device] OS Version: Linux 6.12.62+rpt-rpi-2712 #1 SMP PREEMPT Debian 1:6.12.62-1+rpt1~bookworm (2026-01-19) aarch64
[2026-04-08 16:23:36.942] [20312] [HailoRT] [info] [control.cpp:108] [control__parse_identify_results] firmware_version is: 4.20.0
[2026-04-08 16:23:36.942] [20312] [HailoRT] [info] [vdevice.cpp:651] [create] VDevice Infos: 0001:01:00.0
[2026-04-08 16:23:36.962] [20312] [HailoRT] [info] [hef.cpp:1929] [get_network_group_and_network_name] No name was given. Addressing all networks of default network_group: yolov8m
[2026-04-08 16:23:36.962] [20312] [HailoRT] [info] [hef.cpp:1929] [get_network_group_and_network_name] No name was given. Addressing all networks of default network_group: yolov8m
[2026-04-08 16:23:36.974] [20312] [HailoRT] [info] [internal_buffer_manager.cpp:204] [print_execution_results] Planned internal buffer memory: CMA memory 0, user memory 3037184. memory to edge layer usage factor is 1
[2026-04-08 16:23:36.974] [20312] [HailoRT] [info] [internal_buffer_manager.cpp:212] [print_execution_results] Default Internal buffer planner executed successfully
[2026-04-08 16:23:37.013] [20312] [HailoRT] [info] [device_internal.cpp:57] [configure] Configuring HEF took 48.154997 milliseconds
[2026-04-08 16:23:37.013] [20312] [HailoRT] [info] [vdevice.cpp:749] [configure] Configuring HEF on VDevice took 48.456476 milliseconds
[2026-04-08 16:23:37.013] [20312] [HailoRT] [info] [infer_model.cpp:436] [configure] Configuring network group 'yolov8m' with params: batch size: 0, power mode: PERFORMANCE, latency: NONE
[2026-04-08 16:23:37.013] [20312] [HailoRT] [info] [multi_io_elements.cpp:756] [create] Created (AsyncHwEl)
[2026-04-08 16:23:37.013] [20312] [HailoRT] [info] [queue_elements.cpp:450] [create] Created (EntryPushQEl0yolov8m/input_layer1 | timeout: 10s)
[2026-04-08 16:23:37.013] [20312] [HailoRT] [info] [filter_elements.cpp:101] [create] Created (PreInferEl3yolov8m/input_layer1 | Reorder - src_order: RGB4, src_shape: (640, 640, 3), dst_order: NHCW, dst_shape: (640, 640, 3))
[2026-04-08 16:23:37.013] [20312] [HailoRT] [info] [queue_elements.cpp:450] [create] Created (PushQEl3yolov8m/input_layer1 | timeout: 10s)
[2026-04-08 16:23:37.013] [20312] [HailoRT] [info] [multi_io_elements.cpp:135] [create] Created (NmsPPMuxEl0YOLOV8-Post-Process | Op YOLOV8, Name: YOLOV8-Post-Process, Score threshold: 0.001, IoU threshold: 0.70, Classes: 8, Cross classes: false, NMS results order: BY_CLASS, Max bboxes per class: 100, Image height: 640, Image width: 640)
[2026-04-08 16:23:37.014] [20312] [HailoRT] [info] [queue_elements.cpp:942] [create] Created (MultiPushQEl0YOLOV8-Post-Process | timeout: 10s)
[2026-04-08 16:23:37.014] [20312] [HailoRT] [info] [edge_elements.cpp:187] [create] Created (LastAsyncEl0NmsPPMuxEl0YOLOV8-Post-Process)
[2026-04-08 16:23:37.014] [20312] [HailoRT] [info] [pipeline.cpp:891] [print_deep_description] EntryPushQEl0yolov8m/input_layer1 | inputs: user | outputs: PreInferEl3yolov8m/input_layer1(running in thread_id: 20344)
[2026-04-08 16:23:37.014] [20312] [HailoRT] [info] [pipeline.cpp:891] [print_deep_description] PreInferEl3yolov8m/input_layer1 | inputs: EntryPushQEl0yolov8m/input_layer1[0] | outputs: PushQEl3yolov8m/input_layer1
[2026-04-08 16:23:37.014] [20312] [HailoRT] [info] [pipeline.cpp:891] [print_deep_description] PushQEl3yolov8m/input_layer1 | inputs: PreInferEl3yolov8m/input_layer1[0] | outputs: AsyncHwEl(running in thread_id: 20345)
[2026-04-08 16:23:37.014] [20312] [HailoRT] [info] [pipeline.cpp:891] [print_deep_description] AsyncHwEl | inputs: PushQEl3yolov8m/input_layer1[0] | outputs: MultiPushQEl0YOLOV8-Post-Process MultiPushQEl0YOLOV8-Post-Process MultiPushQEl0YOLOV8-Post-Process MultiPushQEl0YOLOV8-Post-Process MultiPushQEl0YOLOV8-Post-Process MultiPushQEl0YOLOV8-Post-Process
[2026-04-08 16:23:37.014] [20312] [HailoRT] [info] [pipeline.cpp:891] [print_deep_description] MultiPushQEl0YOLOV8-Post-Process | inputs: AsyncHwEl[0] AsyncHwEl[1] AsyncHwEl[2] AsyncHwEl[3] AsyncHwEl[4] AsyncHwEl[5] | outputs: NmsPPMuxEl0YOLOV8-Post-Process(running in thread_id: 20346)
[2026-04-08 16:23:37.014] [20312] [HailoRT] [info] [pipeline.cpp:891] [print_deep_description] NmsPPMuxEl0YOLOV8-Post-Process | inputs: MultiPushQEl0YOLOV8-Post-Process[0] | outputs: LastAsyncEl0NmsPPMuxEl0YOLOV8-Post-Process
[2026-04-08 16:23:37.014] [20312] [HailoRT] [info] [pipeline.cpp:891] [print_deep_description] LastAsyncEl0NmsPPMuxEl0YOLOV8-Post-Process | inputs: NmsPPMuxEl0YOLOV8-Post-Process[0] | outputs: user
[2026-04-08 16:23:38.929] [20332] [HailoRT] [info] [hef.cpp:1929] [get_network_group_and_network_name] No name was given. Addressing all networks of default network_group: yolov8m
[2026-04-08 16:24:39.905] [20312] [HailoRT] [info] [async_infer_runner.cpp:86] [shutdown] Pipeline was aborted. Shutting it down
[2026-04-08 16:24:39.907] [20312] [HailoRT] [info] [queue_elements.cpp:1131] [execute_deactivate] enqueue() in element MultiPushQEl0YOLOV8-Post-Process was aborted, got status = HAILO_SHUTDOWN_EVENT_SIGNALED(57)
[2026-04-08 16:24:39.907] [20312] [HailoRT] [info] [queue_elements.cpp:1131] [execute_deactivate] enqueue() in element MultiPushQEl0YOLOV8-Post-Process was aborted, got status = HAILO_SHUTDOWN_EVENT_SIGNALED(57)
[2026-04-08 16:24:39.907] [20312] [HailoRT] [info] [queue_elements.cpp:1131] [execute_deactivate] enqueue() in element MultiPushQEl0YOLOV8-Post-Process was aborted, got status = HAILO_SHUTDOWN_EVENT_SIGNALED(57)
[2026-04-08 16:24:39.907] [20312] [HailoRT] [info] [queue_elements.cpp:1131] [execute_deactivate] enqueue() in element MultiPushQEl0YOLOV8-Post-Process was aborted, got status = HAILO_SHUTDOWN_EVENT_SIGNALED(57)
[2026-04-08 16:24:39.907] [20312] [HailoRT] [info] [queue_elements.cpp:1131] [execute_deactivate] enqueue() in element MultiPushQEl0YOLOV8-Post-Process was aborted, got status = HAILO_SHUTDOWN_EVENT_SIGNALED(57)
[2026-04-08 16:24:39.907] [20312] [HailoRT] [info] [queue_elements.cpp:1131] [execute_deactivate] enqueue() in element MultiPushQEl0YOLOV8-Post-Process was aborted, got status = HAILO_SHUTDOWN_EVENT_SIGNALED(57)
[2026-04-08 16:24:39.907] [20312] [HailoRT] [info] [queue_elements.cpp:570] [execute_deactivate] enqueue() in element PushQEl3yolov8m/input_layer1 was aborted, got status = HAILO_SHUTDOWN_EVENT_SIGNALED(57)
[2026-04-08 16:24:39.907] [20312] [HailoRT] [info] [queue_elements.cpp:570] [execute_deactivate] enqueue() in element EntryPushQEl0yolov8m/input_layer1 was aborted, got status = HAILO_SHUTDOWN_EVENT_SIGNALED(57)
[2026-04-08 16:24:39.907] [20312] [HailoRT] [info] [queue_elements.cpp:46] [~BaseQueueElement] Queue element EntryPushQEl0yolov8m/input_layer1 has 0 frames in his Queue on destruction
[2026-04-08 16:24:39.907] [20312] [HailoRT] [info] [queue_elements.cpp:46] [~BaseQueueElement] Queue element PushQEl3yolov8m/input_layer1 has 0 frames in his Queue on destruction
[2026-04-08 17:20:42.595] [2593] [HailoRT] [info] [vdevice.cpp:523] [create] Creating vdevice with params: device_count: 1, scheduling_algorithm: ROUND_ROBIN, multi_process_service: false
[2026-04-08 17:20:42.607] [2593] [HailoRT] [info] [device.cpp:49] [Device] OS Version: Linux 6.12.62+rpt-rpi-2712 #1 SMP PREEMPT Debian 1:6.12.62-1+rpt1~bookworm (2026-01-19) aarch64
[2026-04-08 17:20:42.608] [2593] [HailoRT] [info] [control.cpp:108] [control__parse_identify_results] firmware_version is: 4.20.0
[2026-04-08 17:20:42.608] [2593] [HailoRT] [info] [vdevice.cpp:651] [create] VDevice Infos: 0001:01:00.0
[2026-04-08 17:20:42.953] [2593] [HailoRT] [info] [hef.cpp:1929] [get_network_group_and_network_name] No name was given. Addressing all networks of default network_group: yolov8m
[2026-04-08 17:20:42.953] [2593] [HailoRT] [info] [hef.cpp:1929] [get_network_group_and_network_name] No name was given. Addressing all networks of default network_group: yolov8m
[2026-04-08 17:20:42.969] [2593] [HailoRT] [info] [internal_buffer_manager.cpp:204] [print_execution_results] Planned internal buffer memory: CMA memory 0, user memory 3037184. memory to edge layer usage factor is 1
[2026-04-08 17:20:42.969] [2593] [HailoRT] [info] [internal_buffer_manager.cpp:212] [print_execution_results] Default Internal buffer planner executed successfully
[2026-04-08 17:20:43.004] [2593] [HailoRT] [info] [device_internal.cpp:57] [configure] Configuring HEF took 41.566802 milliseconds
[2026-04-08 17:20:43.004] [2593] [HailoRT] [info] [vdevice.cpp:749] [configure] Configuring HEF on VDevice took 42.274343 milliseconds
[2026-04-08 17:20:43.004] [2593] [HailoRT] [info] [infer_model.cpp:436] [configure] Configuring network group 'yolov8m' with params: batch size: 0, power mode: PERFORMANCE, latency: NONE
[2026-04-08 17:20:43.006] [2593] [HailoRT] [info] [multi_io_elements.cpp:756] [create] Created (AsyncHwEl)
[2026-04-08 17:20:43.007] [2593] [HailoRT] [info] [queue_elements.cpp:450] [create] Created (EntryPushQEl0yolov8m/input_layer1 | timeout: 10s)
[2026-04-08 17:20:43.007] [2593] [HailoRT] [info] [filter_elements.cpp:101] [create] Created (PreInferEl3yolov8m/input_layer1 | Reorder - src_order: RGB4, src_shape: (640, 640, 3), dst_order: NHCW, dst_shape: (640, 640, 3))
[2026-04-08 17:20:43.007] [2593] [HailoRT] [info] [queue_elements.cpp:450] [create] Created (PushQEl3yolov8m/input_layer1 | timeout: 10s)
[2026-04-08 17:20:43.007] [2593] [HailoRT] [info] [multi_io_elements.cpp:135] [create] Created (NmsPPMuxEl0YOLOV8-Post-Process | Op YOLOV8, Name: YOLOV8-Post-Process, Score threshold: 0.001, IoU threshold: 0.70, Classes: 8, Cross classes: false, NMS results order: BY_CLASS, Max bboxes per class: 100, Image height: 640, Image width: 640)
[2026-04-08 17:20:43.007] [2593] [HailoRT] [info] [queue_elements.cpp:942] [create] Created (MultiPushQEl0YOLOV8-Post-Process | timeout: 10s)
[2026-04-08 17:20:43.007] [2593] [HailoRT] [info] [edge_elements.cpp:187] [create] Created (LastAsyncEl0NmsPPMuxEl0YOLOV8-Post-Process)
[2026-04-08 17:20:43.007] [2593] [HailoRT] [info] [pipeline.cpp:891] [print_deep_description] EntryPushQEl0yolov8m/input_layer1 | inputs: user | outputs: PreInferEl3yolov8m/input_layer1(running in thread_id: 2608)
[2026-04-08 17:20:43.007] [2593] [HailoRT] [info] [pipeline.cpp:891] [print_deep_description] PreInferEl3yolov8m/input_layer1 | inputs: EntryPushQEl0yolov8m/input_layer1[0] | outputs: PushQEl3yolov8m/input_layer1
[2026-04-08 17:20:43.007] [2593] [HailoRT] [info] [pipeline.cpp:891] [print_deep_description] PushQEl3yolov8m/input_layer1 | inputs: PreInferEl3yolov8m/input_layer1[0] | outputs: AsyncHwEl(running in thread_id: 2609)
[2026-04-08 17:20:43.007] [2593] [HailoRT] [info] [pipeline.cpp:891] [print_deep_description] AsyncHwEl | inputs: PushQEl3yolov8m/input_layer1[0] | outputs: MultiPushQEl0YOLOV8-Post-Process MultiPushQEl0YOLOV8-Post-Process MultiPushQEl0YOLOV8-Post-Process MultiPushQEl0YOLOV8-Post-Process MultiPushQEl0YOLOV8-Post-Process MultiPushQEl0YOLOV8-Post-Process
[2026-04-08 17:20:43.007] [2593] [HailoRT] [info] [pipeline.cpp:891] [p[2026-04-08 17:21:16.840] [2703] [HailoRT] [info] [vdevice.cpp:523] [create] Creating vdevice with params: device_count: 1, scheduling_algorithm: ROUND_ROBIN, multi_process_service: false
[2026-04-08 17:21:16.851] [2703] [HailoRT] [info] [device.cpp:49] [Device] OS Version: Linux 6.12.62+rpt-rpi-2712 #1 SMP PREEMPT Debian 1:6.12.62-1+rpt1~bookworm (2026-01-19) aarch64
[2026-04-08 17:21:16.852] [2703] [HailoRT] [info] [control.cpp:108] [control__parse_identify_results] firmware_version is: 4.20.0
[2026-04-08 17:21:16.852] [2703] [HailoRT] [info] [vdevice.cpp:651] [create] VDevice Infos: 0001:01:00.0
[2026-04-08 17:21:16.870] [2703] [HailoRT] [info] [hef.cpp:1929] [get_network_group_and_network_name] No name was given. Addressing all networks of default network_group: yolov8m
[2026-04-08 17:21:16.870] [2703] [HailoRT] [info] [hef.cpp:1929] [get_network_group_and_network_name] No name was given. Addressing all networks of default network_group: yolov8m
[2026-04-08 17:21:16.879] [2703] [HailoRT] [info] [internal_buffer_manager.cpp:204] [print_execution_results] Planned internal buffer memory: CMA memory 0, user memory 3037184. memory to edge layer usage factor is 1
[2026-04-08 17:21:16.879] [2703] [HailoRT] [info] [internal_buffer_manager.cpp:212] [print_execution_results] Default Internal buffer planner executed successfully
[2026-04-08 17:21:16.914] [2703] [HailoRT] [info] [device_internal.cpp:57] [configure] Configuring HEF took 40.860212 milliseconds
[2026-04-08 17:21:16.914] [2703] [HailoRT] [info] [vdevice.cpp:749] [configure] Configuring HEF on VDevice took 41.161268 milliseconds
[2026-04-08 17:21:16.914] [2703] [HailoRT] [info] [infer_model.cpp:436] [configure] Configuring network group 'yolov8m' with params: batch size: 0, power mode: PERFORMANCE, latency: NONE
[2026-04-08 17:21:16.914] [2703] [HailoRT] [info] [multi_io_elements.cpp:756] [create] Created (AsyncHwEl)
[2026-04-08 17:21:16.914] [2703] [HailoRT] [info] [queue_elements.cpp:450] [create] Created (EntryPushQEl0yolov8m/input_layer1 | timeout: 10s)
[2026-04-08 17:21:16.914] [2703] [HailoRT] [info] [filter_elements.cpp:101] [create] Created (PreInferEl3yolov8m/input_layer1 | Reorder - src_order: RGB4, src_shape: (640, 640, 3), dst_order: NHCW, dst_shape: (640, 640, 3))
[2026-04-08 17:21:16.915] [2703] [HailoRT] [info] [queue_elements.cpp:450] [create] Created (PushQEl3yolov8m/input_layer1 | timeout: 10s)
[2026-04-08 17:21:16.915] [2703] [HailoRT] [info] [multi_io_elements.cpp:135] [create] Created (NmsPPMuxEl0YOLOV8-Post-Process | Op YOLOV8, Name: YOLOV8-Post-Process, Score threshold: 0.001, IoU threshold: 0.70, Classes: 8, Cross classes: false, NMS results order: BY_CLASS, Max bboxes per class: 100, Image height: 640, Image width: 640)
[2026-04-08 17:21:16.915] [2703] [HailoRT] [info] [queue_elements.cpp:942] [create] Created (MultiPushQEl0YOLOV8-Post-Process | timeout: 10s)
[2026-04-08 17:21:16.915] [2703] [HailoRT] [info] [edge_elements.cpp:187] [create] Created (LastAsyncEl0NmsPPMuxEl0YOLOV8-Post-Process)
[2026-04-08 17:21:16.915] [2703] [HailoRT] [info] [pipeline.cpp:891] [print_deep_description] EntryPushQEl0yolov8m/input_layer1 | inputs: user | outputs: PreInferEl3yolov8m/input_layer1(running in thread_id: 2719)
[2026-04-08 17:21:16.915] [2703] [HailoRT] [info] [pipeline.cpp:891] [print_deep_description] PreInferEl3yolov8m/input_layer1 | inputs: EntryPushQEl0yolov8m/input_layer1[0] | outputs: PushQEl3yolov8m/input_layer1
[2026-04-08 17:21:16.915] [2703] [HailoRT] [info] [pipeline.cpp:891] [print_deep_description] PushQEl3yolov8m/input_layer1 | inputs: PreInferEl3yolov8m/input_layer1[0] | outputs: AsyncHwEl(running in thread_id: 2720)
[2026-04-08 17:21:16.915] [2703] [HailoRT] [info] [pipeline.cpp:891] [print_deep_description] AsyncHwEl | inputs: PushQEl3yolov8m/input_layer1[0] | outputs: MultiPushQEl0YOLOV8-Post-Process MultiPushQEl0YOLOV8-Post-Process MultiPushQEl0YOLOV8-Post-Process MultiPushQEl0YOLOV8-Post-Process MultiPushQEl0YOLOV8-Post-Process MultiPushQEl0YOLOV8-Post-Process
[2026-04-08 17:21:16.915] [2703] [HailoRT] [info] [pipeline.cpp:891] [print_deep_description] MultiPushQEl0YOLOV8-Post-Process | inputs: AsyncHwEl[0] AsyncHwEl[1] AsyncHwEl[2] AsyncHwEl[3] AsyncHwEl[4] AsyncHwEl[5] | outputs: NmsPPMuxEl0YOLOV8-Post-Process(running in thread_id: 2721)
[2026-04-08 17:21:16.915] [2703] [HailoRT] [info] [pipeline.cpp:891] [print_deep_description] NmsPPMuxEl0YOLOV8-Post-Process | inputs: MultiPushQEl0YOLOV8-Post-Process[0] | outputs: LastAsyncEl0NmsPPMuxEl0YOLOV8-Post-Process
[2026-04-08 17:21:16.915] [2703] [HailoRT] [info] [pipeline.cpp:891] [print_deep_description] LastAsyncEl0NmsPPMuxEl0YOLOV8-Post-Process | inputs: NmsPPMuxEl0YOLOV8-Post-Process[0] | outputs: user
[2026-04-08 17:21:18.964] [2716] [HailoRT] [info] [hef.cpp:1929] [get_network_group_and_network_name] No name was given. Addressing all networks of default network_group: yolov8m
[2026-04-08 17:21:59.269] [2830] [HailoRT] [info] [vdevice.cpp:523] [create] Creating vdevice with params: device_count: 1, scheduling_algorithm: ROUND_ROBIN, multi_process_service: false
[2026-04-08 17:21:59.279] [2830] [HailoRT] [info] [device.cpp:49] [Device] OS Version: Linux 6.12.62+rpt-rpi-2712 #1 SMP PREEMPT Debian 1:6.12.62-1+rpt1~bookworm (2026-01-19) aarch64
[2026-04-08 17:21:59.280] [2830] [HailoRT] [info] [control.cpp:108] [control__parse_identify_results] firmware_version is: 4.20.0
[2026-04-08 17:21:59.280] [2830] [HailoRT] [info] [vdevice.cpp:651] [create] VDevice Infos: 0001:01:00.0
[2026-04-08 17:21:59.299] [2830] [HailoRT] [info] [hef.cpp:1929] [get_network_group_and_network_name] No name was given. Addressing all networks of default network_group: yolov8m
[2026-04-08 17:21:59.299] [2830] [HailoRT] [info] [hef.cpp:1929] [get_network_group_and_network_name] No name was given. Addressing all networks of default network_group: yolov8m
[2026-04-08 17:21:59.308] [2830] [HailoRT] [info] [internal_buffer_manager.cpp:204] [print_execution_results] Planned internal buffer memory: CMA memory 0, user memory 3037184. memory to edge layer usage factor is 1
[2026-04-08 17:21:59.308] [2830] [HailoRT] [info] [internal_buffer_manager.cpp:212] [print_execution_results] Default Internal buffer planner executed successfully
[2026-04-08 17:21:59.343] [2830] [HailoRT] [info] [device_internal.cpp:57] [configure] Configuring HEF took 40.899263 milliseconds
[2026-04-08 17:21:59.343] [2830] [HailoRT] [info] [vdevice.cpp:749] [configure] Configuring HEF on VDevice took 41.202726 milliseconds
[2026-04-08 17:21:59.343] [2830] [HailoRT] [info] [infer_model.cpp:436] [configure] Configuring network group 'yolov8m' with params: batch size: 0, power mode: PERFORMANCE, latency: NONE
[2026-04-08 17:21:59.343] [2830] [HailoRT] [info] [multi_io_elements.cpp:756] [create] Created (AsyncHwEl)
[2026-04-08 17:21:59.343] [2830] [HailoRT] [info] [queue_elements.cpp:450] [create] Created (EntryPushQEl0yolov8m/input_layer1 | timeout: 10s)
[2026-04-08 17:21:59.343] [2830] [HailoRT] [info] [filter_elements.cpp:101] [create] Created (PreInferEl3yolov8m/input_layer1 | Reorder - src_order: RGB4, src_shape: (640, 640, 3), dst_order: NHCW, dst_shape: (640, 640, 3))
[2026-04-08 17:21:59.343] [2830] [HailoRT] [info] [queue_elements.cpp:450] [create] Created (PushQEl3yolov8m/input_layer1 | timeout: 10s)
[2026-04-08 17:21:59.343] [2830] [HailoRT] [info] [multi_io_elements.cpp:135] [create] Created (NmsPPMuxEl0YOLOV8-Post-Process | Op YOLOV8, Name: YOLOV8-Post-Process, Score threshold: 0.001, IoU threshold: 0.70, Classes: 8, Cross classes: false, NMS results order: BY_CLASS, Max bboxes per class: 100, Image height: 640, Image width: 640)
[2026-04-08 17:21:59.343] [2830] [HailoRT] [info] [queue_elements.cpp:942] [create] Created (MultiPushQEl0YOLOV8-Post-Process | timeout: 10s)
[2026-04-08 17:21:59.343] [2830] [HailoRT] [info] [edge_elements.cpp:187] [create] Created (LastAsyncEl0NmsPPMuxEl0YOLOV8-Post-Process)
[2026-04-08 17:21:59.343] [2830] [HailoRT] [info] [pipeline.cpp:891] [print_deep_description] EntryPushQEl0yolov8m/input_layer1 | inputs: user | outputs: PreInferEl3yolov8m/input_layer1(running in thread_id: 2846)
[2026-04-08 17:21:59.343] [2830] [HailoRT] [info] [pipeline.cpp:891] [print_deep_description] PreInferEl3yolov8m/input_layer1 | inputs: EntryPushQEl0yolov8m/input_layer1[0] | outputs: PushQEl3yolov8m/input_layer1
[2026-04-08 17:21:59.343] [2830] [HailoRT] [info] [pipeline.cpp:891] [print_deep_description] PushQEl3yolov8m/input_layer1 | inputs: PreInferEl3yolov8m/input_layer1[0] | outputs: AsyncHwEl(running in thread_id: 2847)
[2026-04-08 17:21:59.343] [2830] [HailoRT] [info] [pipeline.cpp:891] [print_deep_description] AsyncHwEl | inputs: PushQEl3yolov8m/input_layer1[0] | outputs: MultiPushQEl0YOLOV8-Post-Process MultiPushQEl0YOLOV8-Post-Process MultiPushQEl0YOLOV8-Post-Process MultiPushQEl0YOLOV8-Post-Process MultiPushQEl0YOLOV8-Post-Process MultiPushQEl0YOLOV8-Post-Process
[2026-04-08 17:21:59.343] [2830] [HailoRT] [info] [pipeline.cpp:891] [print_deep_description] MultiPushQEl0YOLOV8-Post-Process | inputs: AsyncHwEl[0] AsyncHwEl[1] AsyncHwEl[2] AsyncHwEl[3] AsyncHwEl[4] AsyncHwEl[5] | outputs: NmsPPMuxEl0YOLOV8-Post-Process(running in thread_id: 2848)
[2026-04-08 17:21:59.343] [2830] [HailoRT] [info] [pipeline.cpp:891] [print_deep_description] NmsPPMuxEl0YOLOV8-Post-Process | inputs: MultiPushQEl0YOLOV8-Post-Process[0] | outputs: LastAsyncEl0NmsPPMuxEl0YOLOV8-Post-Process
[2026-04-08 17:21:59.343] [2830] [HailoRT] [info] [pipeline.cpp:891] [print_deep_description] LastAsyncEl0NmsPPMuxEl0YOLOV8-Post-Process | inputs: NmsPPMuxEl0YOLOV8-Post-Process[0] | outputs: user
[2026-04-08 17:22:01.225] [2843] [HailoRT] [info] [hef.cpp:1929] [get_network_group_and_network_name] No name was given. Addressing all networks of default network_group: yolov8m
[2026-04-08 17:23:13.376] [2830] [HailoRT] [info] [async_infer_runner.cpp:86] [shutdown] Pipeline was aborted. Shutting it down
[2026-04-08 17:23:13.377] [2830] [HailoRT] [info] [queue_elements.cpp:1131] [execute_deactivate] enqueue() in element MultiPushQEl0YOLOV8-Post-Process was aborted, got status = HAILO_SHUTDOWN_EVENT_SIGNALED(57)
[2026-04-08 17:23:13.377] [2830] [HailoRT] [info] [queue_elements.cpp:1131] [execute_deactivate] enqueue() in element MultiPushQEl0YOLOV8-Post-Process was aborted, got status = HAILO_SHUTDOWN_EVENT_SIGNALED(57)
[2026-04-08 17:23:13.377] [2830] [HailoRT] [info] [queue_elements.cpp:1131] [execute_deactivate] enqueue() in element MultiPushQEl0YOLOV8-Post-Process was aborted, got status = HAILO_SHUTDOWN_EVENT_SIGNALED(57)
[2026-04-08 17:23:13.377] [2830] [HailoRT] [info] [queue_elements.cpp:1131] [execute_deactivate] enqueue() in element MultiPushQEl0YOLOV8-Post-Process was aborted, got status = HAILO_SHUTDOWN_EVENT_SIGNALED(57)
[2026-04-08 17:23:13.377] [2830] [HailoRT] [info] [queue_elements.cpp:1131] [execute_deactivate] enqueue() in element MultiPushQEl0YOLOV8-Post-Process was aborted, got status = HAILO_SHUTDOWN_EVENT_SIGNALED(57)
[2026-04-08 17:23:13.377] [2830] [HailoRT] [info] [queue_elements.cpp:1131] [execute_deactivate] enqueue() in element MultiPushQEl0YOLOV8-Post-Process was aborted, got status = HAILO_SHUTDOWN_EVENT_SIGNALED(57)
[2026-04-08 17:23:13.377] [2830] [HailoRT] [info] [queue_elements.cpp:570] [execute_deactivate] enqueue() in element PushQEl3yolov8m/input_layer1 was aborted, got status = HAILO_SHUTDOWN_EVENT_SIGNALED(57)
[2026-04-08 17:23:13.377] [2830] [HailoRT] [info] [queue_elements.cpp:570] [execute_deactivate] enqueue() in element EntryPushQEl0yolov8m/input_layer1 was aborted, got status = HAILO_SHUTDOWN_EVENT_SIGNALED(57)
[2026-04-08 17:23:13.377] [2830] [HailoRT] [info] [queue_elements.cpp:46] [~BaseQueueElement] Queue element EntryPushQEl0yolov8m/input_layer1 has 0 frames in his Queue on destruction
[2026-04-08 17:23:13.377] [2830] [HailoRT] [info] [queue_elements.cpp:46] [~BaseQueueElement] Queue element PushQEl3yolov8m/input_layer1 has 0 frames in his Queue on destruction
[2026-04-09 19:05:44.712] [4296] [HailoRT] [info] [vdevice.cpp:523] [create] Creating vdevice with params: device_count: 1, scheduling_algorithm: ROUND_ROBIN, multi_process_service: false
[2026-04-09 19:05:44.724] [4296] [HailoRT] [info] [device.cpp:49] [Device] OS Version: Linux 6.12.62+rpt-rpi-2712 #1 SMP PREEMPT Debian 1:6.12.62-1+rpt1~bookworm (2026-01-19) aarch64
[2026-04-09 19:05:44.725] [4296] [HailoRT] [info] [control.cpp:108] [control__parse_identify_results] firmware_version is: 4.20.0
[2026-04-09 19:05:44.725] [4296] [HailoRT] [info] [vdevice.cpp:651] [create] VDevice Infos: 0001:01:00.0
[2026-04-09 19:05:45.078] [4296] [HailoRT] [info] [hef.cpp:1929] [get_network_group_and_network_name] No name was given. Addressing all networks of default network_group: yolov8m
[2026-04-09 19:05:45.078] [4296] [HailoRT] [info] [hef.cpp:1929] [get_network_group_and_network_name] No name was given. Addressing all networks of default network_group: yolov8m
[2026-04-09 19:05:45.101] [4296] [HailoRT] [info] [internal_buffer_manager.cpp:204] [print_execution_results] Planned internal buffer memory: CMA memory 0, user memory 3037184. memory to edge layer usage factor is 1
[2026-04-09 19:05:45.101] [4296] [HailoRT] [info] [internal_buffer_manager.cpp:212] [print_execution_results] Default Internal buffer planner executed successfully
[2026-04-09 19:05:45.165] [4296] [HailoRT] [info] [device_internal.cpp:57] [configure] Configuring HEF took 73.382113 milliseconds
[2026-04-09 19:05:45.165] [4296] [HailoRT] [info] [vdevice.cpp:749] [configure] Configuring HEF on VDevice took 74.66271 milliseconds
[2026-04-09 19:05:45.165] [4296] [HailoRT] [info] [infer_model.cpp:436] [configure] Configuring network group 'yolov8m' with params: batch size: 0, power mode: PERFORMANCE, latency: NONE
[2026-04-09 19:05:45.167] [4296] [HailoRT] [info] [multi_io_elements.cpp:756] [create] Created (AsyncHwEl)
[2026-04-09 19:05:45.168] [4296] [HailoRT] [info] [queue_elements.cpp:450] [create] Created (EntryPushQEl0yolov8m/input_layer1 | timeout: 10s)
[2026-04-09 19:05:45.168] [4296] [HailoRT] [info] [filter_elements.cpp:101] [create] Created (PreInferEl3yolov8m/input_layer1 | Reorder - src_order: RGB4, src_shape: (640, 640, 3), dst_order: NHCW, dst_shape: (640, 640, 3))
[2026-04-09 19:05:45.169] [4296] [HailoRT] [info] [queue_elements.cpp:450] [create] Created (PushQEl3yolov8m/input_layer1 | timeout: 10s)
[2026-04-09 19:05:45.169] [4296] [HailoRT] [info] [multi_io_elements.cpp:135] [create] Created (NmsPPMuxEl0YOLOV8-Post-Process | Op YOLOV8, Name: YOLOV8-Post-Process, Score threshold: 0.001, IoU threshold: 0.70, Classes: 8, Cross classes: false, NMS results order: BY_CLASS, Max bboxes per class: 100, Image height: 640, Image width: 640)
[2026-04-09 19:05:45.173] [4296] [HailoRT] [info] [queue_elements.cpp:942] [create] Created (MultiPushQEl0YOLOV8-Post-Process | timeout: 10s)
[2026-04-09 19:05:45.173] [4296] [HailoRT] [info] [edge_elements.cpp:187] [create] Created (LastAsyncEl0NmsPPMuxEl0YOLOV8-Post-Process)
[2026-04-09 19:05:45.173] [4296] [HailoRT] [info] [pipeline.cpp:891] [print_deep_description] EntryPushQEl0yolov8m/input_layer1 | inputs: user | outputs: PreInferEl3yolov8m/input_layer1(running in thread_id: 4346)
[2026-04-09 19:05:45.174] [4296] [HailoRT] [info] [pipeline.cpp:891] [print_deep_description] PreInferEl3yolov8m/input_layer1 | inputs: EntryPushQEl0yolov8m/input_layer1[0] | outputs: PushQEl3yolov8m/input_layer1
[2026-04-09 19:05:45.174] [4296] [HailoRT] [info] [pipeline.cpp:891] [print_deep_description] PushQEl3yolov8m/input_layer1 | inputs: PreInferEl3yolov8m/input_layer1[0] | outputs: AsyncHwEl(running in thread_id: 4347)
[2026-04-09 19:05:45.174] [4296] [HailoRT] [info] [pipeline.cpp:891] [print_deep_description] AsyncHwEl | inputs: PushQEl3yolov8m/input_layer1[0] | outputs: MultiPushQEl0YOLOV8-Post-Process MultiPushQEl0YOLOV8-Post-Process MultiPushQEl0YOLOV8-Post-Process MultiPushQEl0YOLOV8-Post-Process MultiPushQEl0YOLOV8-Post-Process MultiPushQEl0YOLOV8-Post-Process
[2026-04-09 19:05:45.174] [4296] [HailoRT] [info] [pipeline.cpp:891] [print_deep_description] MultiPushQEl0YOLOV8-Post-Process | inputs: AsyncHwEl[0] AsyncHwEl[1] AsyncHwEl[2] AsyncHwEl[3] AsyncHwEl[4] AsyncHwEl[5] | outputs: NmsPPMuxEl0YOLOV8-Post-Process(running in thread_id: 4348)
[2026-04-09 19:05:45.175] [4296] [HailoRT] [info] [pipeline.cpp:891] [print_deep_description] NmsPPMuxEl0YOLOV8-Post-Process | inputs: MultiPushQEl0YOLOV8-Post-Process[0] | outputs: LastAsyncEl0NmsPPMuxEl0YOLOV8-Post-Process
[2026-04-09 19:05:45.175] [4296] [HailoRT] [info] [pipeline.cpp:891] [print_deep_description] LastAsyncEl0NmsPPMuxEl0YOLOV8-Post-Process | inputs: NmsPPMuxEl0YOLOV8-Post-Process[0] | outputs: user
[2026-04-09 19:05:46.275] [4342] [HailoRT] [info] [hef.cpp:1929] [get_network_group_and_network_name] No name was given. Addressing all networks of default network_group: yolov8m
[2026-04-09 19:09:08.423] [5461] [HailoRT] [info] [vdevice.cpp:523] [create] Creating vdevice with params: device_count: 1, scheduling_algorithm: ROUND_ROBIN, multi_process_service: false
[2026-04-09 19:09:08.438] [5461] [HailoRT] [info] [device.cpp:49] [Device] OS Version: Linux 6.12.62+rpt-rpi-2712 #1 SMP PREEMPT Debian 1:6.12.62-1+rpt1~bookworm (2026-01-19) aarch64
[2026-04-09 19:09:08.444] [5461] [HailoRT] [info] [control.cpp:108] [control__parse_identify_results] firmware_version is: 4.20.0
[2026-04-09 19:09:08.444] [5461] [HailoRT] [info] [vdevice.cpp:651] [create] VDevice Infos: 0001:01:00.0
[2026-04-09 19:09:08.481] [5461] [HailoRT] [info] [hef.cpp:1929] [get_network_group_and_network_name] No name was given. Addressing all networks of default network_group: yolov8m
[2026-04-09 19:09:08.481] [5461] [HailoRT] [info] [hef.cpp:1929] [get_network_group_and_network_name] No name was given. Addressing all networks of default network_group: yolov8m
[2026-04-09 19:09:08.495] [5461] [HailoRT] [info] [internal_buffer_manager.cpp:204] [print_execution_results] Planned internal buffer memory: CMA memory 0, user memory 3037184. memory to edge layer usage factor is 1
[2026-04-09 19:09:08.495] [5461] [HailoRT] [info] [internal_buffer_manager.cpp:212] [print_execution_results] Default Internal buffer planner executed successfully
[2026-04-09 19:09:08.531] [5461] [HailoRT] [info] [device_internal.cpp:57] [configure] Configuring HEF took 47.076108 milliseconds
[2026-04-09 19:09:08.531] [5461] [HailoRT] [info] [vdevice.cpp:749] [configure] Configuring HEF on VDevice took 47.375664 milliseconds
[2026-04-09 19:09:08.531] [5461] [HailoRT] [info] [infer_model.cpp:436] [configure] Configuring network group 'yolov8m' with params: batch size: 0, power mode: PERFORMANCE, latency: NONE
[2026-04-09 19:09:08.531] [5461] [HailoRT] [info] [multi_io_elements.cpp:756] [create] Created (AsyncHwEl)
[2026-04-09 19:09:08.531] [5461] [HailoRT] [info] [queue_elements.cpp:450] [create] Created (EntryPushQEl0yolov8m/input_layer1 | timeout: 10s)
[2026-04-09 19:09:08.531] [5461] [HailoRT] [info] [filter_elements.cpp:101] [create] Created (PreInferEl3yolov8m/input_layer1 | Reorder - src_order: RGB4, src_shape: (640, 640, 3), dst_order: NHCW, dst_shape: (640, 640, 3))
[2026-04-09 19:09:08.531] [5461] [HailoRT] [info] [queue_elements.cpp:450] [create] Created (PushQEl3yolov8m/input_layer1 | timeout: 10s)
[2026-04-09 19:09:08.532] [5461] [HailoRT] [info] [multi_io_elements.cpp:135] [create] Created (NmsPPMuxEl0YOLOV8-Post-Process | Op YOLOV8, Name: YOLOV8-Post-Process, Score threshold: 0.001, IoU threshold: 0.70, Classes: 8, Cross classes: false, NMS results order: BY_CLASS, Max bboxes per class: 100, Image height: 640, Image width: 640)
[2026-04-09 19:09:08.532] [5461] [HailoRT] [info] [queue_elements.cpp:942] [create] Created (MultiPushQEl0YOLOV8-Post-Process | timeout: 10s)
[2026-04-09 19:09:08.532] [5461] [HailoRT] [info] [edge_elements.cpp:187] [create] Created (LastAsyncEl0NmsPPMuxEl0YOLOV8-Post-Process)
[2026-04-09 19:09:08.532] [5461] [HailoRT] [info] [pipeline.cpp:891] [print_deep_description] EntryPushQEl0yolov8m/input_layer1 | inputs: user | outputs: PreInferEl3yolov8m/input_layer1(running in thread_id: 5484)
[2026-04-09 19:09:08.532] [5461] [HailoRT] [info] [pipeline.cpp:891] [print_deep_description] PreInferEl3yolov8m/input_layer1 | inputs: EntryPushQEl0yolov8m/input_layer1[0] | outputs: PushQEl3yolov8m/input_layer1
[2026-04-09 19:09:08.532] [5461] [HailoRT] [info] [pipeline.cpp:891] [print_deep_description] PushQEl3yolov8m/input_layer1 | inputs: PreInferEl3yolov8m/input_layer1[0] | outputs: AsyncHwEl(running in thread_id: 5485)
[2026-04-09 19:09:08.532] [5461] [HailoRT] [info] [pipeline.cpp:891] [print_deep_description] AsyncHwEl | inputs: PushQEl3yolov8m/input_layer1[0] | outputs: MultiPushQEl0YOLOV8-Post-Process MultiPushQEl0YOLOV8-Post-Process MultiPushQEl0YOLOV8-Post-Process MultiPushQEl0YOLOV8-Post-Process MultiPushQEl0YOLOV8-Post-Process MultiPushQEl0YOLOV8-Post-Process
[2026-04-09 19:09:08.532] [5461] [HailoRT] [info] [pipeline.cpp:891] [print_deep_description] MultiPushQEl0YOLOV8-Post-Process | inputs: AsyncHwEl[0] AsyncHwEl[1] AsyncHwEl[2] AsyncHwEl[3] AsyncHwEl[4] AsyncHwEl[5] | outputs: NmsPPMuxEl0YOLOV8-Post-Process(running in thread_id: 5486)
[2026-04-09 19:09:08.532] [5461] [HailoRT] [info] [pipeline.cpp:891] [print_deep_description] NmsPPMuxEl0YOLOV8-Post-Process | inputs: MultiPushQEl0YOLOV8-Post-Process[0] | outputs: LastAsyncEl0NmsPPMuxEl0YOLOV8-Post-Process
[2026-04-09 19:09:08.532] [5461] [HailoRT] [info] [pipeline.cpp:891] [print_deep_description] LastAsyncEl0NmsPPMuxEl0YOLOV8-Post-Process | inputs: NmsPPMuxEl0YOLOV8-Post-Process[0] | outputs: user
[2026-04-09 19:09:09.474] [5481] [HailoRT] [info] [hef.cpp:1929] [get_network_group_and_network_name] No name was given. Addressing all networks of default network_group: yolov8m
[2026-04-09 19:10:21.395] [5461] [HailoRT] [info] [async_infer_runner.cpp:86] [shutdown] Pipeline was aborted. Shutting it down
[2026-04-09 19:10:21.396] [5461] [HailoRT] [info] [queue_elements.cpp:1131] [execute_deactivate] enqueue() in element MultiPushQEl0YOLOV8-Post-Process was aborted, got status = HAILO_SHUTDOWN_EVENT_SIGNALED(57)
[2026-04-09 19:10:21.396] [5461] [HailoRT] [info] [queue_elements.cpp:1131] [execute_deactivate] enqueue() in element MultiPushQEl0YOLOV8-Post-Process was aborted, got status = HAILO_SHUTDOWN_EVENT_SIGNALED(57)
[2026-04-09 19:10:21.396] [5461] [HailoRT] [info] [queue_elements.cpp:1131] [execute_deactivate] enqueue() in element MultiPushQEl0YOLOV8-Post-Process was aborted, got status = HAILO_SHUTDOWN_EVENT_SIGNALED(57)
[2026-04-09 19:10:21.396] [5461] [HailoRT] [info] [queue_elements.cpp:1131] [execute_deactivate] enqueue() in element MultiPushQEl0YOLOV8-Post-Process was aborted, got status = HAILO_SHUTDOWN_EVENT_SIGNALED(57)
[2026-04-09 19:10:21.396] [5461] [HailoRT] [info] [queue_elements.cpp:1131] [execute_deactivate] enqueue() in element MultiPushQEl0YOLOV8-Post-Process was aborted, got status = HAILO_SHUTDOWN_EVENT_SIGNALED(57)
[2026-04-09 19:10:21.396] [5461] [HailoRT] [info] [queue_elements.cpp:1131] [execute_deactivate] enqueue() in element MultiPushQEl0YOLOV8-Post-Process was aborted, got status = HAILO_SHUTDOWN_EVENT_SIGNALED(57)
[2026-04-09 19:10:21.396] [5461] [HailoRT] [info] [queue_elements.cpp:570] [execute_deactivate] enqueue() in element PushQEl3yolov8m/input_layer1 was aborted, got status = HAILO_SHUTDOWN_EVENT_SIGNALED(57)
[2026-04-09 19:10:21.396] [5461] [HailoRT] [info] [queue_elements.cpp:570] [execute_deactivate] enqueue() in element EntryPushQEl0yolov8m/input_layer1 was aborted, got status = HAILO_SHUTDOWN_EVENT_SIGNALED(57)
[2026-04-09 19:10:21.396] [5461] [HailoRT] [info] [queue_elements.cpp:46] [~BaseQueueElement] Queue element EntryPushQEl0yolov8m/input_layer1 has 0 frames in his Queue on destruction
[2026-04-09 19:10:21.396] [5461] [HailoRT] [info] [queue_elements.cpp:46] [~BaseQueueElement] Queue element PushQEl3yolov8m/input_layer1 has 0 frames in his Queue on destruction
[2026-04-09 19:35:17.273] [5406] [HailoRT] [info] [vdevice.cpp:523] [create] Creating vdevice with params: device_count: 1, scheduling_algorithm: ROUND_ROBIN, multi_process_service: false
[2026-04-09 19:35:17.285] [5406] [HailoRT] [info] [device.cpp:49] [Device] OS Version: Linux 6.12.62+rpt-rpi-2712 #1 SMP PREEMPT Debian 1:6.12.62-1+rpt1~bookworm (2026-01-19) aarch64
[2026-04-09 19:35:17.287] [5406] [HailoRT] [info] [control.cpp:108] [control__parse_identify_results] firmware_version is: 4.20.0
[2026-04-09 19:35:17.287] [5406] [HailoRT] [info] [vdevice.cpp:651] [create] VDevice Infos: 0001:01:00.0
[2026-04-09 19:35:17.629] [5406] [HailoRT] [info] [hef.cpp:1929] [get_network_group_and_network_name] No name was given. Addressing all networks of default network_group: yolov8m
[2026-04-09 19:35:17.629] [5406] [HailoRT] [info] [hef.cpp:1929] [get_network_group_and_network_name] No name was given. Addressing all networks of default network_group: yolov8m
[2026-04-09 19:35:17.646] [5406] [HailoRT] [info] [internal_buffer_manager.cpp:204] [print_execution_results] Planned internal buffer memory: CMA memory 0, user memory 3037184. memory to edge layer usage factor is 1
[2026-04-09 19:35:17.646] [5406] [HailoRT] [info] [internal_buffer_manager.cpp:212] [print_execution_results] Default Internal buffer planner executed successfully
[2026-04-09 19:35:17.681] [5406] [HailoRT] [info] [device_internal.cpp:57] [configure] Configuring HEF took 42.111537 milliseconds
[2026-04-09 19:35:17.681] [5406] [HailoRT] [info] [vdevice.cpp:749] [configure] Configuring HEF on VDevice took 42.815408 milliseconds
[2026-04-09 19:35:17.681] [5406] [HailoRT] [info] [infer_model.cpp:436] [configure] Configuring network group 'yolov8m' with params: batch size: 0, power mode: PERFORMANCE, latency: NONE
[2026-04-09 19:35:17.683] [5406] [HailoRT] [info] [multi_io_elements.cpp:756] [create] Created (AsyncHwEl)
[2026-04-09 19:35:17.684] [5406] [HailoRT] [info] [queue_elements.cpp:450] [create] Created (EntryPushQEl0yolov8m/input_layer1 | timeout: 10s)
[2026-04-09 19:35:17.684] [5406] [HailoRT] [info] [filter_elements.cpp:101] [create] Created (PreInferEl3yolov8m/input_layer1 | Reorder - src_order: RGB4, src_shape: (640, 640, 3), dst_order: NHCW, dst_shape: (640, 640, 3))
[2026-04-09 19:35:17.684] [5406] [HailoRT] [info] [queue_elements.cpp:450] [create] Created (PushQEl3yolov8m/input_layer1 | timeout: 10s)
[2026-04-09 19:35:17.684] [5406] [HailoRT] [info] [multi_io_elements.cpp:135] [create] Created (NmsPPMuxEl0YOLOV8-Post-Process | Op YOLOV8, Name: YOLOV8-Post-Process, Score threshold: 0.001, IoU threshold: 0.70, Classes: 8, Cross classes: false, NMS results order: BY_CLASS, Max bboxes per class: 100, Image height: 640, Image width: 640)
[2026-04-09 19:35:17.684] [5406] [HailoRT] [info] [queue_elements.cpp:942] [create] Created (MultiPushQEl0YOLOV8-Post-Process | timeout: 10s)
[2026-04-09 19:35:17.684] [5406] [HailoRT] [info] [edge_elements.cpp:187] [create] Created (LastAsyncEl0NmsPPMuxEl0YOLOV8-Post-Process)
[2026-04-09 19:35:17.684] [5406] [HailoRT] [info] [pipeline.cpp:891] [print_deep_description] EntryPushQEl0yolov8m/input_layer1 | inputs: user | outputs: PreInferEl3yolov8m/input_layer1(running in thread_id: 5428)
[2026-04-09 19:35:17.685] [5406] [HailoRT] [info] [pipeline.cpp:891] [print_deep_description] PreInferEl3yolov8m/input_layer1 | inputs: EntryPushQEl0yolov8m/input_layer1[0] | outputs: PushQEl3yolov8m/input_layer1
[2026-04-09 19:35:17.685] [5406] [HailoRT] [info] [pipeline.cpp:891] [print_deep_description] PushQEl3yolov8m/input_layer1 | inputs: PreInferEl3yolov8m/input_layer1[0] | outputs: AsyncHwEl(running in thread_id: 5429)
[2026-04-09 19:35:17.685] [5406] [HailoRT] [info] [pipeline.cpp:891] [print_deep_description] AsyncHwEl | inputs: PushQEl3yolov8m/input_layer1[0] | outputs: MultiPushQEl0YOLOV8-Post-Process MultiPushQEl0YOLOV8-Post-Process MultiPushQEl0YOLOV8-Post-Process MultiPushQEl0YOLOV8-Post-Process MultiPushQEl0YOLOV8-Post-Process MultiPushQEl0YOLOV8-Post-Process
[2026-04-09 19:35:17.685] [5406] [HailoRT] [info] [pipeline.cpp:891] [print_deep_description] MultiPushQEl0YOLOV8-Post-Process | inputs: AsyncHwEl[0] AsyncHwEl[1] AsyncHwEl[2] AsyncHwEl[3] AsyncHwEl[4] AsyncHwEl[5] | outputs: NmsPPMuxEl0YOLOV8-Post-Process(running in thread_id: 5430)
[2026-04-09 19:35:17.685] [5406] [HailoRT] [info] [pipeline.cpp:891] [print_deep_description] NmsPPMuxEl0YOLOV8-Post-Process | inputs: MultiPushQEl0YOLOV8-Post-Process[0] | outputs: LastAsyncEl0NmsPPMuxEl0YOLOV8-Post-Process
[2026-04-09 19:35:17.685] [5406] [HailoRT] [info] [pipeline.cpp:891] [print_deep_description] LastAsyncEl0NmsPPMuxEl0YOLOV8-Post-Process | inputs: NmsPPMuxEl0YOLOV8-Post-Process[0] | outputs: user
[2026-04-09 19:35:18.767] [5425] [HailoRT] [info] [hef.cpp:1929] [get_network_group_and_network_name] No name was given. Addressing all networks of default network_group: yolov8m
[2026-04-09 19:36:29.173] [5942] [HailoRT] [info] [vdevice.cpp:523] [create] Creating vdevice with params: device_count: 1, scheduling_algorithm: ROUND_ROBIN, multi_process_service: false
[2026-04-09 19:36:29.185] [5942] [HailoRT] [info] [device.cpp:49] [Device] OS Version: Linux 6.12.62+rpt-rpi-2712 #1 SMP PREEMPT Debian 1:6.12.62-1+rpt1~bookworm (2026-01-19) aarch64
[2026-04-09 19:36:29.186] [5942] [HailoRT] [info] [control.cpp:108] [control__parse_identify_results] firmware_version is: 4.20.0
[2026-04-09 19:36:29.186] [5942] [HailoRT] [info] [vdevice.cpp:651] [create] VDevice Infos: 0001:01:00.0
[2026-04-09 19:36:29.206] [5942] [HailoRT] [info] [hef.cpp:1929] [get_network_group_and_network_name] No name was given. Addressing all networks of default network_group: yolov8m
[2026-04-09 19:36:29.206] [5942] [HailoRT] [info] [hef.cpp:1929] [get_network_group_and_network_name] No name was given. Addressing all networks of default network_group: yolov8m
[2026-04-09 19:36:29.215] [5942] [HailoRT] [info] [internal_buffer_manager.cpp:204] [print_execution_results] Planned internal buffer memory: CMA memory 0, user memory 3037184. memory to edge layer usage factor is 1
[2026-04-09 19:36:29.215] [5942] [HailoRT] [info] [internal_buffer_manager.cpp:212] [print_execution_results] Default Internal buffer planner executed successfully
[2026-04-09 19:36:29.267] [5942] [HailoRT] [info] [device_internal.cpp:57] [configure] Configuring HEF took 58.345093 milliseconds
[2026-04-09 19:36:29.267] [5942] [HailoRT] [info] [vdevice.cpp:749] [configure] Configuring HEF on VDevice took 58.648352 milliseconds
[2026-04-09 19:36:29.267] [5942] [HailoRT] [info] [infer_model.cpp:436] [configure] Configuring network group 'yolov8m' with params: batch size: 0, power mode: PERFORMANCE, latency: NONE
[2026-04-09 19:36:29.267] [5942] [HailoRT] [info] [multi_io_elements.cpp:756] [create] Created (AsyncHwEl)
[2026-04-09 19:36:29.267] [5942] [HailoRT] [info] [queue_elements.cpp:450] [create] Created (EntryPushQEl0yolov8m/input_layer1 | timeout: 10s)
[2026-04-09 19:36:29.267] [5942] [HailoRT] [info] [filter_elements.cpp:101] [create] Created (PreInferEl3yolov8m/input_layer1 | Reorder - src_order: RGB4, src_shape: (640, 640, 3), dst_order: NHCW, dst_shape: (640, 640, 3))
[2026-04-09 19:36:29.268] [5942] [HailoRT] [info] [queue_elements.cpp:450] [create] Created (PushQEl3yolov8m/input_layer1 | timeout: 10s)
[2026-04-09 19:36:29.268] [5942] [HailoRT] [info] [multi_io_elements.cpp:135] [create] Created (NmsPPMuxEl0YOLOV8-Post-Process | Op YOLOV8, Name: YOLOV8-Post-Process, Score threshold: 0.001, IoU threshold: 0.70, Classes: 8, Cross classes: false, NMS results order: BY_CLASS, Max bboxes per class: 100, Image height: 640, Image width: 640)
[2026-04-09 19:36:29.268] [5942] [HailoRT] [info] [queue_elements.cpp:942] [create] Created (MultiPushQEl0YOLOV8-Post-Process | timeout: 10s)
[2026-04-09 19:36:29.268] [5942] [HailoRT] [info] [edge_elements.cpp:187] [create] Created (LastAsyncEl0NmsPPMuxEl0YOLOV8-Post-Process)
[2026-04-09 19:36:29.268] [5942] [HailoRT] [info] [pipeline.cpp:891] [print_deep_description] EntryPushQEl0yolov8m/input_layer1 | inputs: user | outputs: PreInferEl3yolov8m/input_layer1(running in thread_id: 5977)
[2026-04-09 19:36:29.268] [5942] [HailoRT] [info] [pipeline.cpp:891] [print_deep_description] PreInferEl3yolov8m/input_layer1 | inputs: EntryPushQEl0yolov8m/input_layer1[0] | outputs: PushQEl3yolov8m/input_layer1
[2026-04-09 19:36:29.268] [5942] [HailoRT] [info] [pipeline.cpp:891] [print_deep_description] PushQEl3yolov8m/input_layer1 | inputs: PreInferEl3yolov8m/input_layer1[0] | outputs: AsyncHwEl(running in thread_id: 5978)
[2026-04-09 19:36:29.268] [5942] [HailoRT] [info] [pipeline.cpp:891] [print_deep_description] AsyncHwEl | inputs: PushQEl3yolov8m/input_layer1[0] | outputs: MultiPushQEl0YOLOV8-Post-Process MultiPushQEl0YOLOV8-Post-Process MultiPushQEl0YOLOV8-Post-Process MultiPushQEl0YOLOV8-Post-Process MultiPushQEl0YOLOV8-Post-Process MultiPushQEl0YOLOV8-Post-Process
[2026-04-09 19:36:29.268] [5942] [HailoRT] [info] [pipeline.cpp:891] [print_deep_description] MultiPushQEl0YOLOV8-Post-Process | inputs: AsyncHwEl[0] AsyncHwEl[1] AsyncHwEl[2] AsyncHwEl[3] AsyncHwEl[4] AsyncHwEl[5] | outputs: NmsPPMuxEl0YOLOV8-Post-Process(running in thread_id: 5979)
[2026-04-09 19:36:29.268] [5942] [HailoRT] [info] [pipeline.cpp:891] [print_deep_description] NmsPPMuxEl0YOLOV8-Post-Process | inputs: MultiPushQEl0YOLOV8-Post-Process[0] | outputs: LastAsyncEl0NmsPPMuxEl0YOLOV8-Post-Process
[2026-04-09 19:36:29.268] [5942] [HailoRT] [info] [pipeline.cpp:891] [print_deep_description] LastAsyncEl0NmsPPMuxEl0YOLOV8-Post-Process | inputs: NmsPPMuxEl0YOLOV8-Post-Process[0] | outputs: user
[2026-04-09 19:36:30.259] [5966] [HailoRT] [info] [hef.cpp:1929] [get_network_group_and_network_name] No name was given. Addressing all networks of default network_group: yolov8m
[2026-04-09 19:44:07.350] [5942] [HailoRT] [info] [async_infer_runner.cpp:86] [shutdown] Pipeline was aborted. Shutting it down
[2026-04-09 19:44:07.351] [5942] [HailoRT] [info] [queue_elements.cpp:1131] [execute_deactivate] enqueue() in element MultiPushQEl0YOLOV8-Post-Process was aborted, got status = HAILO_SHUTDOWN_EVENT_SIGNALED(57)
[2026-04-09 19:44:07.351] [5942] [HailoRT] [info] [queue_elements.cpp:1131] [execute_deactivate] enqueue() in element MultiPushQEl0YOLOV8-Post-Process was aborted, got status = HAILO_SHUTDOWN_EVENT_SIGNALED(57)
[2026-04-09 19:44:07.351] [5942] [HailoRT] [info] [queue_elements.cpp:1131] [execute_deactivate] enqueue() in element MultiPushQEl0YOLOV8-Post-Process was aborted, got status = HAILO_SHUTDOWN_EVENT_SIGNALED(57)
[2026-04-09 19:44:07.351] [5942] [HailoRT] [info] [queue_elements.cpp:1131] [execute_deactivate] enqueue() in element MultiPushQEl0YOLOV8-Post-Process was aborted, got status = HAILO_SHUTDOWN_EVENT_SIGNALED(57)
[2026-04-09 19:44:07.351] [5942] [HailoRT] [info] [queue_elements.cpp:1131] [execute_deactivate] enqueue() in element MultiPushQEl0YOLOV8-Post-Process was aborted, got status = HAILO_SHUTDOWN_EVENT_SIGNALED(57)
[2026-04-09 19:44:07.351] [5942] [HailoRT] [info] [queue_elements.cpp:1131] [execute_deactivate] enqueue() in element MultiPushQEl0YOLOV8-Post-Process was aborted, got status = HAILO_SHUTDOWN_EVENT_SIGNALED(57)
[2026-04-09 19:44:07.351] [5942] [HailoRT] [info] [queue_elements.cpp:570] [execute_deactivate] enqueue() in element PushQEl3yolov8m/input_layer1 was aborted, got status = HAILO_SHUTDOWN_EVENT_SIGNALED(57)
[2026-04-09 19:44:07.351] [5942] [HailoRT] [info] [queue_elements.cpp:570] [execute_deactivate] enqueue() in element EntryPushQEl0yolov8m/input_layer1 was aborted, got status = HAILO_SHUTDOWN_EVENT_SIGNALED(57)
[2026-04-09 19:44:07.351] [5942] [HailoRT] [info] [queue_elements.cpp:46] [~BaseQueueElement] Queue element EntryPushQEl0yolov8m/input_layer1 has 0 frames in his Queue on destruction
[2026-04-09 19:44:07.351] [5942] [HailoRT] [info] [queue_elements.cpp:46] [~BaseQueueElement] Queue element PushQEl3yolov8m/input_layer1 has 0 frames in his Queue on destruction
[2026-04-09 20:03:35.488] [13404] [HailoRT] [info] [vdevice.cpp:523] [create] Creating vdevice with params: device_count: 1, scheduling_algorithm: ROUND_ROBIN, multi_process_service: false
[2026-04-09 20:03:35.500] [13404] [HailoRT] [info] [device.cpp:49] [Device] OS Version: Linux 6.12.62+rpt-rpi-2712 #1 SMP PREEMPT Debian 1:6.12.62-1+rpt1~bookworm (2026-01-19) aarch64
[2026-04-09 20:03:35.509] [13404] [HailoRT] [info] [control.cpp:108] [control__parse_identify_results] firmware_version is: 4.20.0
[2026-04-09 20:03:35.509] [13404] [HailoRT] [info] [vdevice.cpp:651] [create] VDevice Infos: 0001:01:00.0
[2026-04-09 20:03:35.528] [13404] [HailoRT] [info] [hef.cpp:1929] [get_network_group_and_network_name] No name was given. Addressing all networks of default network_group: yolov8m
[2026-04-09 20:03:35.528] [13404] [HailoRT] [info] [hef.cpp:1929] [get_network_group_and_network_name] No name was given. Addressing all networks of default network_group: yolov8m
[2026-04-09 20:03:35.537] [13404] [HailoRT] [info] [internal_buffer_manager.cpp:204] [print_execution_results] Planned internal buffer memory: CMA memory 0, user memory 3037184. memory to edge layer usage factor is 1
[2026-04-09 20:03:35.537] [13404] [HailoRT] [info] [internal_buffer_manager.cpp:212] [print_execution_results] Default Internal buffer planner executed successfully
[2026-04-09 20:03:35.586] [13404] [HailoRT] [info] [device_internal.cpp:57] [configure] Configuring HEF took 54.999871 milliseconds
[2026-04-09 20:03:35.587] [13404] [HailoRT] [info] [vdevice.cpp:749] [configure] Configuring HEF on VDevice took 55.305093 milliseconds
[2026-04-09 20:03:35.587] [13404] [HailoRT] [info] [infer_model.cpp:436] [configure] Configuring network group 'yolov8m' with params: batch size: 0, power mode: PERFORMANCE, latency: NONE
[2026-04-09 20:03:35.587] [13404] [HailoRT] [info] [multi_io_elements.cpp:756] [create] Created (AsyncHwEl)
[2026-04-09 20:03:35.587] [13404] [HailoRT] [info] [queue_elements.cpp:450] [create] Created (EntryPushQEl0yolov8m/input_layer1 | timeout: 10s)
[2026-04-09 20:03:35.587] [13404] [HailoRT] [info] [filter_elements.cpp:101] [create] Created (PreInferEl3yolov8m/input_layer1 | Reorder - src_order: RGB4, src_shape: (640, 640, 3), dst_order: NHCW, dst_shape: (640, 640, 3))
[2026-04-09 20:03:35.587] [13404] [HailoRT] [info] [queue_elements.cpp:450] [create] Created (PushQEl3yolov8m/input_layer1 | timeout: 10s)
[2026-04-09 20:03:35.587] [13404] [HailoRT] [info] [multi_io_elements.cpp:135] [create] Created (NmsPPMuxEl0YOLOV8-Post-Process | Op YOLOV8, Name: YOLOV8-Post-Process, Score threshold: 0.001, IoU threshold: 0.70, Classes: 8, Cross classes: false, NMS results order: BY_CLASS, Max bboxes per class: 100, Image height: 640, Image width: 640)
[2026-04-09 20:03:35.587] [13404] [HailoRT] [info] [queue_elements.cpp:942] [create] Created (MultiPushQEl0YOLOV8-Post-Process | timeout: 10s)
[2026-04-09 20:03:35.587] [13404] [HailoRT] [info] [edge_elements.cpp:187] [create] Created (LastAsyncEl0NmsPPMuxEl0YOLOV8-Post-Process)
[2026-04-09 20:03:35.587] [13404] [HailoRT] [info] [pipeline.cpp:891] [print_deep_description] EntryPushQEl0yolov8m/input_layer1 | inputs: user | outputs: PreInferEl3yolov8m/input_layer1(running in thread_id: 13427)
[2026-04-09 20:03:35.587] [13404] [HailoRT] [info] [pipeline.cpp:891] [print_deep_description] PreInferEl3yolov8m/input_layer1 | inputs: EntryPushQEl0yolov8m/input_layer1[0] | outputs: PushQEl3yolov8m/input_layer1
[2026-04-09 20:03:35.587] [13404] [HailoRT] [info] [pipeline.cpp:891] [print_deep_description] PushQEl3yolov8m/input_layer1 | inputs: PreInferEl3yolov8m/input_layer1[0] | outputs: AsyncHwEl(running in thread_id: 13428)
[2026-04-09 20:03:35.587] [13404] [HailoRT] [info] [pipeline.cpp:891] [print_deep_description] AsyncHwEl | inputs: PushQEl3yolov8m/input_layer1[0] | outputs: MultiPushQEl0YOLOV8-Post-Process MultiPushQEl0YOLOV8-Post-Process MultiPushQEl0YOLOV8-Post-Process MultiPushQEl0YOLOV8-Post-Process MultiPushQEl0YOLOV8-Post-Process MultiPushQEl0YOLOV8-Post-Process
[2026-04-09 20:03:35.587] [13404] [HailoRT] [info] [pipeline.cpp:891] [print_deep_description] MultiPushQEl0YOLOV8-Post-Process | inputs: AsyncHwEl[0] AsyncHwEl[1] AsyncHwEl[2] AsyncHwEl[3] AsyncHwEl[4] AsyncHwEl[5] | outputs: NmsPPMuxEl0YOLOV8-Post-Process(running in thread_id: 13429)
[2026-04-09 20:03:35.587] [13404] [HailoRT] [info] [pipeline.cpp:891] [print_deep_description] NmsPPMuxEl0YOLOV8-Post-Process | inputs: MultiPushQEl0YOLOV8-Post-Process[0] | outputs: LastAsyncEl0NmsPPMuxEl0YOLOV8-Post-Process
[2026-04-09 20:03:35.587] [13404] [HailoRT] [info] [pipeline.cpp:891] [print_deep_description] LastAsyncEl0NmsPPMuxEl0YOLOV8-Post-Process | inputs: NmsPPMuxEl0YOLOV8-Post-Process[0] | outputs: user
[2026-04-09 20:03:37.513] [13424] [HailoRT] [info] [hef.cpp:1929] [get_network_group_and_network_name] No name was given. Addressing all networks of default network_group: yolov8m
[2026-04-09 20:06:46.898] [13404] [HailoRT] [info] [async_infer_runner.cpp:86] [shutdown] Pipeline was aborted. Shutting it down
[2026-04-09 20:06:46.901] [13404] [HailoRT] [info] [queue_elements.cpp:1131] [execute_deactivate] enqueue() in element MultiPushQEl0YOLOV8-Post-Process was aborted, got status = HAILO_SHUTDOWN_EVENT_SIGNALED(57)
[2026-04-09 20:06:46.901] [13404] [HailoRT] [info] [queue_elements.cpp:1131] [execute_deactivate] enqueue() in element MultiPushQEl0YOLOV8-Post-Process was aborted, got status = HAILO_SHUTDOWN_EVENT_SIGNALED(57)
[2026-04-09 20:06:46.901] [13404] [HailoRT] [info] [queue_elements.cpp:1131] [execute_deactivate] enqueue() in element MultiPushQEl0YOLOV8-Post-Process was aborted, got status = HAILO_SHUTDOWN_EVENT_SIGNALED(57)
[2026-04-09 20:06:46.901] [13404] [HailoRT] [info] [queue_elements.cpp:1131] [execute_deactivate] enqueue() in element MultiPushQEl0YOLOV8-Post-Process was aborted, got status = HAILO_SHUTDOWN_EVENT_SIGNALED(57)
[2026-04-09 20:06:46.901] [13404] [HailoRT] [info] [queue_elements.cpp:1131] [execute_deactivate] enqueue() in element MultiPushQEl0YOLOV8-Post-Process was aborted, got status = HAILO_SHUTDOWN_EVENT_SIGNALED(57)
[2026-04-09 20:06:46.901] [13404] [HailoRT] [info] [queue_elements.cpp:1131] [execute_deactivate] enqueue() in element MultiPushQEl0YOLOV8-Post-Process was aborted, got status = HAILO_SHUTDOWN_EVENT_SIGNALED(57)
[2026-04-09 20:06:46.901] [13404] [HailoRT] [info] [queue_elements.cpp:570] [execute_deactivate] enqueue() in element PushQEl3yolov8m/input_layer1 was aborted, got status = HAILO_SHUTDOWN_EVENT_SIGNALED(57)
[2026-04-09 20:06:46.901] [13404] [HailoRT] [info] [queue_elements.cpp:570] [execute_deactivate] enqueue() in element EntryPushQEl0yolov8m/input_layer1 was aborted, got status = HAILO_SHUTDOWN_EVENT_SIGNALED(57)
[2026-04-09 20:06:46.901] [13404] [HailoRT] [info] [queue_elements.cpp:46] [~BaseQueueElement] Queue element EntryPushQEl0yolov8m/input_layer1 has 0 frames in his Queue on destruction
[2026-04-09 20:06:46.901] [13404] [HailoRT] [info] [queue_elements.cpp:46] [~BaseQueueElement] Queue element PushQEl3yolov8m/input_layer1 has 0 frames in his Queue on destruction
[2026-04-09 20:06:54.069] [14511] [HailoRT] [info] [vdevice.cpp:523] [create] Creating vdevice with params: device_count: 1, scheduling_algorithm: ROUND_ROBIN, multi_process_service: false
[2026-04-09 20:06:54.081] [14511] [HailoRT] [info] [device.cpp:49] [Device] OS Version: Linux 6.12.62+rpt-rpi-2712 #1 SMP PREEMPT Debian 1:6.12.62-1+rpt1~bookworm (2026-01-19) aarch64
[2026-04-09 20:06:54.083] [14511] [HailoRT] [info] [control.cpp:108] [control__parse_identify_results] firmware_version is: 4.20.0
[2026-04-09 20:06:54.083] [14511] [HailoRT] [info] [vdevice.cpp:651] [create] VDevice Infos: 0001:01:00.0
[2026-04-09 20:06:54.102] [14511] [HailoRT] [info] [hef.cpp:1929] [get_network_group_and_network_name] No name was given. Addressing all networks of default network_group: yolov8m
[2026-04-09 20:06:54.102] [14511] [HailoRT] [info] [hef.cpp:1929] [get_network_group_and_network_name] No name was given. Addressing all networks of default network_group: yolov8m
[2026-04-09 20:06:54.111] [14511] [HailoRT] [info] [internal_buffer_manager.cpp:204] [print_execution_results] Planned internal buffer memory: CMA memory 0, user memory 3037184. memory to edge layer usage factor is 1
[2026-04-09 20:06:54.111] [14511] [HailoRT] [info] [internal_buffer_manager.cpp:212] [print_execution_results] Default Internal buffer planner executed successfully
[2026-04-09 20:06:54.158] [14511] [HailoRT] [info] [device_internal.cpp:57] [configure] Configuring HEF took 53.829426 milliseconds
[2026-04-09 20:06:54.159] [14511] [HailoRT] [info] [vdevice.cpp:749] [configure] Configuring HEF on VDevice took 54.215074 milliseconds
[2026-04-09 20:06:54.159] [14511] [HailoRT] [info] [infer_model.cpp:436] [configure] Configuring network group 'yolov8m' with params: batch size: 0, power mode: PERFORMANCE, latency: NONE
[2026-04-09 20:06:54.159] [14511] [HailoRT] [info] [multi_io_elements.cpp:756] [create] Created (AsyncHwEl)
[2026-04-09 20:06:54.159] [14511] [HailoRT] [info] [queue_elements.cpp:450] [create] Created (EntryPushQEl0yolov8m/input_layer1 | timeout: 10s)
[2026-04-09 20:06:54.159] [14511] [HailoRT] [info] [filter_elements.cpp:101] [create] Created (PreInferEl3yolov8m/input_layer1 | Reorder - src_order: RGB4, src_shape: (640, 640, 3), dst_order: NHCW, dst_shape: (640, 640, 3))
[2026-04-09 20:06:54.159] [14511] [HailoRT] [info] [queue_elements.cpp:450] [create] Created (PushQEl3yolov8m/input_layer1 | timeout: 10s)
[2026-04-09 20:06:54.159] [14511] [HailoRT] [info] [multi_io_elements.cpp:135] [create] Created (NmsPPMuxEl0YOLOV8-Post-Process | Op YOLOV8, Name: YOLOV8-Post-Process, Score threshold: 0.001, IoU threshold: 0.70, Classes: 8, Cross classes: false, NMS results order: BY_CLASS, Max bboxes per class: 100, Image height: 640, Image width: 640)
[2026-04-09 20:06:54.160] [14511] [HailoRT] [info] [queue_elements.cpp:942] [create] Created (MultiPushQEl0YOLOV8-Post-Process | timeout: 10s)
[2026-04-09 20:06:54.160] [14511] [HailoRT] [info] [edge_elements.cpp:187] [create] Created (LastAsyncEl0NmsPPMuxEl0YOLOV8-Post-Process)
[2026-04-09 20:06:54.160] [14511] [HailoRT] [info] [pipeline.cpp:891] [print_deep_description] EntryPushQEl0yolov8m/input_layer1 | inputs: user | outputs: PreInferEl3yolov8m/input_layer1(running in thread_id: 14537)
[2026-04-09 20:06:54.160] [14511] [HailoRT] [info] [pipeline.cpp:891] [print_deep_description] PreInferEl3yolov8m/input_layer1 | inputs: EntryPushQEl0yolov8m/input_layer1[0] | outputs: PushQEl3yolov8m/input_layer1
[2026-04-09 20:06:54.160] [14511] [HailoRT] [info] [pipeline.cpp:891] [print_deep_description] PushQEl3yolov8m/input_layer1 | inputs: PreInferEl3yolov8m/input_layer1[0] | outputs: AsyncHwEl(running in thread_id: 14538)
[2026-04-09 20:06:54.160] [14511] [HailoRT] [info] [pipeline.cpp:891] [print_deep_description] AsyncHwEl | inputs: PushQEl3yolov8m/input_layer1[0] | outputs: MultiPushQEl0YOLOV8-Post-Process MultiPushQEl0YOLOV8-Post-Process MultiPushQEl0YOLOV8-Post-Process MultiPushQEl0YOLOV8-Post-Process MultiPushQEl0YOLOV8-Post-Process MultiPushQEl0YOLOV8-Post-Process
[2026-04-09 20:06:54.160] [14511] [HailoRT] [info] [pipeline.cpp:891] [print_deep_description] MultiPushQEl0YOLOV8-Post-Process | inputs: AsyncHwEl[0] AsyncHwEl[1] AsyncHwEl[2] AsyncHwEl[3] AsyncHwEl[4] AsyncHwEl[5] | outputs: NmsPPMuxEl0YOLOV8-Post-Process(running in thread_id: 14539)
[2026-04-09 20:06:54.160] [14511] [HailoRT] [info] [pipeline.cpp:891] [print_deep_description] NmsPPMuxEl0YOLOV8-Post-Process | inputs: MultiPushQEl0YOLOV8-Post-Process[0] | outputs: LastAsyncEl0NmsPPMuxEl0YOLOV8-Post-Process
[2026-04-09 20:06:54.160] [14511] [HailoRT] [info] [pipeline.cpp:891] [print_deep_description] LastAsyncEl0NmsPPMuxEl0YOLOV8-Post-Process | inputs: NmsPPMuxEl0YOLOV8-Post-Process[0] | outputs: user
[2026-04-09 20:06:56.092] [14534] [HailoRT] [info] [hef.cpp:1929] [get_network_group_and_network_name] No name was given. Addressing all networks of default network_group: yolov8m
[2026-04-09 20:07:57.672] [14995] [HailoRT] [info] [vdevice.cpp:523] [create] Creating vdevice with params: device_count: 1, scheduling_algorithm: ROUND_ROBIN, multi_process_service: false
[2026-04-09 20:07:57.684] [14995] [HailoRT] [info] [device.cpp:49] [Device] OS Version: Linux 6.12.62+rpt-rpi-2712 #1 SMP PREEMPT Debian 1:6.12.62-1+rpt1~bookworm (2026-01-19) aarch64
[2026-04-09 20:07:57.685] [14995] [HailoRT] [info] [control.cpp:108] [control__parse_identify_results] firmware_version is: 4.20.0
[2026-04-09 20:07:57.685] [14995] [HailoRT] [info] [vdevice.cpp:651] [create] VDevice Infos: 0001:01:00.0
[2026-04-09 20:07:57.705] [14995] [HailoRT] [info] [hef.cpp:1929] [get_network_group_and_network_name] No name was given. Addressing all networks of default network_group: yolov8m
[2026-04-09 20:07:57.705] [14995] [HailoRT] [info] [hef.cpp:1929] [get_network_group_and_network_name] No name was given. Addressing all networks of default network_group: yolov8m
[2026-04-09 20:07:57.721] [14995] [HailoRT] [info] [internal_buffer_manager.cpp:204] [print_execution_results] Planned internal buffer memory: CMA memory 0, user memory 3037184. memory to edge layer usage factor is 1
[2026-04-09 20:07:57.721] [14995] [HailoRT] [info] [internal_buffer_manager.cpp:212] [print_execution_results] Default Internal buffer planner executed successfully
[2026-04-09 20:07:57.772] [14995] [HailoRT] [info] [device_internal.cpp:57] [configure] Configuring HEF took 63.440593 milliseconds
[2026-04-09 20:07:57.772] [14995] [HailoRT] [info] [vdevice.cpp:749] [configure] Configuring HEF on VDevice took 63.813908 milliseconds
[2026-04-09 20:07:57.772] [14995] [HailoRT] [info] [infer_model.cpp:436] [configure] Configuring network group 'yolov8m' with params: batch size: 0, power mode: PERFORMANCE, latency: NONE
[2026-04-09 20:07:57.772] [14995] [HailoRT] [info] [multi_io_elements.cpp:756] [create] Created (AsyncHwEl)
[2026-04-09 20:07:57.772] [14995] [HailoRT] [info] [queue_elements.cpp:450] [create] Created (EntryPushQEl0yolov8m/input_layer1 | timeout: 10s)
[2026-04-09 20:07:57.772] [14995] [HailoRT] [info] [filter_elements.cpp:101] [create] Created (PreInferEl3yolov8m/input_layer1 | Reorder - src_order: RGB4, src_shape: (640, 640, 3), dst_order: NHCW, dst_shape: (640, 640, 3))
[2026-04-09 20:07:57.772] [14995] [HailoRT] [info] [queue_elements.cpp:450] [create] Created (PushQEl3yolov8m/input_layer1 | timeout: 10s)
[2026-04-09 20:07:57.772] [14995] [HailoRT] [info] [multi_io_elements.cpp:135] [create] Created (NmsPPMuxEl0YOLOV8-Post-Process | Op YOLOV8, Name: YOLOV8-Post-Process, Score threshold: 0.001, IoU threshold: 0.70, Classes: 8, Cross classes: false, NMS results order: BY_CLASS, Max bboxes per class: 100, Image height: 640, Image width: 640)
[2026-04-09 20:07:57.773] [14995] [HailoRT] [info] [queue_elements.cpp:942] [create] Created (MultiPushQEl0YOLOV8-Post-Process | timeout: 10s)
[2026-04-09 20:07:57.773] [14995] [HailoRT] [info] [edge_elements.cpp:187] [create] Created (LastAsyncEl0NmsPPMuxEl0YOLOV8-Post-Process)
[2026-04-09 20:07:57.773] [14995] [HailoRT] [info] [pipeline.cpp:891] [print_deep_description] EntryPushQEl0yolov8m/input_layer1 | inputs: user | outputs: PreInferEl3yolov8m/input_layer1(running in thread_id: 15023)
[2026-04-09 20:07:57.773] [14995] [HailoRT] [info] [pipeline.cpp:891] [print_deep_description] PreInferEl3yolov8m/input_layer1 | inputs: EntryPushQEl0yolov8m/input_layer1[0] | outputs: PushQEl3yolov8m/input_layer1
[2026-04-09 20:07:57.773] [14995] [HailoRT] [info] [pipeline.cpp:891] [print_deep_description] PushQEl3yolov8m/input_layer1 | inputs: PreInferEl3yolov8m/input_layer1[0] | outputs: AsyncHwEl(running in thread_id: 15025)
[2026-04-09 20:07:57.773] [14995] [HailoRT] [info] [pipeline.cpp:891] [print_deep_description] AsyncHwEl | inputs: PushQEl3yolov8m/input_layer1[0] | outputs: MultiPushQEl0YOLOV8-Post-Process MultiPushQEl0YOLOV8-Post-Process MultiPushQEl0YOLOV8-Post-Process MultiPushQEl0YOLOV8-Post-Process MultiPushQEl0YOLOV8-Post-Process MultiPushQEl0YOLOV8-Post-Process
[2026-04-09 20:07:57.773] [14995] [HailoRT] [info] [pipeline.cpp:891] [print_deep_description] MultiPushQEl0YOLOV8-Post-Process | inputs: AsyncHwEl[0] AsyncHwEl[1] AsyncHwEl[2] AsyncHwEl[3] AsyncHwEl[4] AsyncHwEl[5] | outputs: NmsPPMuxEl0YOLOV8-Post-Process(running in thread_id: 15026)
[2026-04-09 20:07:57.773] [14995] [HailoRT] [info] [pipeline.cpp:891] [print_deep_description] NmsPPMuxEl0YOLOV8-Post-Process | inputs: MultiPushQEl0YOLOV8-Post-Process[0] | outputs: LastAsyncEl0NmsPPMuxEl0YOLOV8-Post-Process
[2026-04-09 20:07:57.773] [14995] [HailoRT] [info] [pipeline.cpp:891] [print_deep_description] LastAsyncEl0NmsPPMuxEl0YOLOV8-Post-Process | inputs: NmsPPMuxEl0YOLOV8-Post-Process[0] | outputs: user
[2026-04-09 20:07:59.699] [15015] [HailoRT] [info] [hef.cpp:1929] [get_network_group_and_network_name] No name was given. Addressing all networks of default network_group: yolov8m
[2026-04-09 20:19:28.364] [18276] [HailoRT] [info] [vdevice.cpp:523] [create] Creating vdevice with params: device_count: 1, scheduling_algorithm: ROUND_ROBIN, multi_process_service: false
[2026-04-09 20:19:28.376] [18276] [HailoRT] [info] [device.cpp:49] [Device] OS Version: Linux 6.12.62+rpt-rpi-2712 #1 SMP PREEMPT Debian 1:6.12.62-1+rpt1~bookworm (2026-01-19) aarch64
[2026-04-09 20:19:28.378] [18276] [HailoRT] [info] [control.cpp:108] [control__parse_identify_results] firmware_version is: 4.20.0
[2026-04-09 20:19:28.378] [18276] [HailoRT] [info] [vdevice.cpp:651] [create] VDevice Infos: 0001:01:00.0
[2026-04-09 20:19:28.396] [18276] [HailoRT] [info] [hef.cpp:1929] [get_network_group_and_network_name] No name was given. Addressing all networks of default network_group: yolov8m
[2026-04-09 20:19:28.396] [18276] [HailoRT] [info] [hef.cpp:1929] [get_network_group_and_network_name] No name was given. Addressing all networks of default network_group: yolov8m
[2026-04-09 20:19:28.405] [18276] [HailoRT] [info] [internal_buffer_manager.cpp:204] [print_execution_results] Planned internal buffer memory: CMA memory 0, user memory 3037184. memory to edge layer usage factor is 1
[2026-04-09 20:19:28.405] [18276] [HailoRT] [info] [internal_buffer_manager.cpp:212] [print_execution_results] Default Internal buffer planner executed successfully
[2026-04-09 20:19:28.457] [18276] [HailoRT] [info] [device_internal.cpp:57] [configure] Configuring HEF took 58.088907 milliseconds
[2026-04-09 20:19:28.457] [18276] [HailoRT] [info] [vdevice.cpp:749] [configure] Configuring HEF on VDevice took 58.394907 milliseconds
[2026-04-09 20:19:28.457] [18276] [HailoRT] [info] [infer_model.cpp:436] [configure] Configuring network group 'yolov8m' with params: batch size: 0, power mode: PERFORMANCE, latency: NONE
[2026-04-09 20:19:28.457] [18276] [HailoRT] [info] [multi_io_elements.cpp:756] [create] Created (AsyncHwEl)
[2026-04-09 20:19:28.457] [18276] [HailoRT] [info] [queue_elements.cpp:450] [create] Created (EntryPushQEl0yolov8m/input_layer1 | timeout: 10s)
[2026-04-09 20:19:28.458] [18276] [HailoRT] [info] [filter_elements.cpp:101] [create] Created (PreInferEl3yolov8m/input_layer1 | Reorder - src_order: RGB4, src_shape: (640, 640, 3), dst_order: NHCW, dst_shape: (640, 640, 3))
[2026-04-09 20:19:28.458] [18276] [HailoRT] [info] [queue_elements.cpp:450] [create] Created (PushQEl3yolov8m/input_layer1 | timeout: 10s)
[2026-04-09 20:19:28.458] [18276] [HailoRT] [info] [multi_io_elements.cpp:135] [create] Created (NmsPPMuxEl0YOLOV8-Post-Process | Op YOLOV8, Name: YOLOV8-Post-Process, Score threshold: 0.001, IoU threshold: 0.70, Classes: 8, Cross classes: false, NMS results order: BY_CLASS, Max bboxes per class: 100, Image height: 640, Image width: 640)
[2026-04-09 20:19:28.458] [18276] [HailoRT] [info] [queue_elements.cpp:942] [create] Created (MultiPushQEl0YOLOV8-Post-Process | timeout: 10s)
[2026-04-09 20:19:28.458] [18276] [HailoRT] [info] [edge_elements.cpp:187] [create] Created (LastAsyncEl0NmsPPMuxEl0YOLOV8-Post-Process)
[2026-04-09 20:19:28.458] [18276] [HailoRT] [info] [pipeline.cpp:891] [print_deep_description] EntryPushQEl0yolov8m/input_layer1 | inputs: user | outputs: PreInferEl3yolov8m/input_layer1(running in thread_id: 18299)
[2026-04-09 20:19:28.458] [18276] [HailoRT] [info] [pipeline.cpp:891] [print_deep_description] PreInferEl3yolov8m/input_layer1 | inputs: EntryPushQEl0yolov8m/input_layer1[0] | outputs: PushQEl3yolov8m/input_layer1
[2026-04-09 20:19:28.458] [18276] [HailoRT] [info] [pipeline.cpp:891] [print_deep_description] PushQEl3yolov8m/input_layer1 | inputs: PreInferEl3yolov8m/input_layer1[0] | outputs: AsyncHwEl(running in thread_id: 18300)
[2026-04-09 20:19:28.458] [18276] [HailoRT] [info] [pipeline.cpp:891] [print_deep_description] AsyncHwEl | inputs: PushQEl3yolov8m/input_layer1[0] | outputs: MultiPushQEl0YOLOV8-Post-Process MultiPushQEl0YOLOV8-Post-Process MultiPushQEl0YOLOV8-Post-Process MultiPushQEl0YOLOV8-Post-Process MultiPushQEl0YOLOV8-Post-Process MultiPushQEl0YOLOV8-Post-Process
[2026-04-09 20:19:28.458] [18276] [HailoRT] [info] [pipeline.cpp:891] [print_deep_description] MultiPushQEl0YOLOV8-Post-Process | inputs: AsyncHwEl[0] AsyncHwEl[1] AsyncHwEl[2] AsyncHwEl[3] AsyncHwEl[4] AsyncHwEl[5] | outputs: NmsPPMuxEl0YOLOV8-Post-Process(running in thread_id: 18301)
[2026-04-09 20:19:28.458] [18276] [HailoRT] [info] [pipeline.cpp:891] [print_deep_description] NmsPPMuxEl0YOLOV8-Post-Process | inputs: MultiPushQEl0YOLOV8-Post-Process[0] | outputs: LastAsyncEl0NmsPPMuxEl0YOLOV8-Post-Process
[2026-04-09 20:19:28.458] [18276] [HailoRT] [info] [pipeline.cpp:891] [print_deep_description] LastAsyncEl0NmsPPMuxEl0YOLOV8-Post-Process | inputs: NmsPPMuxEl0YOLOV8-Post-Process[0] | outputs: user
[2026-04-09 20:19:30.376] [18296] [HailoRT] [info] [hef.cpp:1929] [get_network_group_and_network_name] No name was given. Addressing all networks of default network_group: yolov8m
[2026-04-09 20:21:59.149] [18276] [HailoRT] [info] [async_infer_runner.cpp:86] [shutdown] Pipeline was aborted. Shutting it down
[2026-04-09 20:21:59.151] [18276] [HailoRT] [info] [queue_elements.cpp:1131] [execute_deactivate] enqueue() in element MultiPushQEl0YOLOV8-Post-Process was aborted, got status = HAILO_SHUTDOWN_EVENT_SIGNALED(57)
[2026-04-09 20:21:59.151] [18276] [HailoRT] [info] [queue_elements.cpp:1131] [execute_deactivate] enqueue() in element MultiPushQEl0YOLOV8-Post-Process was aborted, got status = HAILO_SHUTDOWN_EVENT_SIGNALED(57)
[2026-04-09 20:21:59.151] [18276] [HailoRT] [info] [queue_elements.cpp:1131] [execute_deactivate] enqueue() in element MultiPushQEl0YOLOV8-Post-Process was aborted, got status = HAILO_SHUTDOWN_EVENT_SIGNALED(57)
[2026-04-09 20:21:59.151] [18276] [HailoRT] [info] [queue_elements.cpp:1131] [execute_deactivate] enqueue() in element MultiPushQEl0YOLOV8-Post-Process was aborted, got status = HAILO_SHUTDOWN_EVENT_SIGNALED(57)
[2026-04-09 20:21:59.151] [18276] [HailoRT] [info] [queue_elements.cpp:1131] [execute_deactivate] enqueue() in element MultiPushQEl0YOLOV8-Post-Process was aborted, got status = HAILO_SHUTDOWN_EVENT_SIGNALED(57)
[2026-04-09 20:21:59.151] [18276] [HailoRT] [info] [queue_elements.cpp:1131] [execute_deactivate] enqueue() in element MultiPushQEl0YOLOV8-Post-Process was aborted, got status = HAILO_SHUTDOWN_EVENT_SIGNALED(57)
[2026-04-09 20:21:59.151] [18276] [HailoRT] [info] [queue_elements.cpp:570] [execute_deactivate] enqueue() in element PushQEl3yolov8m/input_layer1 was aborted, got status = HAILO_SHUTDOWN_EVENT_SIGNALED(57)
[2026-04-09 20:21:59.151] [18276] [HailoRT] [info] [queue_elements.cpp:570] [execute_deactivate] enqueue() in element EntryPushQEl0yolov8m/input_layer1 was aborted, got status = HAILO_SHUTDOWN_EVENT_SIGNALED(57)
[2026-04-09 20:21:59.151] [18276] [HailoRT] [info] [queue_elements.cpp:46] [~BaseQueueElement] Queue element EntryPushQEl0yolov8m/input_layer1 has 0 frames in his Queue on destruction
[2026-04-09 20:21:59.151] [18276] [HailoRT] [info] [queue_elements.cpp:46] [~BaseQueueElement] Queue element PushQEl3yolov8m/input_layer1 has 0 frames in his Queue on destruction
[2026-04-09 20:30:22.574] [21444] [HailoRT] [info] [vdevice.cpp:523] [create] Creating vdevice with params: device_count: 1, scheduling_algorithm: ROUND_ROBIN, multi_process_service: false
[2026-04-09 20:30:22.585] [21444] [HailoRT] [info] [device.cpp:49] [Device] OS Version: Linux 6.12.62+rpt-rpi-2712 #1 SMP PREEMPT Debian 1:6.12.62-1+rpt1~bookworm (2026-01-19) aarch64
[2026-04-09 20:30:22.586] [21444] [HailoRT] [info] [control.cpp:108] [control__parse_identify_results] firmware_version is: 4.20.0
[2026-04-09 20:30:22.587] [21444] [HailoRT] [info] [vdevice.cpp:651] [create] VDevice Infos: 0001:01:00.0
[2026-04-09 20:30:22.606] [21444] [HailoRT] [info] [hef.cpp:1929] [get_network_group_and_network_name] No name was given. Addressing all networks of default network_group: yolov8m
[2026-04-09 20:30:22.606] [21444] [HailoRT] [info] [hef.cpp:1929] [get_network_group_and_network_name] No name was given. Addressing all networks of default network_group: yolov8m
[2026-04-09 20:30:22.614] [21444] [HailoRT] [info] [internal_buffer_manager.cpp:204] [print_execution_results] Planned internal buffer memory: CMA memory 0, user memory 3037184. memory to edge layer usage factor is 1
[2026-04-09 20:30:22.614] [21444] [HailoRT] [info] [internal_buffer_manager.cpp:212] [print_execution_results] Default Internal buffer planner executed successfully
[2026-04-09 20:30:22.650] [21444] [HailoRT] [info] [device_internal.cpp:57] [configure] Configuring HEF took 41.903963 milliseconds
[2026-04-09 20:30:22.650] [21444] [HailoRT] [info] [vdevice.cpp:749] [configure] Configuring HEF on VDevice took 42.21876 milliseconds
[2026-04-09 20:30:22.650] [21444] [HailoRT] [info] [infer_model.cpp:436] [configure] Configuring network group 'yolov8m' with params: batch size: 0, power mode: PERFORMANCE, latency: NONE
[2026-04-09 20:30:22.650] [21444] [HailoRT] [info] [multi_io_elements.cpp:756] [create] Created (AsyncHwEl)
[2026-04-09 20:30:22.651] [21444] [HailoRT] [info] [queue_elements.cpp:450] [create] Created (EntryPushQEl0yolov8m/input_layer1 | timeout: 10s)
[2026-04-09 20:30:22.651] [21444] [HailoRT] [info] [filter_elements.cpp:101] [create] Created (PreInferEl3yolov8m/input_layer1 | Reorder - src_order: RGB4, src_shape: (640, 640, 3), dst_order: NHCW, dst_shape: (640, 640, 3))
[2026-04-09 20:30:22.651] [21444] [HailoRT] [info] [queue_elements.cpp:450] [create] Created (PushQEl3yolov8m/input_layer1 | timeout: 10s)
[2026-04-09 20:30:22.651] [21444] [HailoRT] [info] [multi_io_elements.cpp:135] [create] Created (NmsPPMuxEl0YOLOV8-Post-Process | Op YOLOV8, Name: YOLOV8-Post-Process, Score threshold: 0.001, IoU threshold: 0.70, Classes: 8, Cross classes: false, NMS results order: BY_CLASS, Max bboxes per class: 100, Image height: 640, Image width: 640)
[2026-04-09 20:30:22.651] [21444] [HailoRT] [info] [queue_elements.cpp:942] [create] Created (MultiPushQEl0YOLOV8-Post-Process | timeout: 10s)
[2026-04-09 20:30:22.651] [21444] [HailoRT] [info] [edge_elements.cpp:187] [create] Created (LastAsyncEl0NmsPPMuxEl0YOLOV8-Post-Process)
[2026-04-09 20:30:22.651] [21444] [HailoRT] [info] [pipeline.cpp:891] [print_deep_description] EntryPushQEl0yolov8m/input_layer1 | inputs: user | outputs: PreInferEl3yolov8m/input_layer1(running in thread_id: 21467)
[2026-04-09 20:30:22.651] [21444] [HailoRT] [info] [pipeline.cpp:891] [print_deep_description] PreInferEl3yolov8m/input_layer1 | inputs: EntryPushQEl0yolov8m/input_layer1[0] | outputs: PushQEl3yolov8m/input_layer1
[2026-04-09 20:30:22.651] [21444] [HailoRT] [info] [pipeline.cpp:891] [print_deep_description] PushQEl3yolov8m/input_layer1 | inputs: PreInferEl3yolov8m/input_layer1[0] | outputs: AsyncHwEl(running in thread_id: 21468)
[2026-04-09 20:30:22.651] [21444] [HailoRT] [info] [pipeline.cpp:891] [print_deep_description] AsyncHwEl | inputs: PushQEl3yolov8m/input_layer1[0] | outputs: MultiPushQEl0YOLOV8-Post-Process MultiPushQEl0YOLOV8-Post-Process MultiPushQEl0YOLOV8-Post-Process MultiPushQEl0YOLOV8-Post-Process MultiPushQEl0YOLOV8-Post-Process MultiPushQEl0YOLOV8-Post-Process
[2026-04-09 20:30:22.651] [21444] [HailoRT] [info] [pipeline.cpp:891] [print_deep_description] MultiPushQEl0YOLOV8-Post-Process | inputs: AsyncHwEl[0] AsyncHwEl[1] AsyncHwEl[2] AsyncHwEl[3] AsyncHwEl[4] AsyncHwEl[5] | outputs: NmsPPMuxEl0YOLOV8-Post-Process(running in thread_id: 21469)
[2026-04-09 20:30:22.651] [21444] [HailoRT] [info] [pipeline.cpp:891] [print_deep_description] NmsPPMuxEl0YOLOV8-Post-Process | inputs: MultiPushQEl0YOLOV8-Post-Process[0] | outputs: LastAsyncEl0NmsPPMuxEl0YOLOV8-Post-Process
[2026-04-09 20:30:22.651] [21444] [HailoRT] [info] [pipeline.cpp:891] [print_deep_description] LastAsyncEl0NmsPPMuxEl0YOLOV8-Post-Process | inputs: NmsPPMuxEl0YOLOV8-Post-Process[0] | outputs: user
[2026-04-09 20:30:23.645] [21464] [HailoRT] [info] [hef.cpp:1929] [get_network_group_and_network_name] No name was given. Addressing all networks of default network_group: yolov8m
[2026-04-09 20:33:13.888] [21444] [HailoRT] [info] [async_infer_runner.cpp:86] [shutdown] Pipeline was aborted. Shutting it down
[2026-04-09 20:33:13.890] [21444] [HailoRT] [info] [queue_elements.cpp:1131] [execute_deactivate] enqueue() in element MultiPushQEl0YOLOV8-Post-Process was aborted, got status = HAILO_SHUTDOWN_EVENT_SIGNALED(57)
[2026-04-09 20:33:13.890] [21444] [HailoRT] [info] [queue_elements.cpp:1131] [execute_deactivate] enqueue() in element MultiPushQEl0YOLOV8-Post-Process was aborted, got status = HAILO_SHUTDOWN_EVENT_SIGNALED(57)
[2026-04-09 20:33:13.890] [21444] [HailoRT] [info] [queue_elements.cpp:1131] [execute_deactivate] enqueue() in element MultiPushQEl0YOLOV8-Post-Process was aborted, got status = HAILO_SHUTDOWN_EVENT_SIGNALED(57)
[2026-04-09 20:33:13.890] [21444] [HailoRT] [info] [queue_elements.cpp:1131] [execute_deactivate] enqueue() in element MultiPushQEl0YOLOV8-Post-Process was aborted, got status = HAILO_SHUTDOWN_EVENT_SIGNALED(57)
[2026-04-09 20:33:13.890] [21444] [HailoRT] [info] [queue_elements.cpp:1131] [execute_deactivate] enqueue() in element MultiPushQEl0YOLOV8-Post-Process was aborted, got status = HAILO_SHUTDOWN_EVENT_SIGNALED(57)
[2026-04-09 20:33:13.890] [21444] [HailoRT] [info] [queue_elements.cpp:1131] [execute_deactivate] enqueue() in element MultiPushQEl0YOLOV8-Post-Process was aborted, got status = HAILO_SHUTDOWN_EVENT_SIGNALED(57)
[2026-04-09 20:33:13.890] [21444] [HailoRT] [info] [queue_elements.cpp:570] [execute_deactivate] enqueue() in element PushQEl3yolov8m/input_layer1 was aborted, got status = HAILO_SHUTDOWN_EVENT_SIGNALED(57)
[2026-04-09 20:33:13.890] [21444] [HailoRT] [info] [queue_elements.cpp:570] [execute_deactivate] enqueue() in element EntryPushQEl0yolov8m/input_layer1 was aborted, got status = HAILO_SHUTDOWN_EVENT_SIGNALED(57)
[2026-04-09 20:33:13.890] [21444] [HailoRT] [info] [queue_elements.cpp:46] [~BaseQueueElement] Queue element EntryPushQEl0yolov8m/input_layer1 has 0 frames in his Queue on destruction
[2026-04-09 20:33:13.890] [21444] [HailoRT] [info] [queue_elements.cpp:46] [~BaseQueueElement] Queue element PushQEl3yolov8m/input_layer1 has 0 frames in his Queue on destruction
[2026-04-09 20:40:45.063] [24462] [HailoRT] [info] [vdevice.cpp:523] [create] Creating vdevice with params: device_count: 1, scheduling_algorithm: ROUND_ROBIN, multi_process_service: false
[2026-04-09 20:40:45.075] [24462] [HailoRT] [info] [device.cpp:49] [Device] OS Version: Linux 6.12.62+rpt-rpi-2712 #1 SMP PREEMPT Debian 1:6.12.62-1+rpt1~bookworm (2026-01-19) aarch64
[2026-04-09 20:40:45.077] [24462] [HailoRT] [info] [control.cpp:108] [control__parse_identify_results] firmware_version is: 4.20.0
[2026-04-09 20:40:45.077] [24462] [HailoRT] [info] [vdevice.cpp:651] [create] VDevice Infos: 0001:01:00.0
[2026-04-09 20:40:45.095] [24462] [HailoRT] [info] [hef.cpp:1929] [get_network_group_and_network_name] No name was given. Addressing all networks of default network_group: yolov8m
[2026-04-09 20:40:45.095] [24462] [HailoRT] [info] [hef.cpp:1929] [get_network_group_and_network_name] No name was given. Addressing all networks of default network_group: yolov8m
[2026-04-09 20:40:45.104] [24462] [HailoRT] [info] [internal_buffer_manager.cpp:204] [print_execution_results] Planned internal buffer memory: CMA memory 0, user memory 3037184. memory to edge layer usage factor is 1
[2026-04-09 20:40:45.104] [24462] [HailoRT] [info] [internal_buffer_manager.cpp:212] [print_execution_results] Default Internal buffer planner executed successfully
[2026-04-09 20:40:45.152] [24462] [HailoRT] [info] [device_internal.cpp:57] [configure] Configuring HEF took 53.454611 milliseconds
[2026-04-09 20:40:45.152] [24462] [HailoRT] [info] [vdevice.cpp:749] [configure] Configuring HEF on VDevice took 53.803908 milliseconds
[2026-04-09 20:40:45.152] [24462] [HailoRT] [info] [infer_model.cpp:436] [configure] Configuring network group 'yolov8m' with params: batch size: 0, power mode: PERFORMANCE, latency: NONE
[2026-04-09 20:40:45.152] [24462] [HailoRT] [info] [multi_io_elements.cpp:756] [create] Created (AsyncHwEl)
[2026-04-09 20:40:45.152] [24462] [HailoRT] [info] [queue_elements.cpp:450] [create] Created (EntryPushQEl0yolov8m/input_layer1 | timeout: 10s)
[2026-04-09 20:40:45.152] [24462] [HailoRT] [info] [filter_elements.cpp:101] [create] Created (PreInferEl3yolov8m/input_layer1 | Reorder - src_order: RGB4, src_shape: (640, 640, 3), dst_order: NHCW, dst_shape: (640, 640, 3))
[2026-04-09 20:40:45.152] [24462] [HailoRT] [info] [queue_elements.cpp:450] [create] Created (PushQEl3yolov8m/input_layer1 | timeout: 10s)
[2026-04-09 20:40:45.152] [24462] [HailoRT] [info] [multi_io_elements.cpp:135] [create] Created (NmsPPMuxEl0YOLOV8-Post-Process | Op YOLOV8, Name: YOLOV8-Post-Process, Score threshold: 0.001, IoU threshold: 0.70, Classes: 8, Cross classes: false, NMS results order: BY_CLASS, Max bboxes per class: 100, Image height: 640, Image width: 640)
[2026-04-09 20:40:45.153] [24462] [HailoRT] [info] [queue_elements.cpp:942] [create] Created (MultiPushQEl0YOLOV8-Post-Process | timeout: 10s)
[2026-04-09 20:40:45.153] [24462] [HailoRT] [info] [edge_elements.cpp:187] [create] Created (LastAsyncEl0NmsPPMuxEl0YOLOV8-Post-Process)
[2026-04-09 20:40:45.153] [24462] [HailoRT] [info] [pipeline.cpp:891] [print_deep_description] EntryPushQEl0yolov8m/input_layer1 | inputs: user | outputs: PreInferEl3yolov8m/input_layer1(running in thread_id: 24485)
[2026-04-09 20:40:45.153] [24462] [HailoRT] [info] [pipeline.cpp:891] [print_deep_description] PreInferEl3yolov8m/input_layer1 | inputs: EntryPushQEl0yolov8m/input_layer1[0] | outputs: PushQEl3yolov8m/input_layer1
[2026-04-09 20:40:45.153] [24462] [HailoRT] [info] [pipeline.cpp:891] [print_deep_description] PushQEl3yolov8m/input_layer1 | inputs: PreInferEl3yolov8m/input_layer1[0] | outputs: AsyncHwEl(running in thread_id: 24486)
[2026-04-09 20:40:45.153] [24462] [HailoRT] [info] [pipeline.cpp:891] [print_deep_description] AsyncHwEl | inputs: PushQEl3yolov8m/input_layer1[0] | outputs: MultiPushQEl0YOLOV8-Post-Process MultiPushQEl0YOLOV8-Post-Process MultiPushQEl0YOLOV8-Post-Process MultiPushQEl0YOLOV8-Post-Process MultiPushQEl0YOLOV8-Post-Process MultiPushQEl0YOLOV8-Post-Process
[2026-04-09 20:40:45.153] [24462] [HailoRT] [info] [pipeline.cpp:891] [print_deep_description] MultiPushQEl0YOLOV8-Post-Process | inputs: AsyncHwEl[0] AsyncHwEl[1] AsyncHwEl[2] AsyncHwEl[3] AsyncHwEl[4] AsyncHwEl[5] | outputs: NmsPPMuxEl0YOLOV8-Post-Process(running in thread_id: 24487)
[2026-04-09 20:40:45.153] [24462] [HailoRT] [info] [pipeline.cpp:891] [print_deep_description] NmsPPMuxEl0YOLOV8-Post-Process | inputs: MultiPushQEl0YOLOV8-Post-Process[0] | outputs: LastAsyncEl0NmsPPMuxEl0YOLOV8-Post-Process
[2026-04-09 20:40:45.153] [24462] [HailoRT] [info] [pipeline.cpp:891] [print_deep_description] LastAsyncEl0NmsPPMuxEl0YOLOV8-Post-Process | inputs: NmsPPMuxEl0YOLOV8-Post-Process[0] | outputs: user
[2026-04-09 20:40:47.081] [24482] [HailoRT] [info] [hef.cpp:1929] [get_network_group_and_network_name] No name was given. Addressing all networks of default network_group: yolov8m
[2026-04-09 20:43:25.633] [24462] [HailoRT] [info] [async_infer_runner.cpp:86] [shutdown] Pipeline was aborted. Shutting it down
[2026-04-09 20:43:25.635] [24462] [HailoRT] [info] [queue_elements.cpp:1131] [execute_deactivate] enqueue() in element MultiPushQEl0YOLOV8-Post-Process was aborted, got status = HAILO_SHUTDOWN_EVENT_SIGNALED(57)
[2026-04-09 20:43:25.635] [24462] [HailoRT] [info] [queue_elements.cpp:1131] [execute_deactivate] enqueue() in element MultiPushQEl0YOLOV8-Post-Process was aborted, got status = HAILO_SHUTDOWN_EVENT_SIGNALED(57)
[2026-04-09 20:43:25.635] [24462] [HailoRT] [info] [queue_elements.cpp:1131] [execute_deactivate] enqueue() in element MultiPushQEl0YOLOV8-Post-Process was aborted, got status = HAILO_SHUTDOWN_EVENT_SIGNALED(57)
[2026-04-09 20:43:25.635] [24462] [HailoRT] [info] [queue_elements.cpp:1131] [execute_deactivate] enqueue() in element MultiPushQEl0YOLOV8-Post-Process was aborted, got status = HAILO_SHUTDOWN_EVENT_SIGNALED(57)
[2026-04-09 20:43:25.635] [24462] [HailoRT] [info] [queue_elements.cpp:1131] [execute_deactivate] enqueue() in element MultiPushQEl0YOLOV8-Post-Process was aborted, got status = HAILO_SHUTDOWN_EVENT_SIGNALED(57)
[2026-04-09 20:43:25.635] [24462] [HailoRT] [info] [queue_elements.cpp:1131] [execute_deactivate] enqueue() in element MultiPushQEl0YOLOV8-Post-Process was aborted, got status = HAILO_SHUTDOWN_EVENT_SIGNALED(57)
[2026-04-09 20:43:25.635] [24462] [HailoRT] [info] [queue_elements.cpp:570] [execute_deactivate] enqueue() in element PushQEl3yolov8m/input_layer1 was aborted, got status = HAILO_SHUTDOWN_EVENT_SIGNALED(57)
[2026-04-09 20:43:25.635] [24462] [HailoRT] [info] [queue_elements.cpp:570] [execute_deactivate] enqueue() in element EntryPushQEl0yolov8m/input_layer1 was aborted, got status = HAILO_SHUTDOWN_EVENT_SIGNALED(57)
[2026-04-09 20:43:25.635] [24462] [HailoRT] [info] [queue_elements.cpp:46] [~BaseQueueElement] Queue element EntryPushQEl0yolov8m/input_layer1 has 0 frames in his Queue on destruction
[2026-04-09 20:43:25.635] [24462] [HailoRT] [info] [queue_elements.cpp:46] [~BaseQueueElement] Queue element PushQEl3yolov8m/input_layer1 has 0 frames in his Queue on destruction
[2026-04-09 20:54:31.951] [28308] [HailoRT] [info] [vdevice.cpp:523] [create] Creating vdevice with params: device_count: 1, scheduling_algorithm: ROUND_ROBIN, multi_process_service: false
[2026-04-09 20:54:31.961] [28308] [HailoRT] [info] [device.cpp:49] [Device] OS Version: Linux 6.12.62+rpt-rpi-2712 #1 SMP PREEMPT Debian 1:6.12.62-1+rpt1~bookworm (2026-01-19) aarch64
[2026-04-09 20:54:31.962] [28308] [HailoRT] [info] [control.cpp:108] [control__parse_identify_results] firmware_version is: 4.20.0
[2026-04-09 20:54:31.962] [28308] [HailoRT] [info] [vdevice.cpp:651] [create] VDevice Infos: 0001:01:00.0
[2026-04-09 20:54:31.982] [28308] [HailoRT] [info] [hef.cpp:1929] [get_network_group_and_network_name] No name was given. Addressing all networks of default network_group: yolov8m
[2026-04-09 20:54:31.982] [28308] [HailoRT] [info] [hef.cpp:1929] [get_network_group_and_network_name] No name was given. Addressing all networks of default network_group: yolov8m
[2026-04-09 20:54:31.993] [28308] [HailoRT] [info] [internal_buffer_manager.cpp:204] [print_execution_results] Planned internal buffer memory: CMA memory 0, user memory 3037184. memory to edge layer usage factor is 1
[2026-04-09 20:54:31.993] [28308] [HailoRT] [info] [internal_buffer_manager.cpp:212] [print_execution_results] Default Internal buffer planner executed successfully
[2026-04-09 20:54:32.047] [28308] [HailoRT] [info] [device_internal.cpp:57] [configure] Configuring HEF took 61.139944 milliseconds
[2026-04-09 20:54:32.047] [28308] [HailoRT] [info] [vdevice.cpp:749] [configure] Configuring HEF on VDevice took 61.513889 milliseconds
[2026-04-09 20:54:32.047] [28308] [HailoRT] [info] [infer_model.cpp:436] [configure] Configuring network group 'yolov8m' with params: batch size: 0, power mode: PERFORMANCE, latency: NONE
[2026-04-09 20:54:32.048] [28308] [HailoRT] [info] [multi_io_elements.cpp:756] [create] Created (AsyncHwEl)
[2026-04-09 20:54:32.048] [28308] [HailoRT] [info] [queue_elements.cpp:450] [create] Created (EntryPushQEl0yolov8m/input_layer1 | timeout: 10s)
[2026-04-09 20:54:32.048] [28308] [HailoRT] [info] [filter_elements.cpp:101] [create] Created (PreInferEl3yolov8m/input_layer1 | Reorder - src_order: RGB4, src_shape: (640, 640, 3), dst_order: NHCW, dst_shape: (640, 640, 3))
[2026-04-09 20:54:32.048] [28308] [HailoRT] [info] [queue_elements.cpp:450] [create] Created (PushQEl3yolov8m/input_layer1 | timeout: 10s)
[2026-04-09 20:54:32.048] [28308] [HailoRT] [info] [multi_io_elements.cpp:135] [create] Created (NmsPPMuxEl0YOLOV8-Post-Process | Op YOLOV8, Name: YOLOV8-Post-Process, Score threshold: 0.001, IoU threshold: 0.70, Classes: 8, Cross classes: false, NMS results order: BY_CLASS, Max bboxes per class: 100, Image height: 640, Image width: 640)
[2026-04-09 20:54:32.048] [28308] [HailoRT] [info] [queue_elements.cpp:942] [create] Created (MultiPushQEl0YOLOV8-Post-Process | timeout: 10s)
[2026-04-09 20:54:32.048] [28308] [HailoRT] [info] [edge_elements.cpp:187] [create] Created (LastAsyncEl0NmsPPMuxEl0YOLOV8-Post-Process)
[2026-04-09 20:54:32.048] [28308] [HailoRT] [info] [pipeline.cpp:891] [print_deep_description] EntryPushQEl0yolov8m/input_layer1 | inputs: user | outputs: PreInferEl3yolov8m/input_layer1(running in thread_id: 28331)
[2026-04-09 20:54:32.048] [28308] [HailoRT] [info] [pipeline.cpp:891] [print_deep_description] PreInferEl3yolov8m/input_layer1 | inputs: EntryPushQEl0yolov8m/input_layer1[0] | outputs: PushQEl3yolov8m/input_layer1
[2026-04-09 20:54:32.048] [28308] [HailoRT] [info] [pipeline.cpp:891] [print_deep_description] PushQEl3yolov8m/input_layer1 | inputs: PreInferEl3yolov8m/input_layer1[0] | outputs: AsyncHwEl(running in thread_id: 28332)
[2026-04-09 20:54:32.048] [28308] [HailoRT] [info] [pipeline.cpp:891] [print_deep_description] AsyncHwEl | inputs: PushQEl3yolov8m/input_layer1[0] | outputs: MultiPushQEl0YOLOV8-Post-Process MultiPushQEl0YOLOV8-Post-Process MultiPushQEl0YOLOV8-Post-Process MultiPushQEl0YOLOV8-Post-Process MultiPushQEl0YOLOV8-Post-Process MultiPushQEl0YOLOV8-Post-Process
[2026-04-09 20:54:32.048] [28308] [HailoRT] [info] [pipeline.cpp:891] [print_deep_description] MultiPushQEl0YOLOV8-Post-Process | inputs: AsyncHwEl[0] AsyncHwEl[1] AsyncHwEl[2] AsyncHwEl[3] AsyncHwEl[4] AsyncHwEl[5] | outputs: NmsPPMuxEl0YOLOV8-Post-Process(running in thread_id: 28333)
[2026-04-09 20:54:32.048] [28308] [HailoRT] [info] [pipeline.cpp:891] [print_deep_description] NmsPPMuxEl0YOLOV8-Post-Process | inputs: MultiPushQEl0YOLOV8-Post-Process[0] | outputs: LastAsyncEl0NmsPPMuxEl0YOLOV8-Post-Process
[2026-04-09 20:54:32.048] [28308] [HailoRT] [info] [pipeline.cpp:891] [print_deep_description] LastAsyncEl0NmsPPMuxEl0YOLOV8-Post-Process | inputs: NmsPPMuxEl0YOLOV8-Post-Process[0] | outputs: user
[2026-04-09 20:54:33.978] [28328] [HailoRT] [info] [hef.cpp:1929] [get_network_group_and_network_name] No name was given. Addressing all networks of default network_group: yolov8m
[2026-04-09 22:22:18.049] [43814] [HailoRT] [info] [vdevice.cpp:523] [create] Creating vdevice with params: device_count: 1, scheduling_algorithm: ROUND_ROBIN, multi_process_service: false
[2026-04-09 22:22:18.061] [43814] [HailoRT] [info] [device.cpp:49] [Device] OS Version: Linux 6.12.62+rpt-rpi-2712 #1 SMP PREEMPT Debian 1:6.12.62-1+rpt1~bookworm (2026-01-19) aarch64
[2026-04-09 22:22:18.062] [43814] [HailoRT] [info] [control.cpp:108] [control__parse_identify_results] firmware_version is: 4.20.0
[2026-04-09 22:22:18.062] [43814] [HailoRT] [info] [vdevice.cpp:651] [create] VDevice Infos: 0001:01:00.0
[2026-04-09 22:22:18.084] [43814] [HailoRT] [info] [hef.cpp:1929] [get_network_group_and_network_name] No name was given. Addressing all networks of default network_group: yolov8m
[2026-04-09 22:22:18.084] [43814] [HailoRT] [info] [hef.cpp:1929] [get_network_group_and_network_name] No name was given. Addressing all networks of default network_group: yolov8m
[2026-04-09 22:22:18.094] [43814] [HailoRT] [info] [internal_buffer_manager.cpp:204] [print_execution_results] Planned internal buffer memory: CMA memory 0, user memory 3037184. memory to edge layer usage factor is 1
[2026-04-09 22:22:18.094] [43814] [HailoRT] [info] [internal_buffer_manager.cpp:212] [print_execution_results] Default Internal buffer planner executed successfully
[2026-04-09 22:22:18.143] [43814] [HailoRT] [info] [device_internal.cpp:57] [configure] Configuring HEF took 55.959039 milliseconds
[2026-04-09 22:22:18.143] [43814] [HailoRT] [info] [vdevice.cpp:749] [configure] Configuring HEF on VDevice took 56.307799 milliseconds
[2026-04-09 22:22:18.144] [43814] [HailoRT] [info] [infer_model.cpp:436] [configure] Configuring network group 'yolov8m' with params: batch size: 0, power mode: PERFORMANCE, latency: NONE
[2026-04-09 22:22:18.144] [43814] [HailoRT] [info] [multi_io_elements.cpp:756] [create] Created (AsyncHwEl)
[2026-04-09 22:22:18.144] [43814] [HailoRT] [info] [queue_elements.cpp:450] [create] Created (EntryPushQEl0yolov8m/input_layer1 | timeout: 10s)
[2026-04-09 22:22:18.144] [43814] [HailoRT] [info] [filter_elements.cpp:101] [create] Created (PreInferEl3yolov8m/input_layer1 | Reorder - src_order: RGB4, src_shape: (640, 640, 3), dst_order: NHCW, dst_shape: (640, 640, 3))
[2026-04-09 22:22:18.144] [43814] [HailoRT] [info] [queue_elements.cpp:450] [create] Created (PushQEl3yolov8m/input_layer1 | timeout: 10s)
[2026-04-09 22:22:18.144] [43814] [HailoRT] [info] [multi_io_elements.cpp:135] [create] Created (NmsPPMuxEl0YOLOV8-Post-Process | Op YOLOV8, Name: YOLOV8-Post-Process, Score threshold: 0.001, IoU threshold: 0.70, Classes: 8, Cross classes: false, NMS results order: BY_CLASS, Max bboxes per class: 100, Image height: 640, Image width: 640)
[2026-04-09 22:22:18.144] [43814] [HailoRT] [info] [queue_elements.cpp:942] [create] Created (MultiPushQEl0YOLOV8-Post-Process | timeout: 10s)
[2026-04-09 22:22:18.144] [43814] [HailoRT] [info] [edge_elements.cpp:187] [create] Created (LastAsyncEl0NmsPPMuxEl0YOLOV8-Post-Process)
[2026-04-09 22:22:18.144] [43814] [HailoRT] [info] [pipeline.cpp:891] [print_deep_description] EntryPushQEl0yolov8m/input_layer1 | inputs: user | outputs: PreInferEl3yolov8m/input_layer1(running in thread_id: 43846)
[2026-04-09 22:22:18.144] [43814] [HailoRT] [info] [pipeline.cpp:891] [print_deep_description] PreInferEl3yolov8m/input_layer1 | inputs: EntryPushQEl0yolov8m/input_layer1[0] | outputs: PushQEl3yolov8m/input_layer1
[2026-04-09 22:22:18.144] [43814] [HailoRT] [info] [pipeline.cpp:891] [print_deep_description] PushQEl3yolov8m/input_layer1 | inputs: PreInferEl3yolov8m/input_layer1[0] | outputs: AsyncHwEl(running in thread_id: 43847)
[2026-04-09 22:22:18.144] [43814] [HailoRT] [info] [pipeline.cpp:891] [print_deep_description] AsyncHwEl | inputs: PushQEl3yolov8m/input_layer1[0] | outputs: MultiPushQEl0YOLOV8-Post-Process MultiPushQEl0YOLOV8-Post-Process MultiPushQEl0YOLOV8-Post-Process MultiPushQEl0YOLOV8-Post-Process MultiPushQEl0YOLOV8-Post-Process MultiPushQEl0YOLOV8-Post-Process
[2026-04-09 22:22:18.144] [43814] [HailoRT] [info] [pipeline.cpp:891] [print_deep_description] MultiPushQEl0YOLOV8-Post-Process | inputs: AsyncHwEl[0] AsyncHwEl[1] AsyncHwEl[2] AsyncHwEl[3] AsyncHwEl[4] AsyncHwEl[5] | outputs: NmsPPMuxEl0YOLOV8-Post-Process(running in thread_id: 43848)
[2026-04-09 22:22:18.144] [43814] [HailoRT] [info] [pipeline.cpp:891] [print_deep_description] NmsPPMuxEl0YOLOV8-Post-Process | inputs: MultiPushQEl0YOLOV8-Post-Process[0] | outputs: LastAsyncEl0NmsPPMuxEl0YOLOV8-Post-Process
[2026-04-09 22:22:18.144] [43814] [HailoRT] [info] [pipeline.cpp:891] [print_deep_description] LastAsyncEl0NmsPPMuxEl0YOLOV8-Post-Process | inputs: NmsPPMuxEl0YOLOV8-Post-Process[0] | outputs: user
[2026-04-09 22:22:20.248] [43843] [HailoRT] [info] [hef.cpp:1929] [get_network_group_and_network_name] No name was given. Addressing all networks of default network_group: yolov8m
[2026-04-09 22:22:25.720] [43814] [HailoRT] [info] [async_infer_runner.cpp:86] [shutdown] Pipeline was aborted. Shutting it down
[2026-04-09 22:22:25.721] [43814] [HailoRT] [info] [queue_elements.cpp:1131] [execute_deactivate] enqueue() in element MultiPushQEl0YOLOV8-Post-Process was aborted, got status = HAILO_SHUTDOWN_EVENT_SIGNALED(57)
[2026-04-09 22:22:25.721] [43814] [HailoRT] [info] [queue_elements.cpp:1131] [execute_deactivate] enqueue() in element MultiPushQEl0YOLOV8-Post-Process was aborted, got status = HAILO_SHUTDOWN_EVENT_SIGNALED(57)
[2026-04-09 22:22:25.721] [43814] [HailoRT] [info] [queue_elements.cpp:1131] [execute_deactivate] enqueue() in element MultiPushQEl0YOLOV8-Post-Process was aborted, got status = HAILO_SHUTDOWN_EVENT_SIGNALED(57)
[2026-04-09 22:22:25.721] [43814] [HailoRT] [info] [queue_elements.cpp:1131] [execute_deactivate] enqueue() in element MultiPushQEl0YOLOV8-Post-Process was aborted, got status = HAILO_SHUTDOWN_EVENT_SIGNALED(57)
[2026-04-09 22:22:25.721] [43814] [HailoRT] [info] [queue_elements.cpp:1131] [execute_deactivate] enqueue() in element MultiPushQEl0YOLOV8-Post-Process was aborted, got status = HAILO_SHUTDOWN_EVENT_SIGNALED(57)
[2026-04-09 22:22:25.721] [43814] [HailoRT] [info] [queue_elements.cpp:1131] [execute_deactivate] enqueue() in element MultiPushQEl0YOLOV8-Post-Process was aborted, got status = HAILO_SHUTDOWN_EVENT_SIGNALED(57)
[2026-04-09 22:22:25.721] [43814] [HailoRT] [info] [queue_elements.cpp:570] [execute_deactivate] enqueue() in element PushQEl3yolov8m/input_layer1 was aborted, got status = HAILO_SHUTDOWN_EVENT_SIGNALED(57)
[2026-04-09 22:22:25.721] [43814] [HailoRT] [info] [queue_elements.cpp:570] [execute_deactivate] enqueue() in element EntryPushQEl0yolov8m/input_layer1 was aborted, got status = HAILO_SHUTDOWN_EVENT_SIGNALED(57)
[2026-04-09 22:22:25.721] [43814] [HailoRT] [info] [queue_elements.cpp:46] [~BaseQueueElement] Queue element EntryPushQEl0yolov8m/input_layer1 has 0 frames in his Queue on destruction
[2026-04-09 22:22:25.721] [43814] [HailoRT] [info] [queue_elements.cpp:46] [~BaseQueueElement] Queue element PushQEl3yolov8m/input_layer1 has 0 frames in his Queue on destruction
[2026-04-09 22:23:00.254] [44193] [HailoRT] [info] [vdevice.cpp:523] [create] Creating vdevice with params: device_count: 1, scheduling_algorithm: ROUND_ROBIN, multi_process_service: false
[2026-04-09 22:23:00.265] [44193] [HailoRT] [info] [device.cpp:49] [Device] OS Version: Linux 6.12.62+rpt-rpi-2712 #1 SMP PREEMPT Debian 1:6.12.62-1+rpt1~bookworm (2026-01-19) aarch64
[2026-04-09 22:23:00.266] [44193] [HailoRT] [info] [control.cpp:108] [control__parse_identify_results] firmware_version is: 4.20.0
[2026-04-09 22:23:00.267] [44193] [HailoRT] [info] [vdevice.cpp:651] [create] VDevice Infos: 0001:01:00.0
[2026-04-09 22:23:00.294] [44193] [HailoRT] [info] [hef.cpp:1929] [get_network_group_and_network_name] No name was given. Addressing all networks of default network_group: yolov8m
[2026-04-09 22:23:00.294] [44193] [HailoRT] [info] [hef.cpp:1929] [get_network_group_and_network_name] No name was given. Addressing all networks of default network_group: yolov8m
[2026-04-09 22:23:00.304] [44193] [HailoRT] [info] [internal_buffer_manager.cpp:204] [print_execution_results] Planned internal buffer memory: CMA memory 0, user memory 3037184. memory to edge layer usage factor is 1
[2026-04-09 22:23:00.304] [44193] [HailoRT] [info] [internal_buffer_manager.cpp:212] [print_execution_results] Default Internal buffer planner executed successfully
[2026-04-09 22:23:00.354] [44193] [HailoRT] [info] [device_internal.cpp:57] [configure] Configuring HEF took 56.714981 milliseconds
[2026-04-09 22:23:00.354] [44193] [HailoRT] [info] [vdevice.cpp:749] [configure] Configuring HEF on VDevice took 57.07124 milliseconds
[2026-04-09 22:23:00.354] [44193] [HailoRT] [info] [infer_model.cpp:436] [configure] Configuring network group 'yolov8m' with params: batch size: 0, power mode: PERFORMANCE, latency: NONE
[2026-04-09 22:23:00.354] [44193] [HailoRT] [info] [multi_io_elements.cpp:756] [create] Created (AsyncHwEl)
[2026-04-09 22:23:00.355] [44193] [HailoRT] [info] [queue_elements.cpp:450] [create] Created (EntryPushQEl0yolov8m/input_layer1 | timeout: 10s)
[2026-04-09 22:23:00.355] [44193] [HailoRT] [info] [filter_elements.cpp:101] [create] Created (PreInferEl3yolov8m/input_layer1 | Reorder - src_order: RGB4, src_shape: (640, 640, 3), dst_order: NHCW, dst_shape: (640, 640, 3))
[2026-04-09 22:23:00.355] [44193] [HailoRT] [info] [queue_elements.cpp:450] [create] Created (PushQEl3yolov8m/input_layer1 | timeout: 10s)
[2026-04-09 22:23:00.355] [44193] [HailoRT] [info] [multi_io_elements.cpp:135] [create] Created (NmsPPMuxEl0YOLOV8-Post-Process | Op YOLOV8, Name: YOLOV8-Post-Process, Score threshold: 0.001, IoU threshold: 0.70, Classes: 8, Cross classes: false, NMS results order: BY_CLASS, Max bboxes per class: 100, Image height: 640, Image width: 640)
[2026-04-09 22:23:00.355] [44193] [HailoRT] [info] [queue_elements.cpp:942] [create] Created (MultiPushQEl0YOLOV8-Post-Process | timeout: 10s)
[2026-04-09 22:23:00.355] [44193] [HailoRT] [info] [edge_elements.cpp:187] [create] Created (LastAsyncEl0NmsPPMuxEl0YOLOV8-Post-Process)
[2026-04-09 22:23:00.355] [44193] [HailoRT] [info] [pipeline.cpp:891] [print_deep_description] EntryPushQEl0yolov8m/input_layer1 | inputs: user | outputs: PreInferEl3yolov8m/input_layer1(running in thread_id: 44225)
[2026-04-09 22:23:00.355] [44193] [HailoRT] [info] [pipeline.cpp:891] [print_deep_description] PreInferEl3yolov8m/input_layer1 | inputs: EntryPushQEl0yolov8m/input_layer1[0] | outputs: PushQEl3yolov8m/input_layer1
[2026-04-09 22:23:00.355] [44193] [HailoRT] [info] [pipeline.cpp:891] [print_deep_description] PushQEl3yolov8m/input_layer1 | inputs: PreInferEl3yolov8m/input_layer1[0] | outputs: AsyncHwEl(running in thread_id: 44226)
[2026-04-09 22:23:00.355] [44193] [HailoRT] [info] [pipeline.cpp:891] [print_deep_description] AsyncHwEl | inputs: PushQEl3yolov8m/input_layer1[0] | outputs: MultiPushQEl0YOLOV8-Post-Process MultiPushQEl0YOLOV8-Post-Process MultiPushQEl0YOLOV8-Post-Process MultiPushQEl0YOLOV8-Post-Process MultiPushQEl0YOLOV8-Post-Process MultiPushQEl0YOLOV8-Post-Process
[2026-04-09 22:23:00.355] [44193] [HailoRT] [info] [pipeline.cpp:891] [print_deep_description] MultiPushQEl0YOLOV8-Post-Process | inputs: AsyncHwEl[0] AsyncHwEl[1] AsyncHwEl[2] AsyncHwEl[3] AsyncHwEl[4] AsyncHwEl[5] | outputs: NmsPPMuxEl0YOLOV8-Post-Process(running in thread_id: 44227)
[2026-04-09 22:23:00.355] [44193] [HailoRT] [info] [pipeline.cpp:891] [print_deep_description] NmsPPMuxEl0YOLOV8-Post-Process | inputs: MultiPushQEl0YOLOV8-Post-Process[0] | outputs: LastAsyncEl0NmsPPMuxEl0YOLOV8-Post-Process
[2026-04-09 22:23:00.355] [44193] [HailoRT] [info] [pipeline.cpp:891] [print_deep_description] LastAsyncEl0NmsPPMuxEl0YOLOV8-Post-Process | inputs: NmsPPMuxEl0YOLOV8-Post-Process[0] | outputs: user
[2026-04-09 22:23:01.525] [44222] [HailoRT] [info] [hef.cpp:1929] [get_network_group_and_network_name] No name was given. Addressing all networks of default network_group: yolov8m
[2026-04-09 22:23:07.262] [44193] [HailoRT] [info] [async_infer_runner.cpp:86] [shutdown] Pipeline was aborted. Shutting it down
[2026-04-09 22:23:07.262] [44193] [HailoRT] [info] [queue_elements.cpp:1131] [execute_deactivate] enqueue() in element MultiPushQEl0YOLOV8-Post-Process was aborted, got status = HAILO_SHUTDOWN_EVENT_SIGNALED(57)
[2026-04-09 22:23:07.262] [44193] [HailoRT] [info] [queue_elements.cpp:1131] [execute_deactivate] enqueue() in element MultiPushQEl0YOLOV8-Post-Process was aborted, got status = HAILO_SHUTDOWN_EVENT_SIGNALED(57)
[2026-04-09 22:23:07.262] [44193] [HailoRT] [info] [queue_elements.cpp:1131] [execute_deactivate] enqueue() in element MultiPushQEl0YOLOV8-Post-Process was aborted, got status = HAILO_SHUTDOWN_EVENT_SIGNALED(57)
[2026-04-09 22:23:07.262] [44193] [HailoRT] [info] [queue_elements.cpp:1131] [execute_deactivate] enqueue() in element MultiPushQEl0YOLOV8-Post-Process was aborted, got status = HAILO_SHUTDOWN_EVENT_SIGNALED(57)
[2026-04-09 22:23:07.262] [44193] [HailoRT] [info] [queue_elements.cpp:1131] [execute_deactivate] enqueue() in element MultiPushQEl0YOLOV8-Post-Process was aborted, got status = HAILO_SHUTDOWN_EVENT_SIGNALED(57)
[2026-04-09 22:23:07.262] [44193] [HailoRT] [info] [queue_elements.cpp:1131] [execute_deactivate] enqueue() in element MultiPushQEl0YOLOV8-Post-Process was aborted, got status = HAILO_SHUTDOWN_EVENT_SIGNALED(57)
[2026-04-09 22:23:07.262] [44193] [HailoRT] [info] [queue_elements.cpp:570] [execute_deactivate] enqueue() in element PushQEl3yolov8m/input_layer1 was aborted, got status = HAILO_SHUTDOWN_EVENT_SIGNALED(57)
[2026-04-09 22:23:07.262] [44193] [HailoRT] [info] [queue_elements.cpp:570] [execute_deactivate] enqueue() in element EntryPushQEl0yolov8m/input_layer1 was aborted, got status = HAILO_SHUTDOWN_EVENT_SIGNALED(57)
[2026-04-09 22:23:07.262] [44193] [HailoRT] [info] [queue_elements.cpp:46] [~BaseQueueElement] Queue element EntryPushQEl0yolov8m/input_layer1 has 0 frames in his Queue on destruction
[2026-04-09 22:23:07.262] [44193] [HailoRT] [info] [queue_elements.cpp:46] [~BaseQueueElement] Queue element PushQEl3yolov8m/input_layer1 has 0 frames in his Queue on destruction
[2026-04-09 22:25:24.047] [45004] [HailoRT] [info] [vdevice.cpp:523] [create] Creating vdevice with params: device_count: 1, scheduling_algorithm: ROUND_ROBIN, multi_process_service: false
[2026-04-09 22:25:24.060] [45004] [HailoRT] [info] [device.cpp:49] [Device] OS Version: Linux 6.12.62+rpt-rpi-2712 #1 SMP PREEMPT Debian 1:6.12.62-1+rpt1~bookworm (2026-01-19) aarch64
[2026-04-09 22:25:24.069] [45004] [HailoRT] [info] [control.cpp:108] [control__parse_identify_results] firmware_version is: 4.20.0
[2026-04-09 22:25:24.069] [45004] [HailoRT] [info] [vdevice.cpp:651] [create] VDevice Infos: 0001:01:00.0
[2026-04-09 22:25:24.088] [45004] [HailoRT] [info] [hef.cpp:1929] [get_network_group_and_network_name] No name was given. Addressing all networks of default network_group: yolov8m
[2026-04-09 22:25:24.088] [45004] [HailoRT] [info] [hef.cpp:1929] [get_network_group_and_network_name] No name was given. Addressing all networks of default network_group: yolov8m
[2026-04-09 22:25:24.100] [45004] [HailoRT] [info] [internal_buffer_manager.cpp:204] [print_execution_results] Planned internal buffer memory: CMA memory 0, user memory 3037184. memory to edge layer usage factor is 1
[2026-04-09 22:25:24.100] [45004] [HailoRT] [info] [internal_buffer_manager.cpp:212] [print_execution_results] Default Internal buffer planner executed successfully
[2026-04-09 22:25:24.157] [45004] [HailoRT] [info] [device_internal.cpp:57] [configure] Configuring HEF took 66.171144 milliseconds
[2026-04-09 22:25:24.157] [45004] [HailoRT] [info] [vdevice.cpp:749] [configure] Configuring HEF on VDevice took 66.478257 milliseconds
[2026-04-09 22:25:24.158] [45004] [HailoRT] [info] [infer_model.cpp:436] [configure] Configuring network group 'yolov8m' with params: batch size: 0, power mode: PERFORMANCE, latency: NONE
[2026-04-09 22:25:24.158] [45004] [HailoRT] [info] [multi_io_elements.cpp:756] [create] Created (AsyncHwEl)
[2026-04-09 22:25:24.158] [45004] [HailoRT] [info] [queue_elements.cpp:450] [create] Created (EntryPushQEl0yolov8m/input_layer1 | timeout: 10s)
[2026-04-09 22:25:24.158] [45004] [HailoRT] [info] [filter_elements.cpp:101] [create] Created (PreInferEl3yolov8m/input_layer1 | Reorder - src_order: RGB4, src_shape: (640, 640, 3), dst_order: NHCW, dst_shape: (640, 640, 3))
[2026-04-09 22:25:24.158] [45004] [HailoRT] [info] [queue_elements.cpp:450] [create] Created (PushQEl3yolov8m/input_layer1 | timeout: 10s)
[2026-04-09 22:25:24.158] [45004] [HailoRT] [info] [multi_io_elements.cpp:135] [create] Created (NmsPPMuxEl0YOLOV8-Post-Process | Op YOLOV8, Name: YOLOV8-Post-Process, Score threshold: 0.001, IoU threshold: 0.70, Classes: 8, Cross classes: false, NMS results order: BY_CLASS, Max bboxes per class: 100, Image height: 640, Image width: 640)
[2026-04-09 22:25:24.158] [45004] [HailoRT] [info] [queue_elements.cpp:942] [create] Created (MultiPushQEl0YOLOV8-Post-Process | timeout: 10s)
[2026-04-09 22:25:24.158] [45004] [HailoRT] [info] [edge_elements.cpp:187] [create] Created (LastAsyncEl0NmsPPMuxEl0YOLOV8-Post-Process)
[2026-04-09 22:25:24.158] [45004] [HailoRT] [info] [pipeline.cpp:891] [print_deep_description] EntryPushQEl0yolov8m/input_layer1 | inputs: user | outputs: PreInferEl3yolov8m/input_layer1(running in thread_id: 45036)
[2026-04-09 22:25:24.158] [45004] [HailoRT] [info] [pipeline.cpp:891] [print_deep_description] PreInferEl3yolov8m/input_layer1 | inputs: EntryPushQEl0yolov8m/input_layer1[0] | outputs: PushQEl3yolov8m/input_layer1
[2026-04-09 22:25:24.158] [45004] [HailoRT] [info] [pipeline.cpp:891] [print_deep_description] PushQEl3yolov8m/input_layer1 | inputs: PreInferEl3yolov8m/input_layer1[0] | outputs: AsyncHwEl(running in thread_id: 45037)
[2026-04-09 22:25:24.158] [45004] [HailoRT] [info] [pipeline.cpp:891] [print_deep_description] AsyncHwEl | inputs: PushQEl3yolov8m/input_layer1[0] | outputs: MultiPushQEl0YOLOV8-Post-Process MultiPushQEl0YOLOV8-Post-Process MultiPushQEl0YOLOV8-Post-Process MultiPushQEl0YOLOV8-Post-Process MultiPushQEl0YOLOV8-Post-Process MultiPushQEl0YOLOV8-Post-Process
[2026-04-09 22:25:24.158] [45004] [HailoRT] [info] [pipeline.cpp:891] [print_deep_description] MultiPushQEl0YOLOV8-Post-Process | inputs: AsyncHwEl[0] AsyncHwEl[1] AsyncHwEl[2] AsyncHwEl[3] AsyncHwEl[4] AsyncHwEl[5] | outputs: NmsPPMuxEl0YOLOV8-Post-Process(running in thread_id: 45038)
[2026-04-09 22:25:24.158] [45004] [HailoRT] [info] [pipeline.cpp:891] [print_deep_description] NmsPPMuxEl0YOLOV8-Post-Process | inputs: MultiPushQEl0YOLOV8-Post-Process[0] | outputs: LastAsyncEl0NmsPPMuxEl0YOLOV8-Post-Process
[2026-04-09 22:25:24.158] [45004] [HailoRT] [info] [pipeline.cpp:891] [print_deep_description] LastAsyncEl0NmsPPMuxEl0YOLOV8-Post-Process | inputs: NmsPPMuxEl0YOLOV8-Post-Process[0] | outputs: user
[2026-04-09 22:25:25.285] [45033] [HailoRT] [info] [hef.cpp:1929] [get_network_group_and_network_name] No name was given. Addressing all networks of default network_group: yolov8m
[2026-04-09 22:35:41.155] [3990] [HailoRT] [info] [vdevice.cpp:523] [create] Creating vdevice with params: device_count: 1, scheduling_algorithm: ROUND_ROBIN, multi_process_service: false
[2026-04-09 22:35:41.168] [3990] [HailoRT] [info] [device.cpp:49] [Device] OS Version: Linux 6.12.62+rpt-rpi-2712 #1 SMP PREEMPT Debian 1:6.12.62-1+rpt1~bookworm (2026-01-19) aarch64
[2026-04-09 22:35:41.170] [3990] [HailoRT] [info] [control.cpp:108] [control__parse_identify_results] firmware_version is: 4.20.0
[2026-04-09 22:35:41.170] [3990] [HailoRT] [info] [vdevice.cpp:651] [create] VDevice Infos: 0001:01:00.0
[2026-04-09 22:35:41.521] [3990] [HailoRT] [info] [hef.cpp:1929] [get_network_group_and_network_name] No name was given. Addressing all networks of default network_group: yolov8m
[2026-04-09 22:35:41.522] [3990] [HailoRT] [info] [hef.cpp:1929] [get_network_group_and_network_name] No name was given. Addressing all networks of default network_group: yolov8m
[2026-04-09 22:35:41.542] [3990] [HailoRT] [info] [internal_buffer_manager.cpp:204] [print_execution_results] Planned internal buffer memory: CMA memory 0, user memory 3037184. memory to edge layer usage factor is 1
[2026-04-09 22:35:41.542] [3990] [HailoRT] [info] [internal_buffer_manager.cpp:212] [print_execution_results] Default Internal buffer planner executed successfully
[2026-04-09 22:35:41.604] [3990] [HailoRT] [info] [device_internal.cpp:57] [configure] Configuring HEF took 69.579186 milliseconds
[2026-04-09 22:35:41.604] [3990] [HailoRT] [info] [vdevice.cpp:749] [configure] Configuring HEF on VDevice took 70.928648 milliseconds
[2026-04-09 22:35:41.605] [3990] [HailoRT] [info] [infer_model.cpp:436] [configure] Configuring network group 'yolov8m' with params: batch size: 0, power mode: PERFORMANCE, latency: NONE
[2026-04-09 22:35:41.607] [3990] [HailoRT] [info] [multi_io_elements.cpp:756] [create] Created (AsyncHwEl)
[2026-04-09 22:35:41.607] [3990] [HailoRT] [info] [queue_elements.cpp:450] [create] Created (EntryPushQEl0yolov8m/input_layer1 | timeout: 10s)
[2026-04-09 22:35:41.607] [3990] [HailoRT] [info] [filter_elements.cpp:101] [create] Created (PreInferEl3yolov8m/input_layer1 | Reorder - src_order: RGB4, src_shape: (640, 640, 3), dst_order: NHCW, dst_shape: (640, 640, 3))
[2026-04-09 22:35:41.607] [3990] [HailoRT] [info] [queue_elements.cpp:450] [create] Created (PushQEl3yolov8m/input_layer1 | timeout: 10s)
[2026-04-09 22:35:41.607] [3990] [HailoRT] [info] [multi_io_elements.cpp:135] [create] Created (NmsPPMuxEl0YOLOV8-Post-Process | Op YOLOV8, Name: YOLOV8-Post-Process, Score threshold: 0.001, IoU threshold: 0.70, Classes: 8, Cross classes: false, NMS results order: BY_CLASS, Max bboxes per class: 100, Image height: 640, Image width: 640)
[2026-04-09 22:35:41.608] [3990] [HailoRT] [info] [queue_elements.cpp:942] [create] Created (MultiPushQEl0YOLOV8-Post-Process | timeout: 10s)
[2026-04-09 22:35:41.608] [3990] [HailoRT] [info] [edge_elements.cpp:187] [create] Created (LastAsyncEl0NmsPPMuxEl0YOLOV8-Post-Process)
[2026-04-09 22:35:41.608] [3990] [HailoRT] [info] [pipeline.cpp:891] [print_deep_description] EntryPushQEl0yolov8m/input_layer1 | inputs: user | outputs: PreInferEl3yolov8m/input_layer1(running in thread_id: 4032)
[2026-04-09 22:35:41.608] [3990] [HailoRT] [info] [pipeline.cpp:891] [print_deep_description] PreInferEl3yolov8m/input_layer1 | inputs: EntryPushQEl0yolov8m/input_layer1[0] | outputs: PushQEl3yolov8m/input_layer1
[2026-04-09 22:35:41.608] [3990] [HailoRT] [info] [pipeline.cpp:891] [print_deep_description] PushQEl3yolov8m/input_layer1 | inputs: PreInferEl3yolov8m/input_layer1[0] | outputs: AsyncHwEl(running in thread_id: 4033)
[2026-04-09 22:35:41.608] [3990] [HailoRT] [info] [pipeline.cpp:891] [print_deep_description] AsyncHwEl | inputs: PushQEl3yolov8m/input_layer1[0] | outputs: MultiPushQEl0YOLOV8-Post-Process MultiPushQEl0YOLOV8-Post-Process MultiPushQEl0YOLOV8-Post-Process MultiPushQEl0YOLOV8-Post-Process MultiPushQEl0YOLOV8-Post-Process MultiPushQEl0YOLOV8-Post-Process
[2026-04-09 22:35:41.608] [3990] [HailoRT] [info] [pipeline.cpp:891] [print_deep_description] MultiPushQEl0YOLOV8-Post-Process | inputs: AsyncHwEl[0] AsyncHwEl[1] AsyncHwEl[2] AsyncHwEl[3] AsyncHwEl[4] AsyncHwEl[5] | outputs: NmsPPMuxEl0YOLOV8-Post-Process(running in thread_id: 4034)
[2026-04-09 22:35:41.609] [3990] [HailoRT] [info] [pipeline.cpp:891] [print_deep_description] NmsPPMuxEl0YOLOV8-Post-Process | inputs: MultiPushQEl0YOLOV8-Post-Process[0] | outputs: LastAsyncEl0NmsPPMuxEl0YOLOV8-Post-Process
[2026-04-09 22:35:41.609] [3990] [HailoRT] [info] [pipeline.cpp:891] [print_deep_description] LastAsyncEl0NmsPPMuxEl0YOLOV8-Post-Process | inputs: NmsPPMuxEl0YOLOV8-Post-Process[0] | outputs: user
[2026-04-09 22:35:42.728] [4028] [HailoRT] [info] [hef.cpp:1929] [get_network_group_and_network_name] No name was given. Addressing all networks of default network_group: yolov8m
[2026-04-09 22:46:12.194] [7016] [HailoRT] [info] [vdevice.cpp:523] [create] Creating vdevice with params: device_count: 1, scheduling_algorithm: ROUND_ROBIN, multi_process_service: false
[2026-04-09 22:46:12.206] [7016] [HailoRT] [info] [device.cpp:49] [Device] OS Version: Linux 6.12.62+rpt-rpi-2712 #1 SMP PREEMPT Debian 1:6.12.62-1+rpt1~bookworm (2026-01-19) aarch64
[2026-04-09 22:46:12.208] [7016] [HailoRT] [info] [control.cpp:108] [control__parse_identify_results] firmware_version is: 4.20.0
[2026-04-09 22:46:12.208] [7016] [HailoRT] [info] [vdevice.cpp:651] [create] VDevice Infos: 0001:01:00.0
[2026-04-09 22:46:12.227] [7016] [HailoRT] [info] [hef.cpp:1929] [get_network_group_and_network_name] No name was given. Addressing all networks of default network_group: yolov8m
[2026-04-09 22:46:12.227] [7016] [HailoRT] [info] [hef.cpp:1929] [get_network_group_and_network_name] No name was given. Addressing all networks of default network_group: yolov8m
[2026-04-09 22:46:12.236] [7016] [HailoRT] [info] [internal_buffer_manager.cpp:204] [print_execution_results] Planned internal buffer memory: CMA memory 0, user memory 3037184. memory to edge layer usage factor is 1
[2026-04-09 22:46:12.236] [7016] [HailoRT] [info] [internal_buffer_manager.cpp:212] [print_execution_results] Default Internal buffer planner executed successfully
[2026-04-09 22:46:12.274] [7016] [HailoRT] [info] [device_internal.cpp:57] [configure] Configuring HEF took 43.78639 milliseconds
[2026-04-09 22:46:12.274] [7016] [HailoRT] [info] [vdevice.cpp:749] [configure] Configuring HEF on VDevice took 44.089649 milliseconds
[2026-04-09 22:46:12.274] [7016] [HailoRT] [info] [infer_model.cpp:436] [configure] Configuring network group 'yolov8m' with params: batch size: 0, power mode: PERFORMANCE, latency: NONE
[2026-04-09 22:46:12.274] [7016] [HailoRT] [info] [multi_io_elements.cpp:756] [create] Created (AsyncHwEl)
[2026-04-09 22:46:12.274] [7016] [HailoRT] [info] [queue_elements.cpp:450] [create] Created (EntryPushQEl0yolov8m/input_layer1 | timeout: 10s)
[2026-04-09 22:46:12.274] [7016] [HailoRT] [info] [filter_elements.cpp:101] [create] Created (PreInferEl3yolov8m/input_layer1 | Reorder - src_order: RGB4, src_shape: (640, 640, 3), dst_order: NHCW, dst_shape: (640, 640, 3))
[2026-04-09 22:46:12.274] [7016] [HailoRT] [info] [queue_elements.cpp:450] [create] Created (PushQEl3yolov8m/input_layer1 | timeout: 10s)
[2026-04-09 22:46:12.274] [7016] [HailoRT] [info] [multi_io_elements.cpp:135] [create] Created (NmsPPMuxEl0YOLOV8-Post-Process | Op YOLOV8, Name: YOLOV8-Post-Process, Score threshold: 0.001, IoU threshold: 0.70, Classes: 8, Cross classes: false, NMS results order: BY_CLASS, Max bboxes per class: 100, Image height: 640, Image width: 640)
[2026-04-09 22:46:12.275] [7016] [HailoRT] [info] [queue_elements.cpp:942] [create] Created (MultiPushQEl0YOLOV8-Post-Process | timeout: 10s)
[2026-04-09 22:46:12.275] [7016] [HailoRT] [info] [edge_elements.cpp:187] [create] Created (LastAsyncEl0NmsPPMuxEl0YOLOV8-Post-Process)
[2026-04-09 22:46:12.275] [7016] [HailoRT] [info] [pipeline.cpp:891] [print_deep_description] EntryPushQEl0yolov8m/input_layer1 | inputs: user | outputs: PreInferEl3yolov8m/input_layer1(running in thread_id: 7039)
[2026-04-09 22:46:12.275] [7016] [HailoRT] [info] [pipeline.cpp:891] [print_deep_description] PreInferEl3yolov8m/input_layer1 | inputs: EntryPushQEl0yolov8m/input_layer1[0] | outputs: PushQEl3yolov8m/input_layer1
[2026-04-09 22:46:12.275] [7016] [HailoRT] [info] [pipeline.cpp:891] [print_deep_description] PushQEl3yolov8m/input_layer1 | inputs: PreInferEl3yolov8m/input_layer1[0] | outputs: AsyncHwEl(running in thread_id: 7040)
[2026-04-09 22:46:12.275] [7016] [HailoRT] [info] [pipeline.cpp:891] [print_deep_description] AsyncHwEl | inputs: PushQEl3yolov8m/input_layer1[0] | outputs: MultiPushQEl0YOLOV8-Post-Process MultiPushQEl0YOLOV8-Post-Process MultiPushQEl0YOLOV8-Post-Process MultiPushQEl0YOLOV8-Post-Process MultiPushQEl0YOLOV8-Post-Process MultiPushQEl0YOLOV8-Post-Process
[2026-04-09 22:46:12.275] [7016] [HailoRT] [info] [pipeline.cpp:891] [print_deep_description] MultiPushQEl0YOLOV8-Post-Process | inputs: AsyncHwEl[0] AsyncHwEl[1] AsyncHwEl[2] AsyncHwEl[3] AsyncHwEl[4] AsyncHwEl[5] | outputs: NmsPPMuxEl0YOLOV8-Post-Process(running in thread_id: 7041)
[2026-04-09 22:46:12.275] [7016] [HailoRT] [info] [pipeline.cpp:891] [print_deep_description] NmsPPMuxEl0YOLOV8-Post-Process | inputs: MultiPushQEl0YOLOV8-Post-Process[0] | outputs: LastAsyncEl0NmsPPMuxEl0YOLOV8-Post-Process
[2026-04-09 22:46:12.275] [7016] [HailoRT] [info] [pipeline.cpp:891] [print_deep_description] LastAsyncEl0NmsPPMuxEl0YOLOV8-Post-Process | inputs: NmsPPMuxEl0YOLOV8-Post-Process[0] | outputs: user
[2026-04-09 22:46:13.254] [7036] [HailoRT] [info] [hef.cpp:1929] [get_network_group_and_network_name] No name was given. Addressing all networks of default network_group: yolov8m
[2026-04-09 22:49:35.227] [7016] [HailoRT] [info] [async_infer_runner.cpp:86] [shutdown] Pipeline was aborted. Shutting it down
[2026-04-09 22:49:35.228] [7016] [HailoRT] [info] [queue_elements.cpp:1131] [execute_deactivate] enqueue() in element MultiPushQEl0YOLOV8-Post-Process was aborted, got status = HAILO_SHUTDOWN_EVENT_SIGNALED(57)
[2026-04-09 22:49:35.228] [7016] [HailoRT] [info] [queue_elements.cpp:1131] [execute_deactivate] enqueue() in element MultiPushQEl0YOLOV8-Post-Process was aborted, got status = HAILO_SHUTDOWN_EVENT_SIGNALED(57)
[2026-04-09 22:49:35.228] [7016] [HailoRT] [info] [queue_elements.cpp:1131] [execute_deactivate] enqueue() in element MultiPushQEl0YOLOV8-Post-Process was aborted, got status = HAILO_SHUTDOWN_EVENT_SIGNALED(57)
[2026-04-09 22:49:35.228] [7016] [HailoRT] [info] [queue_elements.cpp:1131] [execute_deactivate] enqueue() in element MultiPushQEl0YOLOV8-Post-Process was aborted, got status = HAILO_SHUTDOWN_EVENT_SIGNALED(57)
[2026-04-09 22:49:35.228] [7016] [HailoRT] [info] [queue_elements.cpp:1131] [execute_deactivate] enqueue() in element MultiPushQEl0YOLOV8-Post-Process was aborted, got status = HAILO_SHUTDOWN_EVENT_SIGNALED(57)
[2026-04-09 22:49:35.228] [7016] [HailoRT] [info] [queue_elements.cpp:1131] [execute_deactivate] enqueue() in element MultiPushQEl0YOLOV8-Post-Process was aborted, got status = HAILO_SHUTDOWN_EVENT_SIGNALED(57)
[2026-04-09 22:49:35.228] [7016] [HailoRT] [info] [queue_elements.cpp:570] [execute_deactivate] enqueue() in element PushQEl3yolov8m/input_layer1 was aborted, got status = HAILO_SHUTDOWN_EVENT_SIGNALED(57)
[2026-04-09 22:49:35.228] [7016] [HailoRT] [info] [queue_elements.cpp:570] [execute_deactivate] enqueue() in element EntryPushQEl0yolov8m/input_layer1 was aborted, got status = HAILO_SHUTDOWN_EVENT_SIGNALED(57)
[2026-04-09 22:49:35.228] [7016] [HailoRT] [info] [queue_elements.cpp:46] [~BaseQueueElement] Queue element EntryPushQEl0yolov8m/input_layer1 has 0 frames in his Queue on destruction
[2026-04-09 22:49:35.228] [7016] [HailoRT] [info] [queue_elements.cpp:46] [~BaseQueueElement] Queue element PushQEl3yolov8m/input_layer1 has 0 frames in his Queue on destruction
[2026-04-09 22:51:09.970] [8639] [HailoRT] [info] [vdevice.cpp:523] [create] Creating vdevice with params: device_count: 1, scheduling_algorithm: ROUND_ROBIN, multi_process_service: false
[2026-04-09 22:51:09.980] [8639] [HailoRT] [info] [device.cpp:49] [Device] OS Version: Linux 6.12.62+rpt-rpi-2712 #1 SMP PREEMPT Debian 1:6.12.62-1+rpt1~bookworm (2026-01-19) aarch64
[2026-04-09 22:51:09.982] [8639] [HailoRT] [info] [control.cpp:108] [control__parse_identify_results] firmware_version is: 4.20.0
[2026-04-09 22:51:09.982] [8639] [HailoRT] [info] [vdevice.cpp:651] [create] VDevice Infos: 0001:01:00.0
[2026-04-09 22:51:10.001] [8639] [HailoRT] [info] [hef.cpp:1929] [get_network_group_and_network_name] No name was given. Addressing all networks of default network_group: yolov8m
[2026-04-09 22:51:10.001] [8639] [HailoRT] [info] [hef.cpp:1929] [get_network_group_and_network_name] No name was given. Addressing all networks of default network_group: yolov8m
[2026-04-09 22:51:10.010] [8639] [HailoRT] [info] [internal_buffer_manager.cpp:204] [print_execution_results] Planned internal buffer memory: CMA memory 0, user memory 3037184. memory to edge layer usage factor is 1
[2026-04-09 22:51:10.010] [8639] [HailoRT] [info] [internal_buffer_manager.cpp:212] [print_execution_results] Default Internal buffer planner executed successfully
[2026-04-09 22:51:10.046] [8639] [HailoRT] [info] [device_internal.cpp:57] [configure] Configuring HEF took 42.42496 milliseconds
[2026-04-09 22:51:10.046] [8639] [HailoRT] [info] [vdevice.cpp:749] [configure] Configuring HEF on VDevice took 42.728318 milliseconds
[2026-04-09 22:51:10.046] [8639] [HailoRT] [info] [infer_model.cpp:436] [configure] Configuring network group 'yolov8m' with params: batch size: 0, power mode: PERFORMANCE, latency: NONE
[2026-04-09 22:51:10.046] [8639] [HailoRT] [info] [multi_io_elements.cpp:756] [create] Created (AsyncHwEl)
[2026-04-09 22:51:10.046] [8639] [HailoRT] [info] [queue_elements.cpp:450] [create] Created (EntryPushQEl0yolov8m/input_layer1 | timeout: 10s)
[2026-04-09 22:51:10.046] [8639] [HailoRT] [info] [filter_elements.cpp:101] [create] Created (PreInferEl3yolov8m/input_layer1 | Reorder - src_order: RGB4, src_shape: (640, 640, 3), dst_order: NHCW, dst_shape: (640, 640, 3))
[2026-04-09 22:51:10.046] [8639] [HailoRT] [info] [queue_elements.cpp:450] [create] Created (PushQEl3yolov8m/input_layer1 | timeout: 10s)
[2026-04-09 22:51:10.047] [8639] [HailoRT] [info] [multi_io_elements.cpp:135] [create] Created (NmsPPMuxEl0YOLOV8-Post-Process | Op YOLOV8, Name: YOLOV8-Post-Process, Score threshold: 0.001, IoU threshold: 0.70, Classes: 8, Cross classes: false, NMS results order: BY_CLASS, Max bboxes per class: 100, Image height: 640, Image width: 640)
[2026-04-09 22:51:10.047] [8639] [HailoRT] [info] [queue_elements.cpp:942] [create] Created (MultiPushQEl0YOLOV8-Post-Process | timeout: 10s)
[2026-04-09 22:51:10.047] [8639] [HailoRT] [info] [edge_elements.cpp:187] [create] Created (LastAsyncEl0NmsPPMuxEl0YOLOV8-Post-Process)
[2026-04-09 22:51:10.047] [8639] [HailoRT] [info] [pipeline.cpp:891] [print_deep_description] EntryPushQEl0yolov8m/input_layer1 | inputs: user | outputs: PreInferEl3yolov8m/input_layer1(running in thread_id: 8662)
[2026-04-09 22:51:10.047] [8639] [HailoRT] [info] [pipeline.cpp:891] [print_deep_description] PreInferEl3yolov8m/input_layer1 | inputs: EntryPushQEl0yolov8m/input_layer1[0] | outputs: PushQEl3yolov8m/input_layer1
[2026-04-09 22:51:10.047] [8639] [HailoRT] [info] [pipeline.cpp:891] [print_deep_description] PushQEl3yolov8m/input_layer1 | inputs: PreInferEl3yolov8m/input_layer1[0] | outputs: AsyncHwEl(running in thread_id: 8663)
[2026-04-09 22:51:10.047] [8639] [HailoRT] [info] [pipeline.cpp:891] [print_deep_description] AsyncHwEl | inputs: PushQEl3yolov8m/input_layer1[0] | outputs: MultiPushQEl0YOLOV8-Post-Process MultiPushQEl0YOLOV8-Post-Process MultiPushQEl0YOLOV8-Post-Process MultiPushQEl0YOLOV8-Post-Process MultiPushQEl0YOLOV8-Post-Process MultiPushQEl0YOLOV8-Post-Process
[2026-04-09 22:51:10.047] [8639] [HailoRT] [info] [pipeline.cpp:891] [print_deep_description] MultiPushQEl0YOLOV8-Post-Process | inputs: AsyncHwEl[0] AsyncHwEl[1] AsyncHwEl[2] AsyncHwEl[3] AsyncHwEl[4] AsyncHwEl[5] | outputs: NmsPPMuxEl0YOLOV8-Post-Process(running in thread_id: 8664)
[2026-04-09 22:51:10.047] [8639] [HailoRT] [info] [pipeline.cpp:891] [print_deep_description] NmsPPMuxEl0YOLOV8-Post-Process | inputs: MultiPushQEl0YOLOV8-Post-Process[0] | outputs: LastAsyncEl0NmsPPMuxEl0YOLOV8-Post-Process
[2026-04-09 22:51:10.047] [8639] [HailoRT] [info] [pipeline.cpp:891] [print_deep_description] LastAsyncEl0NmsPPMuxEl0YOLOV8-Post-Process | inputs: NmsPPMuxEl0YOLOV8-Post-Process[0] | outputs: user
[2026-04-09 22:51:11.956] [8659] [HailoRT] [info] [hef.cpp:1929] [get_network_group_and_network_name] No name was given. Addressing all networks of default network_group: yolov8m
[2026-04-09 23:01:39.143] [8639] [HailoRT] [info] [async_infer_runner.cpp:86] [shutdown] Pipeline was aborted. Shutting it down
[2026-04-09 23:01:39.145] [8639] [HailoRT] [info] [queue_elements.cpp:1131] [execute_deactivate] enqueue() in element MultiPushQEl0YOLOV8-Post-Process was aborted, got status = HAILO_SHUTDOWN_EVENT_SIGNALED(57)
[2026-04-09 23:01:39.145] [8639] [HailoRT] [info] [queue_elements.cpp:1131] [execute_deactivate] enqueue() in element MultiPushQEl0YOLOV8-Post-Process was aborted, got status = HAILO_SHUTDOWN_EVENT_SIGNALED(57)
[2026-04-09 23:01:39.145] [8639] [HailoRT] [info] [queue_elements.cpp:1131] [execute_deactivate] enqueue() in element MultiPushQEl0YOLOV8-Post-Process was aborted, got status = HAILO_SHUTDOWN_EVENT_SIGNALED(57)
[2026-04-09 23:01:39.145] [8639] [HailoRT] [info] [queue_elements.cpp:1131] [execute_deactivate] enqueue() in element MultiPushQEl0YOLOV8-Post-Process was aborted, got status = HAILO_SHUTDOWN_EVENT_SIGNALED(57)
[2026-04-09 23:01:39.145] [8639] [HailoRT] [info] [queue_elements.cpp:1131] [execute_deactivate] enqueue() in element MultiPushQEl0YOLOV8-Post-Process was aborted, got status = HAILO_SHUTDOWN_EVENT_SIGNALED(57)
[2026-04-09 23:01:39.145] [8639] [HailoRT] [info] [queue_elements.cpp:1131] [execute_deactivate] enqueue() in element MultiPushQEl0YOLOV8-Post-Process was aborted, got status = HAILO_SHUTDOWN_EVENT_SIGNALED(57)
[2026-04-09 23:01:39.145] [8639] [HailoRT] [info] [queue_elements.cpp:570] [execute_deactivate] enqueue() in element PushQEl3yolov8m/input_layer1 was aborted, got status = HAILO_SHUTDOWN_EVENT_SIGNALED(57)
[2026-04-09 23:01:39.145] [8639] [HailoRT] [info] [queue_elements.cpp:570] [execute_deactivate] enqueue() in element EntryPushQEl0yolov8m/input_layer1 was aborted, got status = HAILO_SHUTDOWN_EVENT_SIGNALED(57)
[2026-04-09 23:01:39.145] [8639] [HailoRT] [info] [queue_elements.cpp:46] [~BaseQueueElement] Queue element EntryPushQEl0yolov8m/input_layer1 has 0 frames in his Queue on destruction
[2026-04-09 23:01:39.145] [8639] [HailoRT] [info] [queue_elements.cpp:46] [~BaseQueueElement] Queue element PushQEl3yolov8m/input_layer1 has 0 frames in his Queue on destruction
[2026-04-10 16:43:51.151] [7110] [HailoRT] [info] [vdevice.cpp:523] [create] Creating vdevice with params: device_count: 1, scheduling_algorithm: ROUND_ROBIN, multi_process_service: false
[2026-04-10 16:43:51.164] [7110] [HailoRT] [info] [device.cpp:49] [Device] OS Version: Linux 6.12.62+rpt-rpi-2712 #1 SMP PREEMPT Debian 1:6.12.62-1+rpt1~bookworm (2026-01-19) aarch64
[2026-04-10 16:43:51.170] [7110] [HailoRT] [info] [control.cpp:108] [control__parse_identify_results] firmware_version is: 4.20.0
[2026-04-10 16:43:51.170] [7110] [HailoRT] [info] [vdevice.cpp:651] [create] VDevice Infos: 0001:01:00.0
[2026-04-10 16:43:51.524] [7110] [HailoRT] [info] [hef.cpp:1929] [get_network_group_and_network_name] No name was given. Addressing all networks of default network_group: yolov8m
[2026-04-10 16:43:51.524] [7110] [HailoRT] [info] [hef.cpp:1929] [get_network_group_and_network_name] No name was given. Addressing all networks of default network_group: yolov8m
[2026-04-10 16:43:51.545] [7110] [HailoRT] [info] [internal_buffer_manager.cpp:204] [print_execution_results] Planned internal buffer memory: CMA memory 0, user memory 3037184. memory to edge layer usage factor is 1
[2026-04-10 16:43:51.545] [7110] [HailoRT] [info] [internal_buffer_manager.cpp:212] [print_execution_results] Default Internal buffer planner executed successfully
[2026-04-10 16:43:51.597] [7110] [HailoRT] [info] [device_internal.cpp:57] [configure] Configuring HEF took 61.502445 milliseconds
[2026-04-10 16:43:51.597] [7110] [HailoRT] [info] [vdevice.cpp:749] [configure] Configuring HEF on VDevice took 62.360926 milliseconds
[2026-04-10 16:43:51.597] [7110] [HailoRT] [info] [infer_model.cpp:436] [configure] Configuring network group 'yolov8m' with params: batch size: 0, power mode: PERFORMANCE, latency: NONE
[2026-04-10 16:43:51.599] [7110] [HailoRT] [info] [multi_io_elements.cpp:756] [create] Created (AsyncHwEl)
[2026-04-10 16:43:51.600] [7110] [HailoRT] [info] [queue_elements.cpp:450] [create] Created (EntryPushQEl0yolov8m/input_layer1 | timeout: 10s)
[2026-04-10 16:43:51.600] [7110] [HailoRT] [info] [filter_elements.cpp:101] [create] Created (PreInferEl3yolov8m/input_layer1 | Reorder - src_order: RGB4, src_shape: (640, 640, 3), dst_order: NHCW, dst_shape: (640, 640, 3))
[2026-04-10 16:43:51.601] [7110] [HailoRT] [info] [queue_elements.cpp:450] [create] Created (PushQEl3yolov8m/input_layer1 | timeout: 10s)
[2026-04-10 16:43:51.601] [7110] [HailoRT] [info] [multi_io_elements.cpp:135] [create] Created (NmsPPMuxEl0YOLOV8-Post-Process | Op YOLOV8, Name: YOLOV8-Post-Process, Score threshold: 0.001, IoU threshold: 0.70, Classes: 8, Cross classes: false, NMS results order: BY_CLASS, Max bboxes per class: 100, Image height: 640, Image width: 640)
[2026-04-10 16:43:51.601] [7110] [HailoRT] [info] [queue_elements.cpp:942] [create] Created (MultiPushQEl0YOLOV8-Post-Process | timeout: 10s)
[2026-04-10 16:43:51.601] [7110] [HailoRT] [info] [edge_elements.cpp:187] [create] Created (LastAsyncEl0NmsPPMuxEl0YOLOV8-Post-Process)
[2026-04-10 16:43:51.601] [7110] [HailoRT] [info] [pipeline.cpp:891] [print_deep_description] EntryPushQEl0yolov8m/input_layer1 | inputs: user | outputs: PreInferEl3yolov8m/input_layer1(running in thread_id: 7159)
[2026-04-10 16:43:51.602] [7110] [HailoRT] [info] [pipeline.cpp:891] [print_deep_description] PreInferEl3yolov8m/input_layer1 | inputs: EntryPushQEl0yolov8m/input_layer1[0] | outputs: PushQEl3yolov8m/input_layer1
[2026-04-10 16:43:51.602] [7110] [HailoRT] [info] [pipeline.cpp:891] [print_deep_description] PushQEl3yolov8m/input_layer1 | inputs: PreInferEl3yolov8m/input_layer1[0] | outputs: AsyncHwEl(running in thread_id: 7160)
[2026-04-10 16:43:51.602] [7110] [HailoRT] [info] [pipeline.cpp:891] [print_deep_description] AsyncHwEl | inputs: PushQEl3yolov8m/input_layer1[0] | outputs: MultiPushQEl0YOLOV8-Post-Process MultiPushQEl0YOLOV8-Post-Process MultiPushQEl0YOLOV8-Post-Process MultiPushQEl0YOLOV8-Post-Process MultiPushQEl0YOLOV8-Post-Process MultiPushQEl0YOLOV8-Post-Process
[2026-04-10 16:43:51.602] [7110] [HailoRT] [info] [pipeline.cpp:891] [print_deep_description] MultiPushQEl0YOLOV8-Post-Process | inputs: AsyncHwEl[0] AsyncHwEl[1] AsyncHwEl[2] AsyncHwEl[3] AsyncHwEl[4] AsyncHwEl[5] | outputs: NmsPPMuxEl0YOLOV8-Post-Process(running in thread_id: 7161)
[2026-04-10 16:43:51.603] [7110] [HailoRT] [info] [pipeline.cpp:891] [print_deep_description] NmsPPMuxEl0YOLOV8-Post-Process | inputs: MultiPushQEl0YOLOV8-Post-Process[0] | outputs: LastAsyncEl0NmsPPMuxEl0YOLOV8-Post-Process
[2026-04-10 16:43:51.603] [7110] [HailoRT] [info] [pipeline.cpp:891] [print_deep_description] LastAsyncEl0NmsPPMuxEl0YOLOV8-Post-Process | inputs: NmsPPMuxEl0YOLOV8-Post-Process[0] | outputs: user
[2026-04-10 16:43:52.716] [7156] [HailoRT] [info] [hef.cpp:1929] [get_network_group_and_network_name] No name was given. Addressing all networks of default network_group: yolov8m
[2026-04-10 16:46:31.028] [8043] [HailoRT] [info] [vdevice.cpp:523] [create] Creating vdevice with params: device_count: 1, scheduling_algorithm: ROUND_ROBIN, multi_process_service: false
[2026-04-10 16:46:31.040] [8043] [HailoRT] [info] [device.cpp:49] [Device] OS Version: Linux 6.12.62+rpt-rpi-2712 #1 SMP PREEMPT Debian 1:6.12.62-1+rpt1~bookworm (2026-01-19) aarch64
[2026-04-10 16:46:31.041] [8043] [HailoRT] [info] [control.cpp:108] [control__parse_identify_results] firmware_version is: 4.20.0
[2026-04-10 16:46:31.041] [8043] [HailoRT] [info] [vdevice.cpp:651] [create] VDevice Infos: 0001:01:00.0
[2026-04-10 16:46:31.075] [8043] [HailoRT] [info] [hef.cpp:1929] [get_network_group_and_network_name] No name was given. Addressing all networks of default network_group: yolov8m
[2026-04-10 16:46:31.075] [8043] [HailoRT] [info] [hef.cpp:1929] [get_network_group_and_network_name] No name was given. Addressing all networks of default network_group: yolov8m
[2026-04-10 16:46:31.088] [8043] [HailoRT] [info] [internal_buffer_manager.cpp:204] [print_execution_results] Planned internal buffer memory: CMA memory 0, user memory 3037184. memory to edge layer usage factor is 1
[2026-04-10 16:46:31.088] [8043] [HailoRT] [info] [internal_buffer_manager.cpp:212] [print_execution_results] Default Internal buffer planner executed successfully
[2026-04-10 16:46:31.129] [8043] [HailoRT] [info] [device_internal.cpp:57] [configure] Configuring HEF took 48.236963 milliseconds
[2026-04-10 16:46:31.129] [8043] [HailoRT] [info] [vdevice.cpp:749] [configure] Configuring HEF on VDevice took 49.035463 milliseconds
[2026-04-10 16:46:31.129] [8043] [HailoRT] [info] [infer_model.cpp:436] [configure] Configuring network group 'yolov8m' with params: batch size: 0, power mode: PERFORMANCE, latency: NONE
[2026-04-10 16:46:31.129] [8043] [HailoRT] [info] [multi_io_elements.cpp:756] [create] Created (AsyncHwEl)
[2026-04-10 16:46:31.129] [8043] [HailoRT] [info] [queue_elements.cpp:450] [create] Created (EntryPushQEl0yolov8m/input_layer1 | timeout: 10s)
[2026-04-10 16:46:31.129] [8043] [HailoRT] [info] [filter_elements.cpp:101] [create] Created (PreInferEl3yolov8m/input_layer1 | Reorder - src_order: RGB4, src_shape: (640, 640, 3), dst_order: NHCW, dst_shape: (640, 640, 3))
[2026-04-10 16:46:31.129] [8043] [HailoRT] [info] [queue_elements.cpp:450] [create] Created (PushQEl3yolov8m/input_layer1 | timeout: 10s)
[2026-04-10 16:46:31.129] [8043] [HailoRT] [info] [multi_io_elements.cpp:135] [create] Created (NmsPPMuxEl0YOLOV8-Post-Process | Op YOLOV8, Name: YOLOV8-Post-Process, Score threshold: 0.001, IoU threshold: 0.70, Classes: 8, Cross classes: false, NMS results order: BY_CLASS, Max bboxes per class: 100, Image height: 640, Image width: 640)
[2026-04-10 16:46:31.129] [8043] [HailoRT] [info] [queue_elements.cpp:942] [create] Created (MultiPushQEl0YOLOV8-Post-Process | timeout: 10s)
[2026-04-10 16:46:31.130] [8043] [HailoRT] [info] [edge_elements.cpp:187] [create] Created (LastAsyncEl0NmsPPMuxEl0YOLOV8-Post-Process)
[2026-04-10 16:46:31.130] [8043] [HailoRT] [info] [pipeline.cpp:891] [print_deep_description] EntryPushQEl0yolov8m/input_layer1 | inputs: user | outputs: PreInferEl3yolov8m/input_layer1(running in thread_id: 8074)
[2026-04-10 16:46:31.130] [8043] [HailoRT] [info] [pipeline.cpp:891] [print_deep_description] PreInferEl3yolov8m/input_layer1 | inputs: EntryPushQEl0yolov8m/input_layer1[0] | outputs: PushQEl3yolov8m/input_layer1
[2026-04-10 16:46:31.130] [8043] [HailoRT] [info] [pipeline.cpp:891] [print_deep_description] PushQEl3yolov8m/input_layer1 | inputs: PreInferEl3yolov8m/input_layer1[0] | outputs: AsyncHwEl(running in thread_id: 8075)
[2026-04-10 16:46:31.130] [8043] [HailoRT] [info] [pipeline.cpp:891] [print_deep_description] AsyncHwEl | inputs: PushQEl3yolov8m/input_layer1[0] | outputs: MultiPushQEl0YOLOV8-Post-Process MultiPushQEl0YOLOV8-Post-Process MultiPushQEl0YOLOV8-Post-Process MultiPushQEl0YOLOV8-Post-Process MultiPushQEl0YOLOV8-Post-Process MultiPushQEl0YOLOV8-Post-Process
[2026-04-10 16:46:31.130] [8043] [HailoRT] [info] [pipeline.cpp:891] [print_deep_description] MultiPushQEl0YOLOV8-Post-Process | inputs: AsyncHwEl[0] AsyncHwEl[1] AsyncHwEl[2] AsyncHwEl[3] AsyncHwEl[4] AsyncHwEl[5] | outputs: NmsPPMuxEl0YOLOV8-Post-Process(running in thread_id: 8076)
[2026-04-10 16:46:31.130] [8043] [HailoRT] [info] [pipeline.cpp:891] [print_deep_description] NmsPPMuxEl0YOLOV8-Post-Process | inputs: MultiPushQEl0YOLOV8-Post-Process[0] | outputs: LastAsyncEl0NmsPPMuxEl0YOLOV8-Post-Process
[2026-04-10 16:46:31.130] [8043] [HailoRT] [info] [pipeline.cpp:891] [print_deep_description] LastAsyncEl0NmsPPMuxEl0YOLOV8-Post-Process | inputs: NmsPPMuxEl0YOLOV8-Post-Process[0] | outputs: user
[2026-04-10 16:46:32.081] [8070] [HailoRT] [info] [hef.cpp:1929] [get_network_group_and_network_name] No name was given. Addressing all networks of default network_group: yolov8m
[2026-04-10 16:55:02.204] [3123] [HailoRT] [info] [vdevice.cpp:523] [create] Creating vdevice with params: device_count: 1, scheduling_algorithm: ROUND_ROBIN, multi_process_service: false
[2026-04-10 16:55:02.216] [3123] [HailoRT] [info] [device.cpp:49] [Device] OS Version: Linux 6.12.62+rpt-rpi-2712 #1 SMP PREEMPT Debian 1:6.12.62-1+rpt1~bookworm (2026-01-19) aarch64
[2026-04-10 16:55:02.220] [3123] [HailoRT] [info] [control.cpp:108] [control__parse_identify_results] firmware_version is: 4.20.0
[2026-04-10 16:55:02.220] [3123] [HailoRT] [info] [vdevice.cpp:651] [create] VDevice Infos: 0001:01:00.0
[2026-04-10 16:55:02.575] [3123] [HailoRT] [info] [hef.cpp:1929] [get_network_group_and_network_name] No name was given. Addressing all networks of default network_group: yolov8m
[2026-04-10 16:55:02.575] [3123] [HailoRT] [info] [hef.cpp:1929] [get_network_group_and_network_name] No name was given. Addressing all networks of default network_group: yolov8m
[2026-04-10 16:55:02.597] [3123] [HailoRT] [info] [internal_buffer_manager.cpp:204] [print_execution_results] Planned internal buffer memory: CMA memory 0, user memory 3037184. memory to edge layer usage factor is 1
[2026-04-10 16:55:02.597] [3123] [HailoRT] [info] [internal_buffer_manager.cpp:212] [print_execution_results] Default Internal buffer planner executed successfully
[2026-04-10 16:55:02.644] [3123] [HailoRT] [info] [device_internal.cpp:57] [configure] Configuring HEF took 57.239444 milliseconds
[2026-04-10 16:55:02.644] [3123] [HailoRT] [info] [vdevice.cpp:749] [configure] Configuring HEF on VDevice took 57.981056 milliseconds
[2026-04-10 16:55:02.644] [3123] [HailoRT] [info] [infer_model.cpp:436] [configure] Configuring network group 'yolov8m' with params: batch size: 0, power mode: PERFORMANCE, latency: NONE
[2026-04-10 16:55:02.646] [3123] [HailoRT] [info] [multi_io_elements.cpp:756] [create] Created (AsyncHwEl)
[2026-04-10 16:55:02.647] [3123] [HailoRT] [info] [queue_elements.cpp:450] [create] Created (EntryPushQEl0yolov8m/input_layer1 | timeout: 10s)
[2026-04-10 16:55:02.647] [3123] [HailoRT] [info] [filter_elements.cpp:101] [create] Created (PreInferEl3yolov8m/input_layer1 | Reorder - src_order: RGB4, src_shape: (640, 640, 3), dst_order: NHCW, dst_shape: (640, 640, 3))
[2026-04-10 16:55:02.647] [3123] [HailoRT] [info] [queue_elements.cpp:450] [create] Created (PushQEl3yolov8m/input_layer1 | timeout: 10s)
[2026-04-10 16:55:02.647] [3123] [HailoRT] [info] [multi_io_elements.cpp:135] [create] Created (NmsPPMuxEl0YOLOV8-Post-Process | Op YOLOV8, Name: YOLOV8-Post-Process, Score threshold: 0.001, IoU threshold: 0.70, Classes: 8, Cross classes: false, NMS results order: BY_CLASS, Max bboxes per class: 100, Image height: 640, Image width: 640)
[2026-04-10 16:55:02.647] [3123] [HailoRT] [info] [queue_elements.cpp:942] [create] Created (MultiPushQEl0YOLOV8-Post-Process | timeout: 10s)
[2026-04-10 16:55:02.647] [3123] [HailoRT] [info] [edge_elements.cpp:187] [create] Created (LastAsyncEl0NmsPPMuxEl0YOLOV8-Post-Process)
[2026-04-10 16:55:02.647] [3123] [HailoRT] [info] [pipeline.cpp:891] [print_deep_description] EntryPushQEl0yolov8m/input_layer1 | inputs: user | outputs: PreInferEl3yolov8m/input_layer1(running in thread_id: 3175)
[2026-04-10 16:55:02.648] [3123] [HailoRT] [info] [pipeline.cpp:891] [print_deep_description] PreInferEl3yolov8m/input_layer1 | inputs: EntryPushQEl0yolov8m/input_layer1[0] | outputs: PushQEl3yolov8m/input_layer1
[2026-04-10 16:55:02.648] [3123] [HailoRT] [info] [pipeline.cpp:891] [print_deep_description] PushQEl3yolov8m/input_layer1 | inputs: PreInferEl3yolov8m/input_layer1[0] | outputs: AsyncHwEl(running in thread_id: 3176)
[2026-04-10 16:55:02.648] [3123] [HailoRT] [info] [pipeline.cpp:891] [print_deep_description] AsyncHwEl | inputs: PushQEl3yolov8m/input_layer1[0] | outputs: MultiPushQEl0YOLOV8-Post-Process MultiPushQEl0YOLOV8-Post-Process MultiPushQEl0YOLOV8-Post-Process MultiPushQEl0YOLOV8-Post-Process MultiPushQEl0YOLOV8-Post-Process MultiPushQEl0YOLOV8-Post-Process
[2026-04-10 16:55:02.648] [3123] [HailoRT] [info] [pipeline.cpp:891] [print_deep_description] MultiPushQEl0YOLOV8-Post-Process | inputs: AsyncHwEl[0] AsyncHwEl[1] AsyncHwEl[2] AsyncHwEl[3] AsyncHwEl[4] AsyncHwEl[5] | outputs: NmsPPMuxEl0YOLOV8-Post-Process(running in thread_id: 3177)
[2026-04-10 16:55:02.648] [3123] [HailoRT] [info] [pipeline.cpp:891] [print_deep_description] NmsPPMuxEl0YOLOV8-Post-Process | inputs: MultiPushQEl0YOLOV8-Post-Process[0] | outputs: LastAsyncEl0NmsPPMuxEl0YOLOV8-Post-Process
[2026-04-10 16:55:02.648] [3123] [HailoRT] [info] [pipeline.cpp:891] [print_deep_description] LastAsyncEl0NmsPPMuxEl0YOLOV8-Post-Process | inputs: NmsPPMuxEl0YOLOV8-Post-Process[0] | outputs: user
[2026-04-10 16:55:03.835] [3172] [HailoRT] [info] [hef.cpp:1929] [get_network_group_and_network_name] No name was given. Addressing all networks of default network_group: yolov8m
[2026-04-10 16:58:09.508] [3123] [HailoRT] [info] [async_infer_runner.cpp:86] [shutdown] Pipeline was aborted. Shutting it down
[2026-04-10 16:58:09.508] [3123] [HailoRT] [info] [queue_elements.cpp:1131] [execute_deactivate] enqueue() in element MultiPushQEl0YOLOV8-Post-Process was aborted, got status = HAILO_SHUTDOWN_EVENT_SIGNALED(57)
[2026-04-10 16:58:09.508] [3123] [HailoRT] [info] [queue_elements.cpp:1131] [execute_deactivate] enqueue() in element MultiPushQEl0YOLOV8-Post-Process was aborted, got status = HAILO_SHUTDOWN_EVENT_SIGNALED(57)
[2026-04-10 16:58:09.508] [3123] [HailoRT] [info] [queue_elements.cpp:1131] [execute_deactivate] enqueue() in element MultiPushQEl0YOLOV8-Post-Process was aborted, got status = HAILO_SHUTDOWN_EVENT_SIGNALED(57)
[2026-04-10 16:58:09.508] [3123] [HailoRT] [info] [queue_elements.cpp:1131] [execute_deactivate] enqueue() in element MultiPushQEl0YOLOV8-Post-Process was aborted, got status = HAILO_SHUTDOWN_EVENT_SIGNALED(57)
[2026-04-10 16:58:09.508] [3123] [HailoRT] [info] [queue_elements.cpp:1131] [execute_deactivate] enqueue() in element MultiPushQEl0YOLOV8-Post-Process was aborted, got status = HAILO_SHUTDOWN_EVENT_SIGNALED(57)
[2026-04-10 16:58:09.508] [3123] [HailoRT] [info] [queue_elements.cpp:1131] [execute_deactivate] enqueue() in element MultiPushQEl0YOLOV8-Post-Process was aborted, got status = HAILO_SHUTDOWN_EVENT_SIGNALED(57)
[2026-04-10 16:58:09.508] [3123] [HailoRT] [info] [queue_elements.cpp:570] [execute_deactivate] enqueue() in element PushQEl3yolov8m/input_layer1 was aborted, got status = HAILO_SHUTDOWN_EVENT_SIGNALED(57)
[2026-04-10 16:58:09.508] [3123] [HailoRT] [info] [queue_elements.cpp:570] [execute_deactivate] enqueue() in element EntryPushQEl0yolov8m/input_layer1 was aborted, got status = HAILO_SHUTDOWN_EVENT_SIGNALED(57)
[2026-04-10 16:58:09.508] [3123] [HailoRT] [info] [queue_elements.cpp:46] [~BaseQueueElement] Queue element EntryPushQEl0yolov8m/input_layer1 has 0 frames in his Queue on destruction
[2026-04-10 16:58:09.508] [3123] [HailoRT] [info] [queue_elements.cpp:46] [~BaseQueueElement] Queue element PushQEl3yolov8m/input_layer1 has 0 frames in his Queue on destruction
[2026-04-10 17:02:05.530] [5380] [HailoRT] [info] [vdevice.cpp:523] [create] Creating vdevice with params: device_count: 1, scheduling_algorithm: ROUND_ROBIN, multi_process_service: false
[2026-04-10 17:02:05.542] [5380] [HailoRT] [info] [device.cpp:49] [Device] OS Version: Linux 6.12.62+rpt-rpi-2712 #1 SMP PREEMPT Debian 1:6.12.62-1+rpt1~bookworm (2026-01-19) aarch64
[2026-04-10 17:02:05.543] [5380] [HailoRT] [info] [control.cpp:108] [control__parse_identify_results] firmware_version is: 4.20.0
[2026-04-10 17:02:05.543] [5380] [HailoRT] [info] [vdevice.cpp:651] [create] VDevice Infos: 0001:01:00.0
[2026-04-10 17:02:05.564] [5380] [HailoRT] [info] [hef.cpp:1929] [get_network_group_and_network_name] No name was given. Addressing all networks of default network_group: yolov8m
[2026-04-10 17:02:05.564] [5380] [HailoRT] [info] [hef.cpp:1929] [get_network_group_and_network_name] No name was given. Addressing all networks of default network_group: yolov8m
[2026-04-10 17:02:05.573] [5380] [HailoRT] [info] [internal_buffer_manager.cpp:204] [print_execution_results] Planned internal buffer memory: CMA memory 0, user memory 3037184. memory to edge layer usage factor is 1
[2026-04-10 17:02:05.573] [5380] [HailoRT] [info] [internal_buffer_manager.cpp:212] [print_execution_results] Default Internal buffer planner executed successfully
[2026-04-10 17:02:05.609] [5380] [HailoRT] [info] [device_internal.cpp:57] [configure] Configuring HEF took 42.560907 milliseconds
[2026-04-10 17:02:05.609] [5380] [HailoRT] [info] [vdevice.cpp:749] [configure] Configuring HEF on VDevice took 42.86513 milliseconds
[2026-04-10 17:02:05.609] [5380] [HailoRT] [info] [infer_model.cpp:436] [configure] Configuring network group 'yolov8m' with params: batch size: 0, power mode: PERFORMANCE, latency: NONE
[2026-04-10 17:02:05.609] [5380] [HailoRT] [info] [multi_io_elements.cpp:756] [create] Created (AsyncHwEl)
[2026-04-10 17:02:05.609] [5380] [HailoRT] [info] [queue_elements.cpp:450] [create] Created (EntryPushQEl0yolov8m/input_layer1 | timeout: 10s)
[2026-04-10 17:02:05.609] [5380] [HailoRT] [info] [filter_elements.cpp:101] [create] Created (PreInferEl3yolov8m/input_layer1 | Reorder - src_order: RGB4, src_shape: (640, 640, 3), dst_order: NHCW, dst_shape: (640, 640, 3))
[2026-04-10 17:02:05.609] [5380] [HailoRT] [info] [queue_elements.cpp:450] [create] Created (PushQEl3yolov8m/input_layer1 | timeout: 10s)
[2026-04-10 17:02:05.609] [5380] [HailoRT] [info] [multi_io_elements.cpp:135] [create] Created (NmsPPMuxEl0YOLOV8-Post-Process | Op YOLOV8, Name: YOLOV8-Post-Process, Score threshold: 0.001, IoU threshold: 0.70, Classes: 8, Cross classes: false, NMS results order: BY_CLASS, Max bboxes per class: 100, Image height: 640, Image width: 640)
[2026-04-10 17:02:05.610] [5380] [HailoRT] [info] [queue_elements.cpp:942] [create] Created (MultiPushQEl0YOLOV8-Post-Process | timeout: 10s)
[2026-04-10 17:02:05.610] [5380] [HailoRT] [info] [edge_elements.cpp:187] [create] Created (LastAsyncEl0NmsPPMuxEl0YOLOV8-Post-Process)
[2026-04-10 17:02:05.610] [5380] [HailoRT] [info] [pipeline.cpp:891] [print_deep_description] EntryPushQEl0yolov8m/input_layer1 | inputs: user | outputs: PreInferEl3yolov8m/input_layer1(running in thread_id: 5411)
[2026-04-10 17:02:05.610] [5380] [HailoRT] [info] [pipeline.cpp:891] [print_deep_description] PreInferEl3yolov8m/input_layer1 | inputs: EntryPushQEl0yolov8m/input_layer1[0] | outputs: PushQEl3yolov8m/input_layer1
[2026-04-10 17:02:05.610] [5380] [HailoRT] [info] [pipeline.cpp:891] [print_deep_description] PushQEl3yolov8m/input_layer1 | inputs: PreInferEl3yolov8m/input_layer1[0] | outputs: AsyncHwEl(running in thread_id: 5412)
[2026-04-10 17:02:05.610] [5380] [HailoRT] [info] [pipeline.cpp:891] [print_deep_description] AsyncHwEl | inputs: PushQEl3yolov8m/input_layer1[0] | outputs: MultiPushQEl0YOLOV8-Post-Process MultiPushQEl0YOLOV8-Post-Process MultiPushQEl0YOLOV8-Post-Process MultiPushQEl0YOLOV8-Post-Process MultiPushQEl0YOLOV8-Post-Process MultiPushQEl0YOLOV8-Post-Process
[2026-04-10 17:02:05.610] [5380] [HailoRT] [info] [pipeline.cpp:891] [print_deep_description] MultiPushQEl0YOLOV8-Post-Process | inputs: AsyncHwEl[0] AsyncHwEl[1] AsyncHwEl[2] AsyncHwEl[3] AsyncHwEl[4] AsyncHwEl[5] | outputs: NmsPPMuxEl0YOLOV8-Post-Process(running in thread_id: 5413)
[2026-04-10 17:02:05.610] [5380] [HailoRT] [info] [pipeline.cpp:891] [print_deep_description] NmsPPMuxEl0YOLOV8-Post-Process | inputs: MultiPushQEl0YOLOV8-Post-Process[0] | outputs: LastAsyncEl0NmsPPMuxEl0YOLOV8-Post-Process
[2026-04-10 17:02:05.610] [5380] [HailoRT] [info] [pipeline.cpp:891] [print_deep_description] LastAsyncEl0NmsPPMuxEl0YOLOV8-Post-Process | inputs: NmsPPMuxEl0YOLOV8-Post-Process[0] | outputs: user
[2026-04-10 17:02:06.551] [5408] [HailoRT] [info] [hef.cpp:1929] [get_network_group_and_network_name] No name was given. Addressing all networks of default network_group: yolov8m
[2026-04-10 17:02:12.753] [5380] [HailoRT] [info] [async_infer_runner.cpp:86] [shutdown] Pipeline was aborted. Shutting it down
[2026-04-10 17:02:12.753] [5380] [HailoRT] [info] [queue_elements.cpp:1131] [execute_deactivate] enqueue() in element MultiPushQEl0YOLOV8-Post-Process was aborted, got status = HAILO_SHUTDOWN_EVENT_SIGNALED(57)
[2026-04-10 17:02:12.753] [5380] [HailoRT] [info] [queue_elements.cpp:1131] [execute_deactivate] enqueue() in element MultiPushQEl0YOLOV8-Post-Process was aborted, got status = HAILO_SHUTDOWN_EVENT_SIGNALED(57)
[2026-04-10 17:02:12.753] [5380] [HailoRT] [info] [queue_elements.cpp:1131] [execute_deactivate] enqueue() in element MultiPushQEl0YOLOV8-Post-Process was aborted, got status = HAILO_SHUTDOWN_EVENT_SIGNALED(57)
[2026-04-10 17:02:12.753] [5380] [HailoRT] [info] [queue_elements.cpp:1131] [execute_deactivate] enqueue() in element MultiPushQEl0YOLOV8-Post-Process was aborted, got status = HAILO_SHUTDOWN_EVENT_SIGNALED(57)
[2026-04-10 17:02:12.753] [5380] [HailoRT] [info] [queue_elements.cpp:1131] [execute_deactivate] enqueue() in element MultiPushQEl0YOLOV8-Post-Process was aborted, got status = HAILO_SHUTDOWN_EVENT_SIGNALED(57)
[2026-04-10 17:02:12.753] [5380] [HailoRT] [info] [queue_elements.cpp:1131] [execute_deactivate] enqueue() in element MultiPushQEl0YOLOV8-Post-Process was aborted, got status = HAILO_SHUTDOWN_EVENT_SIGNALED(57)
[2026-04-10 17:02:12.753] [5380] [HailoRT] [info] [queue_elements.cpp:570] [execute_deactivate] enqueue() in element PushQEl3yolov8m/input_layer1 was aborted, got status = HAILO_SHUTDOWN_EVENT_SIGNALED(57)
[2026-04-10 17:02:12.753] [5380] [HailoRT] [info] [queue_elements.cpp:570] [execute_deactivate] enqueue() in element EntryPushQEl0yolov8m/input_layer1 was aborted, got status = HAILO_SHUTDOWN_EVENT_SIGNALED(57)
[2026-04-10 17:02:12.753] [5380] [HailoRT] [info] [queue_elements.cpp:46] [~BaseQueueElement] Queue element EntryPushQEl0yolov8m/input_layer1 has 0 frames in his Queue on destruction
[2026-04-10 17:02:12.753] [5380] [HailoRT] [info] [queue_elements.cpp:46] [~BaseQueueElement] Queue element PushQEl3yolov8m/input_layer1 has 0 frames in his Queue on destruction
[2026-04-10 17:02:42.879] [5763] [HailoRT] [info] [vdevice.cpp:523] [create] Creating vdevice with params: device_count: 1, scheduling_algorithm: ROUND_ROBIN, multi_process_service: false
[2026-04-10 17:02:42.891] [5763] [HailoRT] [info] [device.cpp:49] [Device] OS Version: Linux 6.12.62+rpt-rpi-2712 #1 SMP PREEMPT Debian 1:6.12.62-1+rpt1~bookworm (2026-01-19) aarch64
[2026-04-10 17:02:42.892] [5763] [HailoRT] [info] [control.cpp:108] [control__parse_identify_results] firmware_version is: 4.20.0
[2026-04-10 17:02:42.893] [5763] [HailoRT] [info] [vdevice.cpp:651] [create] VDevice Infos: 0001:01:00.0
[2026-04-10 17:02:42.913] [5763] [HailoRT] [info] [hef.cpp:1929] [get_network_group_and_network_name] No name was given. Addressing all networks of default network_group: yolov8m
[2026-04-10 17:02:42.913] [5763] [HailoRT] [info] [hef.cpp:1929] [get_network_group_and_network_name] No name was given. Addressing all networks of default network_group: yolov8m
[2026-04-10 17:02:42.922] [5763] [HailoRT] [info] [internal_buffer_manager.cpp:204] [print_execution_results] Planned internal buffer memory: CMA memory 0, user memory 3037184. memory to edge layer usage factor is 1
[2026-04-10 17:02:42.922] [5763] [HailoRT] [info] [internal_buffer_manager.cpp:212] [print_execution_results] Default Internal buffer planner executed successfully
[2026-04-10 17:02:42.961] [5763] [HailoRT] [info] [device_internal.cpp:57] [configure] Configuring HEF took 45.029815 milliseconds
[2026-04-10 17:02:42.961] [5763] [HailoRT] [info] [vdevice.cpp:749] [configure] Configuring HEF on VDevice took 45.329148 milliseconds
[2026-04-10 17:02:42.961] [5763] [HailoRT] [info] [infer_model.cpp:436] [configure] Configuring network group 'yolov8m' with params: batch size: 0, power mode: PERFORMANCE, latency: NONE
[2026-04-10 17:02:42.961] [5763] [HailoRT] [info] [multi_io_elements.cpp:756] [create] Created (AsyncHwEl)
[2026-04-10 17:02:42.961] [5763] [HailoRT] [info] [queue_elements.cpp:450] [create] Created (EntryPushQEl0yolov8m/input_layer1 | timeout: 10s)
[2026-04-10 17:02:42.961] [5763] [HailoRT] [info] [filter_elements.cpp:101] [create] Created (PreInferEl3yolov8m/input_layer1 | Reorder - src_order: RGB4, src_shape: (640, 640, 3), dst_order: NHCW, dst_shape: (640, 640, 3))
[2026-04-10 17:02:42.961] [5763] [HailoRT] [info] [queue_elements.cpp:450] [create] Created (PushQEl3yolov8m/input_layer1 | timeout: 10s)
[2026-04-10 17:02:42.961] [5763] [HailoRT] [info] [multi_io_elements.cpp:135] [create] Created (NmsPPMuxEl0YOLOV8-Post-Process | Op YOLOV8, Name: YOLOV8-Post-Process, Score threshold: 0.001, IoU threshold: 0.70, Classes: 8, Cross classes: false, NMS results order: BY_CLASS, Max bboxes per class: 100, Image height: 640, Image width: 640)
[2026-04-10 17:02:42.961] [5763] [HailoRT] [info] [queue_elements.cpp:942] [create] Created (MultiPushQEl0YOLOV8-Post-Process | timeout: 10s)
[2026-04-10 17:02:42.962] [5763] [HailoRT] [info] [edge_elements.cpp:187] [create] Created (LastAsyncEl0NmsPPMuxEl0YOLOV8-Post-Process)
[2026-04-10 17:02:42.962] [5763] [HailoRT] [info] [pipeline.cpp:891] [print_deep_description] EntryPushQEl0yolov8m/input_layer1 | inputs: user | outputs: PreInferEl3yolov8m/input_layer1(running in thread_id: 5786)
[2026-04-10 17:02:42.962] [5763] [HailoRT] [info] [pipeline.cpp:891] [print_deep_description] PreInferEl3yolov8m/input_layer1 | inputs: EntryPushQEl0yolov8m/input_layer1[0] | outputs: PushQEl3yolov8m/input_layer1
[2026-04-10 17:02:42.962] [5763] [HailoRT] [info] [pipeline.cpp:891] [print_deep_description] PushQEl3yolov8m/input_layer1 | inputs: PreInferEl3yolov8m/input_layer1[0] | outputs: AsyncHwEl(running in thread_id: 5787)
[2026-04-10 17:02:42.962] [5763] [HailoRT] [info] [pipeline.cpp:891] [print_deep_description] AsyncHwEl | inputs: PushQEl3yolov8m/input_layer1[0] | outputs: MultiPushQEl0YOLOV8-Post-Process MultiPushQEl0YOLOV8-Post-Process MultiPushQEl0YOLOV8-Post-Process MultiPushQEl0YOLOV8-Post-Process MultiPushQEl0YOLOV8-Post-Process MultiPushQEl0YOLOV8-Post-Process
[2026-04-10 17:02:42.962] [5763] [HailoRT] [info] [pipeline.cpp:891] [print_deep_description] MultiPushQEl0YOLOV8-Post-Process | inputs: AsyncHwEl[0] AsyncHwEl[1] AsyncHwEl[2] AsyncHwEl[3] AsyncHwEl[4] AsyncHwEl[5] | outputs: NmsPPMuxEl0YOLOV8-Post-Process(running in thread_id: 5788)
[2026-04-10 17:02:42.962] [5763] [HailoRT] [info] [pipeline.cpp:891] [print_deep_description] NmsPPMuxEl0YOLOV8-Post-Process | inputs: MultiPushQEl0YOLOV8-Post-Process[0] | outputs: LastAsyncEl0NmsPPMuxEl0YOLOV8-Post-Process
[2026-04-10 17:02:42.962] [5763] [HailoRT] [info] [pipeline.cpp:891] [print_deep_description] LastAsyncEl0NmsPPMuxEl0YOLOV8-Post-Process | inputs: NmsPPMuxEl0YOLOV8-Post-Process[0] | outputs: user
[2026-04-10 17:02:43.948] [5783] [HailoRT] [info] [hef.cpp:1929] [get_network_group_and_network_name] No name was given. Addressing all networks of default network_group: yolov8m
[2026-04-10 17:03:19.915] [5763] [HailoRT] [info] [async_infer_runner.cpp:86] [shutdown] Pipeline was aborted. Shutting it down
[2026-04-10 17:03:19.916] [5763] [HailoRT] [info] [queue_elements.cpp:1131] [execute_deactivate] enqueue() in element MultiPushQEl0YOLOV8-Post-Process was aborted, got status = HAILO_SHUTDOWN_EVENT_SIGNALED(57)
[2026-04-10 17:03:19.916] [5763] [HailoRT] [info] [queue_elements.cpp:1131] [execute_deactivate] enqueue() in element MultiPushQEl0YOLOV8-Post-Process was aborted, got status = HAILO_SHUTDOWN_EVENT_SIGNALED(57)
[2026-04-10 17:03:19.916] [5763] [HailoRT] [info] [queue_elements.cpp:1131] [execute_deactivate] enqueue() in element MultiPushQEl0YOLOV8-Post-Process was aborted, got status = HAILO_SHUTDOWN_EVENT_SIGNALED(57)
[2026-04-10 17:03:19.916] [5763] [HailoRT] [info] [queue_elements.cpp:1131] [execute_deactivate] enqueue() in element MultiPushQEl0YOLOV8-Post-Process was aborted, got status = HAILO_SHUTDOWN_EVENT_SIGNALED(57)
[2026-04-10 17:03:19.916] [5763] [HailoRT] [info] [queue_elements.cpp:1131] [execute_deactivate] enqueue() in element MultiPushQEl0YOLOV8-Post-Process was aborted, got status = HAILO_SHUTDOWN_EVENT_SIGNALED(57)
[2026-04-10 17:03:19.916] [5763] [HailoRT] [info] [queue_elements.cpp:1131] [execute_deactivate] enqueue() in element MultiPushQEl0YOLOV8-Post-Process was aborted, got status = HAILO_SHUTDOWN_EVENT_SIGNALED(57)
[2026-04-10 17:03:19.916] [5763] [HailoRT] [info] [queue_elements.cpp:570] [execute_deactivate] enqueue() in element PushQEl3yolov8m/input_layer1 was aborted, got status = HAILO_SHUTDOWN_EVENT_SIGNALED(57)
[2026-04-10 17:03:19.916] [5763] [HailoRT] [info] [queue_elements.cpp:570] [execute_deactivate] enqueue() in element EntryPushQEl0yolov8m/input_layer1 was aborted, got status = HAILO_SHUTDOWN_EVENT_SIGNALED(57)
[2026-04-10 17:03:19.916] [5763] [HailoRT] [info] [queue_elements.cpp:46] [~BaseQueueElement] Queue element EntryPushQEl0yolov8m/input_layer1 has 0 frames in his Queue on destruction
[2026-04-10 17:03:19.916] [5763] [HailoRT] [info] [queue_elements.cpp:46] [~BaseQueueElement] Queue element PushQEl3yolov8m/input_layer1 has 0 frames in his Queue on destruction
[2026-04-10 17:04:50.179] [6526] [HailoRT] [info] [vdevice.cpp:523] [create] Creating vdevice with params: device_count: 1, scheduling_algorithm: ROUND_ROBIN, multi_process_service: false
[2026-04-10 17:04:50.191] [6526] [HailoRT] [info] [device.cpp:49] [Device] OS Version: Linux 6.12.62+rpt-rpi-2712 #1 SMP PREEMPT Debian 1:6.12.62-1+rpt1~bookworm (2026-01-19) aarch64
[2026-04-10 17:04:50.192] [6526] [HailoRT] [info] [control.cpp:108] [control__parse_identify_results] firmware_version is: 4.20.0
[2026-04-10 17:04:50.192] [6526] [HailoRT] [info] [vdevice.cpp:651] [create] VDevice Infos: 0001:01:00.0
[2026-04-10 17:04:50.213] [6526] [HailoRT] [info] [hef.cpp:1929] [get_network_group_and_network_name] No name was given. Addressing all networks of default network_group: yolov8m
[2026-04-10 17:04:50.213] [6526] [HailoRT] [info] [hef.cpp:1929] [get_network_group_and_network_name] No name was given. Addressing all networks of default network_group: yolov8m
[2026-04-10 17:04:50.222] [6526] [HailoRT] [info] [internal_buffer_manager.cpp:204] [print_execution_results] Planned internal buffer memory: CMA memory 0, user memory 3037184. memory to edge layer usage factor is 1
[2026-04-10 17:04:50.222] [6526] [HailoRT] [info] [internal_buffer_manager.cpp:212] [print_execution_results] Default Internal buffer planner executed successfully
[2026-04-10 17:04:50.258] [6526] [HailoRT] [info] [device_internal.cpp:57] [configure] Configuring HEF took 42.302315 milliseconds
[2026-04-10 17:04:50.258] [6526] [HailoRT] [info] [vdevice.cpp:749] [configure] Configuring HEF on VDevice took 42.602852 milliseconds
[2026-04-10 17:04:50.258] [6526] [HailoRT] [info] [infer_model.cpp:436] [configure] Configuring network group 'yolov8m' with params: batch size: 0, power mode: PERFORMANCE, latency: NONE
[2026-04-10 17:04:50.258] [6526] [HailoRT] [info] [multi_io_elements.cpp:756] [create] Created (AsyncHwEl)
[2026-04-10 17:04:50.258] [6526] [HailoRT] [info] [queue_elements.cpp:450] [create] Created (EntryPushQEl0yolov8m/input_layer1 | timeout: 10s)
[2026-04-10 17:04:50.258] [6526] [HailoRT] [info] [filter_elements.cpp:101] [create] Created (PreInferEl3yolov8m/input_layer1 | Reorder - src_order: RGB4, src_shape: (640, 640, 3), dst_order: NHCW, dst_shape: (640, 640, 3))
[2026-04-10 17:04:50.258] [6526] [HailoRT] [info] [queue_elements.cpp:450] [create] Created (PushQEl3yolov8m/input_layer1 | timeout: 10s)
[2026-04-10 17:04:50.258] [6526] [HailoRT] [info] [multi_io_elements.cpp:135] [create] Created (NmsPPMuxEl0YOLOV8-Post-Process | Op YOLOV8, Name: YOLOV8-Post-Process, Score threshold: 0.001, IoU threshold: 0.70, Classes: 8, Cross classes: false, NMS results order: BY_CLASS, Max bboxes per class: 100, Image height: 640, Image width: 640)
[2026-04-10 17:04:50.259] [6526] [HailoRT] [info] [queue_elements.cpp:942] [create] Created (MultiPushQEl0YOLOV8-Post-Process | timeout: 10s)
[2026-04-10 17:04:50.259] [6526] [HailoRT] [info] [edge_elements.cpp:187] [create] Created (LastAsyncEl0NmsPPMuxEl0YOLOV8-Post-Process)
[2026-04-10 17:04:50.259] [6526] [HailoRT] [info] [pipeline.cpp:891] [print_deep_description] EntryPushQEl0yolov8m/input_layer1 | inputs: user | outputs: PreInferEl3yolov8m/input_layer1(running in thread_id: 6549)
[2026-04-10 17:04:50.259] [6526] [HailoRT] [info] [pipeline.cpp:891] [print_deep_description] PreInferEl3yolov8m/input_layer1 | inputs: EntryPushQEl0yolov8m/input_layer1[0] | outputs: PushQEl3yolov8m/input_layer1
[2026-04-10 17:04:50.259] [6526] [HailoRT] [info] [pipeline.cpp:891] [print_deep_description] PushQEl3yolov8m/input_layer1 | inputs: PreInferEl3yolov8m/input_layer1[0] | outputs: AsyncHwEl(running in thread_id: 6550)
[2026-04-10 17:04:50.259] [6526] [HailoRT] [info] [pipeline.cpp:891] [print_deep_description] AsyncHwEl | inputs: PushQEl3yolov8m/input_layer1[0] | outputs: MultiPushQEl0YOLOV8-Post-Process MultiPushQEl0YOLOV8-Post-Process MultiPushQEl0YOLOV8-Post-Process MultiPushQEl0YOLOV8-Post-Process MultiPushQEl0YOLOV8-Post-Process MultiPushQEl0YOLOV8-Post-Process
[2026-04-10 17:04:50.259] [6526] [HailoRT] [info] [pipeline.cpp:891] [print_deep_description] MultiPushQEl0YOLOV8-Post-Process | inputs: AsyncHwEl[0] AsyncHwEl[1] AsyncHwEl[2] AsyncHwEl[3] AsyncHwEl[4] AsyncHwEl[5] | outputs: NmsPPMuxEl0YOLOV8-Post-Process(running in thread_id: 6551)
[2026-04-10 17:04:50.259] [6526] [HailoRT] [info] [pipeline.cpp:891] [print_deep_description] NmsPPMuxEl0YOLOV8-Post-Process | inputs: MultiPushQEl0YOLOV8-Post-Process[0] | outputs: LastAsyncEl0NmsPPMuxEl0YOLOV8-Post-Process
[2026-04-10 17:04:50.259] [6526] [HailoRT] [info] [pipeline.cpp:891] [print_deep_description] LastAsyncEl0NmsPPMuxEl0YOLOV8-Post-Process | inputs: NmsPPMuxEl0YOLOV8-Post-Process[0] | outputs: user
[2026-04-10 17:04:52.178] [6546] [HailoRT] [info] [hef.cpp:1929] [get_network_group_and_network_name] No name was given. Addressing all networks of default network_group: yolov8m
[2026-04-10 17:06:17.609] [6526] [HailoRT] [info] [async_infer_runner.cpp:86] [shutdown] Pipeline was aborted. Shutting it down
[2026-04-10 17:06:17.611] [6526] [HailoRT] [info] [queue_elements.cpp:1131] [execute_deactivate] enqueue() in element MultiPushQEl0YOLOV8-Post-Process was aborted, got status = HAILO_SHUTDOWN_EVENT_SIGNALED(57)
[2026-04-10 17:06:17.611] [6526] [HailoRT] [info] [queue_elements.cpp:1131] [execute_deactivate] enqueue() in element MultiPushQEl0YOLOV8-Post-Process was aborted, got status = HAILO_SHUTDOWN_EVENT_SIGNALED(57)
[2026-04-10 17:06:17.611] [6526] [HailoRT] [info] [queue_elements.cpp:1131] [execute_deactivate] enqueue() in element MultiPushQEl0YOLOV8-Post-Process was aborted, got status = HAILO_SHUTDOWN_EVENT_SIGNALED(57)
[2026-04-10 17:06:17.611] [6526] [HailoRT] [info] [queue_elements.cpp:1131] [execute_deactivate] enqueue() in element MultiPushQEl0YOLOV8-Post-Process was aborted, got status = HAILO_SHUTDOWN_EVENT_SIGNALED(57)
[2026-04-10 17:06:17.611] [6526] [HailoRT] [info] [queue_elements.cpp:1131] [execute_deactivate] enqueue() in element MultiPushQEl0YOLOV8-Post-Process was aborted, got status = HAILO_SHUTDOWN_EVENT_SIGNALED(57)
[2026-04-10 17:06:17.611] [6526] [HailoRT] [info] [queue_elements.cpp:1131] [execute_deactivate] enqueue() in element MultiPushQEl0YOLOV8-Post-Process was aborted, got status = HAILO_SHUTDOWN_EVENT_SIGNALED(57)
[2026-04-10 17:06:17.611] [6526] [HailoRT] [info] [queue_elements.cpp:570] [execute_deactivate] enqueue() in element PushQEl3yolov8m/input_layer1 was aborted, got status = HAILO_SHUTDOWN_EVENT_SIGNALED(57)
[2026-04-10 17:06:17.611] [6526] [HailoRT] [info] [queue_elements.cpp:570] [execute_deactivate] enqueue() in element EntryPushQEl0yolov8m/input_layer1 was aborted, got status = HAILO_SHUTDOWN_EVENT_SIGNALED(57)
[2026-04-10 17:06:17.611] [6526] [HailoRT] [info] [queue_elements.cpp:46] [~BaseQueueElement] Queue element EntryPushQEl0yolov8m/input_layer1 has 0 frames in his Queue on destruction
[2026-04-10 17:06:17.611] [6526] [HailoRT] [info] [queue_elements.cpp:46] [~BaseQueueElement] Queue element PushQEl3yolov8m/input_layer1 has 0 frames in his Queue on destruction
[2026-04-10 17:11:35.391] [8546] [HailoRT] [info] [vdevice.cpp:523] [create] Creating vdevice with params: device_count: 1, scheduling_algorithm: ROUND_ROBIN, multi_process_service: false
[2026-04-10 17:11:35.403] [8546] [HailoRT] [info] [device.cpp:49] [Device] OS Version: Linux 6.12.62+rpt-rpi-2712 #1 SMP PREEMPT Debian 1:6.12.62-1+rpt1~bookworm (2026-01-19) aarch64
[2026-04-10 17:11:35.404] [8546] [HailoRT] [info] [control.cpp:108] [control__parse_identify_results] firmware_version is: 4.20.0
[2026-04-10 17:11:35.404] [8546] [HailoRT] [info] [vdevice.cpp:651] [create] VDevice Infos: 0001:01:00.0
[2026-04-10 17:11:35.425] [8546] [HailoRT] [info] [hef.cpp:1929] [get_network_group_and_network_name] No name was given. Addressing all networks of default network_group: yolov8m
[2026-04-10 17:11:35.425] [8546] [HailoRT] [info] [hef.cpp:1929] [get_network_group_and_network_name] No name was given. Addressing all networks of default network_group: yolov8m
[2026-04-10 17:11:35.433] [8546] [HailoRT] [info] [internal_buffer_manager.cpp:204] [print_execution_results] Planned internal buffer memory: CMA memory 0, user memory 3037184. memory to edge layer usage factor is 1
[2026-04-10 17:11:35.433] [8546] [HailoRT] [info] [internal_buffer_manager.cpp:212] [print_execution_results] Default Internal buffer planner executed successfully
[2026-04-10 17:11:35.470] [8546] [HailoRT] [info] [device_internal.cpp:57] [configure] Configuring HEF took 42.028851 milliseconds
[2026-04-10 17:11:35.470] [8546] [HailoRT] [info] [vdevice.cpp:749] [configure] Configuring HEF on VDevice took 42.329426 milliseconds
[2026-04-10 17:11:35.470] [8546] [HailoRT] [info] [infer_model.cpp:436] [configure] Configuring network group 'yolov8m' with params: batch size: 0, power mode: PERFORMANCE, latency: NONE
[2026-04-10 17:11:35.470] [8546] [HailoRT] [info] [multi_io_elements.cpp:756] [create] Created (AsyncHwEl)
[2026-04-10 17:11:35.470] [8546] [HailoRT] [info] [queue_elements.cpp:450] [create] Created (EntryPushQEl0yolov8m/input_layer1 | timeout: 10s)
[2026-04-10 17:11:35.470] [8546] [HailoRT] [info] [filter_elements.cpp:101] [create] Created (PreInferEl3yolov8m/input_layer1 | Reorder - src_order: RGB4, src_shape: (640, 640, 3), dst_order: NHCW, dst_shape: (640, 640, 3))
[2026-04-10 17:11:35.470] [8546] [HailoRT] [info] [queue_elements.cpp:450] [create] Created (PushQEl3yolov8m/input_layer1 | timeout: 10s)
[2026-04-10 17:11:35.470] [8546] [HailoRT] [info] [multi_io_elements.cpp:135] [create] Created (NmsPPMuxEl0YOLOV8-Post-Process | Op YOLOV8, Name: YOLOV8-Post-Process, Score threshold: 0.001, IoU threshold: 0.70, Classes: 8, Cross classes: false, NMS results order: BY_CLASS, Max bboxes per class: 100, Image height: 640, Image width: 640)
[2026-04-10 17:11:35.470] [8546] [HailoRT] [info] [queue_elements.cpp:942] [create] Created (MultiPushQEl0YOLOV8-Post-Process | timeout: 10s)
[2026-04-10 17:11:35.470] [8546] [HailoRT] [info] [edge_elements.cpp:187] [create] Created (LastAsyncEl0NmsPPMuxEl0YOLOV8-Post-Process)
[2026-04-10 17:11:35.470] [8546] [HailoRT] [info] [pipeline.cpp:891] [print_deep_description] EntryPushQEl0yolov8m/input_layer1 | inputs: user | outputs: PreInferEl3yolov8m/input_layer1(running in thread_id: 8569)
[2026-04-10 17:11:35.470] [8546] [HailoRT] [info] [pipeline.cpp:891] [print_deep_description] PreInferEl3yolov8m/input_layer1 | inputs: EntryPushQEl0yolov8m/input_layer1[0] | outputs: PushQEl3yolov8m/input_layer1
[2026-04-10 17:11:35.470] [8546] [HailoRT] [info] [pipeline.cpp:891] [print_deep_description] PushQEl3yolov8m/input_layer1 | inputs: PreInferEl3yolov8m/input_layer1[0] | outputs: AsyncHwEl(running in thread_id: 8570)
[2026-04-10 17:11:35.470] [8546] [HailoRT] [info] [pipeline.cpp:891] [print_deep_description] AsyncHwEl | inputs: PushQEl3yolov8m/input_layer1[0] | outputs: MultiPushQEl0YOLOV8-Post-Process MultiPushQEl0YOLOV8-Post-Process MultiPushQEl0YOLOV8-Post-Process MultiPushQEl0YOLOV8-Post-Process MultiPushQEl0YOLOV8-Post-Process MultiPushQEl0YOLOV8-Post-Process
[2026-04-10 17:11:35.470] [8546] [HailoRT] [info] [pipeline.cpp:891] [print_deep_description] MultiPushQEl0YOLOV8-Post-Process | inputs: AsyncHwEl[0] AsyncHwEl[1] AsyncHwEl[2] AsyncHwEl[3] AsyncHwEl[4] AsyncHwEl[5] | outputs: NmsPPMuxEl0YOLOV8-Post-Process(running in thread_id: 8571)
[2026-04-10 17:11:35.470] [8546] [HailoRT] [info] [pipeline.cpp:891] [print_deep_description] NmsPPMuxEl0YOLOV8-Post-Process | inputs: MultiPushQEl0YOLOV8-Post-Process[0] | outputs: LastAsyncEl0NmsPPMuxEl0YOLOV8-Post-Process
[2026-04-10 17:11:35.470] [8546] [HailoRT] [info] [pipeline.cpp:891] [print_deep_description] LastAsyncEl0NmsPPMuxEl0YOLOV8-Post-Process | inputs: NmsPPMuxEl0YOLOV8-Post-Process[0] | outputs: user
[2026-04-10 17:11:37.397] [8566] [HailoRT] [info] [hef.cpp:1929] [get_network_group_and_network_name] No name was given. Addressing all networks of default network_group: yolov8m
[2026-04-10 17:12:13.816] [8546] [HailoRT] [info] [async_infer_runner.cpp:86] [shutdown] Pipeline was aborted. Shutting it down
[2026-04-10 17:12:13.818] [8546] [HailoRT] [info] [queue_elements.cpp:1131] [execute_deactivate] enqueue() in element MultiPushQEl0YOLOV8-Post-Process was aborted, got status = HAILO_SHUTDOWN_EVENT_SIGNALED(57)
[2026-04-10 17:12:13.818] [8546] [HailoRT] [info] [queue_elements.cpp:1131] [execute_deactivate] enqueue() in element MultiPushQEl0YOLOV8-Post-Process was aborted, got status = HAILO_SHUTDOWN_EVENT_SIGNALED(57)
[2026-04-10 17:12:13.818] [8546] [HailoRT] [info] [queue_elements.cpp:1131] [execute_deactivate] enqueue() in element MultiPushQEl0YOLOV8-Post-Process was aborted, got status = HAILO_SHUTDOWN_EVENT_SIGNALED(57)
[2026-04-10 17:12:13.818] [8546] [HailoRT] [info] [queue_elements.cpp:1131] [execute_deactivate] enqueue() in element MultiPushQEl0YOLOV8-Post-Process was aborted, got status = HAILO_SHUTDOWN_EVENT_SIGNALED(57)
[2026-04-10 17:12:13.818] [8546] [HailoRT] [info] [queue_elements.cpp:1131] [execute_deactivate] enqueue() in element MultiPushQEl0YOLOV8-Post-Process was aborted, got status = HAILO_SHUTDOWN_EVENT_SIGNALED(57)
[2026-04-10 17:12:13.818] [8546] [HailoRT] [info] [queue_elements.cpp:1131] [execute_deactivate] enqueue() in element MultiPushQEl0YOLOV8-Post-Process was aborted, got status = HAILO_SHUTDOWN_EVENT_SIGNALED(57)
[2026-04-10 17:12:13.818] [8546] [HailoRT] [info] [queue_elements.cpp:570] [execute_deactivate] enqueue() in element PushQEl3yolov8m/input_layer1 was aborted, got status = HAILO_SHUTDOWN_EVENT_SIGNALED(57)
[2026-04-10 17:12:13.818] [8546] [HailoRT] [info] [queue_elements.cpp:570] [execute_deactivate] enqueue() in element EntryPushQEl0yolov8m/input_layer1 was aborted, got status = HAILO_SHUTDOWN_EVENT_SIGNALED(57)
[2026-04-10 17:12:13.818] [8546] [HailoRT] [info] [queue_elements.cpp:46] [~BaseQueueElement] Queue element EntryPushQEl0yolov8m/input_layer1 has 0 frames in his Queue on destruction
[2026-04-10 17:12:13.818] [8546] [HailoRT] [info] [queue_elements.cpp:46] [~BaseQueueElement] Queue element PushQEl3yolov8m/input_layer1 has 0 frames in his Queue on destruction
[2026-04-10 17:13:19.245] [9222] [HailoRT] [info] [vdevice.cpp:523] [create] Creating vdevice with params: device_count: 1, scheduling_algorithm: ROUND_ROBIN, multi_process_service: false
[2026-04-10 17:13:19.256] [9222] [HailoRT] [info] [device.cpp:49] [Device] OS Version: Linux 6.12.62+rpt-rpi-2712 #1 SMP PREEMPT Debian 1:6.12.62-1+rpt1~bookworm (2026-01-19) aarch64
[2026-04-10 17:13:19.257] [9222] [HailoRT] [info] [control.cpp:108] [control__parse_identify_results] firmware_version is: 4.20.0
[2026-04-10 17:13:19.257] [9222] [HailoRT] [info] [vdevice.cpp:651] [create] VDevice Infos: 0001:01:00.0
[2026-04-10 17:13:19.280] [9222] [HailoRT] [info] [hef.cpp:1929] [get_network_group_and_network_name] No name was given. Addressing all networks of default network_group: yolov8m
[2026-04-10 17:13:19.280] [9222] [HailoRT] [info] [hef.cpp:1929] [get_network_group_and_network_name] No name was given. Addressing all networks of default network_group: yolov8m
[2026-04-10 17:13:19.291] [9222] [HailoRT] [info] [internal_buffer_manager.cpp:204] [print_execution_results] Planned internal buffer memory: CMA memory 0, user memory 3037184. memory to edge layer usage factor is 1
[2026-04-10 17:13:19.291] [9222] [HailoRT] [info] [internal_buffer_manager.cpp:212] [print_execution_results] Default Internal buffer planner executed successfully
[2026-04-10 17:13:19.341] [9222] [HailoRT] [info] [device_internal.cpp:57] [configure] Configuring HEF took 57.886056 milliseconds
[2026-04-10 17:13:19.341] [9222] [HailoRT] [info] [vdevice.cpp:749] [configure] Configuring HEF on VDevice took 58.302278 milliseconds
[2026-04-10 17:13:19.341] [9222] [HailoRT] [info] [infer_model.cpp:436] [configure] Configuring network group 'yolov8m' with params: batch size: 0, power mode: PERFORMANCE, latency: NONE
[2026-04-10 17:13:19.342] [9222] [HailoRT] [info] [multi_io_elements.cpp:756] [create] Created (AsyncHwEl)
[2026-04-10 17:13:19.342] [9222] [HailoRT] [info] [queue_elements.cpp:450] [create] Created (EntryPushQEl0yolov8m/input_layer1 | timeout: 10s)
[2026-04-10 17:13:19.342] [9222] [HailoRT] [info] [filter_elements.cpp:101] [create] Created (PreInferEl3yolov8m/input_layer1 | Reorder - src_order: RGB4, src_shape: (640, 640, 3), dst_order: NHCW, dst_shape: (640, 640, 3))
[2026-04-10 17:13:19.342] [9222] [HailoRT] [info] [queue_elements.cpp:450] [create] Created (PushQEl3yolov8m/input_layer1 | timeout: 10s)
[2026-04-10 17:13:19.342] [9222] [HailoRT] [info] [multi_io_elements.cpp:135] [create] Created (NmsPPMuxEl0YOLOV8-Post-Process | Op YOLOV8, Name: YOLOV8-Post-Process, Score threshold: 0.001, IoU threshold: 0.70, Classes: 8, Cross classes: false, NMS results order: BY_CLASS, Max bboxes per class: 100, Image height: 640, Image width: 640)
[2026-04-10 17:13:19.342] [9222] [HailoRT] [info] [queue_elements.cpp:942] [create] Created (MultiPushQEl0YOLOV8-Post-Process | timeout: 10s)
[2026-04-10 17:13:19.342] [9222] [HailoRT] [info] [edge_elements.cpp:187] [create] Created (LastAsyncEl0NmsPPMuxEl0YOLOV8-Post-Process)
[2026-04-10 17:13:19.342] [9222] [HailoRT] [info] [pipeline.cpp:891] [print_deep_description] EntryPushQEl0yolov8m/input_layer1 | inputs: user | outputs: PreInferEl3yolov8m/input_layer1(running in thread_id: 9254)
[2026-04-10 17:13:19.342] [9222] [HailoRT] [info] [pipeline.cpp:891] [print_deep_description] PreInferEl3yolov8m/input_layer1 | inputs: EntryPushQEl0yolov8m/input_layer1[0] | outputs: PushQEl3yolov8m/input_layer1
[2026-04-10 17:13:19.342] [9222] [HailoRT] [info] [pipeline.cpp:891] [print_deep_description] PushQEl3yolov8m/input_layer1 | inputs: PreInferEl3yolov8m/input_layer1[0] | outputs: AsyncHwEl(running in thread_id: 9255)
[2026-04-10 17:13:19.342] [9222] [HailoRT] [info] [pipeline.cpp:891] [print_deep_description] AsyncHwEl | inputs: PushQEl3yolov8m/input_layer1[0] | outputs: MultiPushQEl0YOLOV8-Post-Process MultiPushQEl0YOLOV8-Post-Process MultiPushQEl0YOLOV8-Post-Process MultiPushQEl0YOLOV8-Post-Process MultiPushQEl0YOLOV8-Post-Process MultiPushQEl0YOLOV8-Post-Process
[2026-04-10 17:13:19.342] [9222] [HailoRT] [info] [pipeline.cpp:891] [print_deep_description] MultiPushQEl0YOLOV8-Post-Process | inputs: AsyncHwEl[0] AsyncHwEl[1] AsyncHwEl[2] AsyncHwEl[3] AsyncHwEl[4] AsyncHwEl[5] | outputs: NmsPPMuxEl0YOLOV8-Post-Process(running in thread_id: 9256)
[2026-04-10 17:13:19.342] [9222] [HailoRT] [info] [pipeline.cpp:891] [print_deep_description] NmsPPMuxEl0YOLOV8-Post-Process | inputs: MultiPushQEl0YOLOV8-Post-Process[0] | outputs: LastAsyncEl0NmsPPMuxEl0YOLOV8-Post-Process
[2026-04-10 17:13:19.342] [9222] [HailoRT] [info] [pipeline.cpp:891] [print_deep_description] LastAsyncEl0NmsPPMuxEl0YOLOV8-Post-Process | inputs: NmsPPMuxEl0YOLOV8-Post-Process[0] | outputs: user
[2026-04-10 17:13:21.306] [9251] [HailoRT] [info] [hef.cpp:1929] [get_network_group_and_network_name] No name was given. Addressing all networks of default network_group: yolov8m
[2026-04-10 17:15:21.972] [9222] [HailoRT] [info] [async_infer_runner.cpp:86] [shutdown] Pipeline was aborted. Shutting it down
[2026-04-10 17:15:21.973] [9222] [HailoRT] [info] [queue_elements.cpp:1131] [execute_deactivate] enqueue() in element MultiPushQEl0YOLOV8-Post-Process was aborted, got status = HAILO_SHUTDOWN_EVENT_SIGNALED(57)
[2026-04-10 17:15:21.973] [9222] [HailoRT] [info] [queue_elements.cpp:1131] [execute_deactivate] enqueue() in element MultiPushQEl0YOLOV8-Post-Process was aborted, got status = HAILO_SHUTDOWN_EVENT_SIGNALED(57)
[2026-04-10 17:15:21.973] [9222] [HailoRT] [info] [queue_elements.cpp:1131] [execute_deactivate] enqueue() in element MultiPushQEl0YOLOV8-Post-Process was aborted, got status = HAILO_SHUTDOWN_EVENT_SIGNALED(57)
[2026-04-10 17:15:21.973] [9222] [HailoRT] [info] [queue_elements.cpp:1131] [execute_deactivate] enqueue() in element MultiPushQEl0YOLOV8-Post-Process was aborted, got status = HAILO_SHUTDOWN_EVENT_SIGNALED(57)
[2026-04-10 17:15:21.973] [9222] [HailoRT] [info] [queue_elements.cpp:1131] [execute_deactivate] enqueue() in element MultiPushQEl0YOLOV8-Post-Process was aborted, got status = HAILO_SHUTDOWN_EVENT_SIGNALED(57)
[2026-04-10 17:15:21.973] [9222] [HailoRT] [info] [queue_elements.cpp:1131] [execute_deactivate] enqueue() in element MultiPushQEl0YOLOV8-Post-Process was aborted, got status = HAILO_SHUTDOWN_EVENT_SIGNALED(57)
[2026-04-10 17:15:21.973] [9222] [HailoRT] [info] [queue_elements.cpp:570] [execute_deactivate] enqueue() in element PushQEl3yolov8m/input_layer1 was aborted, got status = HAILO_SHUTDOWN_EVENT_SIGNALED(57)
[2026-04-10 17:15:21.973] [9222] [HailoRT] [info] [queue_elements.cpp:570] [execute_deactivate] enqueue() in element EntryPushQEl0yolov8m/input_layer1 was aborted, got status = HAILO_SHUTDOWN_EVENT_SIGNALED(57)
[2026-04-10 17:15:21.973] [9222] [HailoRT] [info] [queue_elements.cpp:46] [~BaseQueueElement] Queue element EntryPushQEl0yolov8m/input_layer1 has 0 frames in his Queue on destruction
[2026-04-10 17:15:21.973] [9222] [HailoRT] [info] [queue_elements.cpp:46] [~BaseQueueElement] Queue element PushQEl3yolov8m/input_layer1 has 0 frames in his Queue on destruction
[2026-04-10 17:17:01.685] [10514] [HailoRT] [info] [vdevice.cpp:523] [create] Creating vdevice with params: device_count: 1, scheduling_algorithm: ROUND_ROBIN, multi_process_service: false
[2026-04-10 17:17:01.698] [10514] [HailoRT] [info] [device.cpp:49] [Device] OS Version: Linux 6.12.62+rpt-rpi-2712 #1 SMP PREEMPT Debian 1:6.12.62-1+rpt1~bookworm (2026-01-19) aarch64
[2026-04-10 17:17:01.702] [10514] [HailoRT] [info] [control.cpp:108] [control__parse_identify_results] firmware_version is: 4.20.0
[2026-04-10 17:17:01.702] [10514] [HailoRT] [info] [vdevice.cpp:651] [create] VDevice Infos: 0001:01:00.0
[2026-04-10 17:17:01.723] [10514] [HailoRT] [info] [hef.cpp:1929] [get_network_group_and_network_name] No name was given. Addressing all networks of default network_group: yolov8m
[2026-04-10 17:17:01.723] [10514] [HailoRT] [info] [hef.cpp:1929] [get_network_group_and_network_name] No name was given. Addressing all networks of default network_group: yolov8m
[2026-04-10 17:17:01.731] [10514] [HailoRT] [info] [internal_buffer_manager.cpp:204] [print_execution_results] Planned internal buffer memory: CMA memory 0, user memory 3037184. memory to edge layer usage factor is 1
[2026-04-10 17:17:01.731] [10514] [HailoRT] [info] [internal_buffer_manager.cpp:212] [print_execution_results] Default Internal buffer planner executed successfully
[2026-04-10 17:17:01.776] [10514] [HailoRT] [info] [device_internal.cpp:57] [configure] Configuring HEF took 50.571574 milliseconds
[2026-04-10 17:17:01.776] [10514] [HailoRT] [info] [vdevice.cpp:749] [configure] Configuring HEF on VDevice took 50.940482 milliseconds
[2026-04-10 17:17:01.776] [10514] [HailoRT] [info] [infer_model.cpp:436] [configure] Configuring network group 'yolov8m' with params: batch size: 0, power mode: PERFORMANCE, latency: NONE
[2026-04-10 17:17:01.776] [10514] [HailoRT] [info] [multi_io_elements.cpp:756] [create] Created (AsyncHwEl)
[2026-04-10 17:17:01.777] [10514] [HailoRT] [info] [queue_elements.cpp:450] [create] Created (EntryPushQEl0yolov8m/input_layer1 | timeout: 10s)
[2026-04-10 17:17:01.777] [10514] [HailoRT] [info] [filter_elements.cpp:101] [create] Created (PreInferEl3yolov8m/input_layer1 | Reorder - src_order: RGB4, src_shape: (640, 640, 3), dst_order: NHCW, dst_shape: (640, 640, 3))
[2026-04-10 17:17:01.777] [10514] [HailoRT] [info] [queue_elements.cpp:450] [create] Created (PushQEl3yolov8m/input_layer1 | timeout: 10s)
[2026-04-10 17:17:01.777] [10514] [HailoRT] [info] [multi_io_elements.cpp:135] [create] Created (NmsPPMuxEl0YOLOV8-Post-Process | Op YOLOV8, Name: YOLOV8-Post-Process, Score threshold: 0.001, IoU threshold: 0.70, Classes: 8, Cross classes: false, NMS results order: BY_CLASS, Max bboxes per class: 100, Image height: 640, Image width: 640)
[2026-04-10 17:17:01.777] [10514] [HailoRT] [info] [queue_elements.cpp:942] [create] Created (MultiPushQEl0YOLOV8-Post-Process | timeout: 10s)
[2026-04-10 17:17:01.777] [10514] [HailoRT] [info] [edge_elements.cpp:187] [create] Created (LastAsyncEl0NmsPPMuxEl0YOLOV8-Post-Process)
[2026-04-10 17:17:01.777] [10514] [HailoRT] [info] [pipeline.cpp:891] [print_deep_description] EntryPushQEl0yolov8m/input_layer1 | inputs: user | outputs: PreInferEl3yolov8m/input_layer1(running in thread_id: 10553)
[2026-04-10 17:17:01.777] [10514] [HailoRT] [info] [pipeline.cpp:891] [print_deep_description] PreInferEl3yolov8m/input_layer1 | inputs: EntryPushQEl0yolov8m/input_layer1[0] | outputs: PushQEl3yolov8m/input_layer1
[2026-04-10 17:17:01.777] [10514] [HailoRT] [info] [pipeline.cpp:891] [print_deep_description] PushQEl3yolov8m/input_layer1 | inputs: PreInferEl3yolov8m/input_layer1[0] | outputs: AsyncHwEl(running in thread_id: 10554)
[2026-04-10 17:17:01.777] [10514] [HailoRT] [info] [pipeline.cpp:891] [print_deep_description] AsyncHwEl | inputs: PushQEl3yolov8m/input_layer1[0] | outputs: MultiPushQEl0YOLOV8-Post-Process MultiPushQEl0YOLOV8-Post-Process MultiPushQEl0YOLOV8-Post-Process MultiPushQEl0YOLOV8-Post-Process MultiPushQEl0YOLOV8-Post-Process MultiPushQEl0YOLOV8-Post-Process
[2026-04-10 17:17:01.777] [10514] [HailoRT] [info] [pipeline.cpp:891] [print_deep_description] MultiPushQEl0YOLOV8-Post-Process | inputs: AsyncHwEl[0] AsyncHwEl[1] AsyncHwEl[2] AsyncHwEl[3] AsyncHwEl[4] AsyncHwEl[5] | outputs: NmsPPMuxEl0YOLOV8-Post-Process(running in thread_id: 10555)
[2026-04-10 17:17:01.777] [10514] [HailoRT] [info] [pipeline.cpp:891] [print_deep_description] NmsPPMuxEl0YOLOV8-Post-Process | inputs: MultiPushQEl0YOLOV8-Post-Process[0] | outputs: LastAsyncEl0NmsPPMuxEl0YOLOV8-Post-Process
[2026-04-10 17:17:01.777] [10514] [HailoRT] [info] [pipeline.cpp:891] [print_deep_description] LastAsyncEl0NmsPPMuxEl0YOLOV8-Post-Process | inputs: NmsPPMuxEl0YOLOV8-Post-Process[0] | outputs: user
[2026-04-10 17:17:02.744] [10550] [HailoRT] [info] [hef.cpp:1929] [get_network_group_and_network_name] No name was given. Addressing all networks of default network_group: yolov8m
[2026-04-10 17:17:09.894] [10514] [HailoRT] [info] [async_infer_runner.cpp:86] [shutdown] Pipeline was aborted. Shutting it down
[2026-04-10 17:17:09.895] [10514] [HailoRT] [info] [queue_elements.cpp:1131] [execute_deactivate] enqueue() in element MultiPushQEl0YOLOV8-Post-Process was aborted, got status = HAILO_SHUTDOWN_EVENT_SIGNALED(57)
[2026-04-10 17:17:09.895] [10514] [HailoRT] [info] [queue_elements.cpp:1131] [execute_deactivate] enqueue() in element MultiPushQEl0YOLOV8-Post-Process was aborted, got status = HAILO_SHUTDOWN_EVENT_SIGNALED(57)
[2026-04-10 17:17:09.895] [10514] [HailoRT] [info] [queue_elements.cpp:1131] [execute_deactivate] enqueue() in element MultiPushQEl0YOLOV8-Post-Process was aborted, got status = HAILO_SHUTDOWN_EVENT_SIGNALED(57)
[2026-04-10 17:17:09.895] [10514] [HailoRT] [info] [queue_elements.cpp:1131] [execute_deactivate] enqueue() in element MultiPushQEl0YOLOV8-Post-Process was aborted, got status = HAILO_SHUTDOWN_EVENT_SIGNALED(57)
[2026-04-10 17:17:09.895] [10514] [HailoRT] [info] [queue_elements.cpp:1131] [execute_deactivate] enqueue() in element MultiPushQEl0YOLOV8-Post-Process was aborted, got status = HAILO_SHUTDOWN_EVENT_SIGNALED(57)
[2026-04-10 17:17:09.895] [10514] [HailoRT] [info] [queue_elements.cpp:1131] [execute_deactivate] enqueue() in element MultiPushQEl0YOLOV8-Post-Process was aborted, got status = HAILO_SHUTDOWN_EVENT_SIGNALED(57)
[2026-04-10 17:17:09.895] [10514] [HailoRT] [info] [queue_elements.cpp:570] [execute_deactivate] enqueue() in element PushQEl3yolov8m/input_layer1 was aborted, got status = HAILO_SHUTDOWN_EVENT_SIGNALED(57)
[2026-04-10 17:17:09.895] [10514] [HailoRT] [info] [queue_elements.cpp:570] [execute_deactivate] enqueue() in element EntryPushQEl0yolov8m/input_layer1 was aborted, got status = HAILO_SHUTDOWN_EVENT_SIGNALED(57)
[2026-04-10 17:17:09.895] [10514] [HailoRT] [info] [queue_elements.cpp:46] [~BaseQueueElement] Queue element EntryPushQEl0yolov8m/input_layer1 has 0 frames in his Queue on destruction
[2026-04-10 17:17:09.895] [10514] [HailoRT] [info] [queue_elements.cpp:46] [~BaseQueueElement] Queue element PushQEl3yolov8m/input_layer1 has 0 frames in his Queue on destruction
[2026-04-10 17:17:55.110] [10959] [HailoRT] [info] [vdevice.cpp:523] [create] Creating vdevice with params: device_count: 1, scheduling_algorithm: ROUND_ROBIN, multi_process_service: false
[2026-04-10 17:17:55.123] [10959] [HailoRT] [info] [device.cpp:49] [Device] OS Version: Linux 6.12.62+rpt-rpi-2712 #1 SMP PREEMPT Debian 1:6.12.62-1+rpt1~bookworm (2026-01-19) aarch64
[2026-04-10 17:17:55.124] [10959] [HailoRT] [info] [control.cpp:108] [control__parse_identify_results] firmware_version is: 4.20.0
[2026-04-10 17:17:55.124] [10959] [HailoRT] [info] [vdevice.cpp:651] [create] VDevice Infos: 0001:01:00.0
[2026-04-10 17:17:55.153] [10959] [HailoRT] [info] [hef.cpp:1929] [get_network_group_and_network_name] No name was given. Addressing all networks of default network_group: yolov8m
[2026-04-10 17:17:55.153] [10959] [HailoRT] [info] [hef.cpp:1929] [get_network_group_and_network_name] No name was given. Addressing all networks of default network_group: yolov8m
[2026-04-10 17:17:55.164] [10959] [HailoRT] [info] [internal_buffer_manager.cpp:204] [print_execution_results] Planned internal buffer memory: CMA memory 0, user memory 3037184. memory to edge layer usage factor is 1
[2026-04-10 17:17:55.164] [10959] [HailoRT] [info] [internal_buffer_manager.cpp:212] [print_execution_results] Default Internal buffer planner executed successfully
[2026-04-10 17:17:55.210] [10959] [HailoRT] [info] [device_internal.cpp:57] [configure] Configuring HEF took 53.393445 milliseconds
[2026-04-10 17:17:55.210] [10959] [HailoRT] [info] [vdevice.cpp:749] [configure] Configuring HEF on VDevice took 53.7485 milliseconds
[2026-04-10 17:17:55.210] [10959] [HailoRT] [info] [infer_model.cpp:436] [configure] Configuring network group 'yolov8m' with params: batch size: 0, power mode: PERFORMANCE, latency: NONE
[2026-04-10 17:17:55.210] [10959] [HailoRT] [info] [multi_io_elements.cpp:756] [create] Created (AsyncHwEl)
[2026-04-10 17:17:55.210] [10959] [HailoRT] [info] [queue_elements.cpp:450] [create] Created (EntryPushQEl0yolov8m/input_layer1 | timeout: 10s)
[2026-04-10 17:17:55.210] [10959] [HailoRT] [info] [filter_elements.cpp:101] [create] Created (PreInferEl3yolov8m/input_layer1 | Reorder - src_order: RGB4, src_shape: (640, 640, 3), dst_order: NHCW, dst_shape: (640, 640, 3))
[2026-04-10 17:17:55.210] [10959] [HailoRT] [info] [queue_elements.cpp:450] [create] Created (PushQEl3yolov8m/input_layer1 | timeout: 10s)
[2026-04-10 17:17:55.210] [10959] [HailoRT] [info] [multi_io_elements.cpp:135] [create] Created (NmsPPMuxEl0YOLOV8-Post-Process | Op YOLOV8, Name: YOLOV8-Post-Process, Score threshold: 0.001, IoU threshold: 0.70, Classes: 8, Cross classes: false, NMS results order: BY_CLASS, Max bboxes per class: 100, Image height: 640, Image width: 640)
[2026-04-10 17:17:55.211] [10959] [HailoRT] [info] [queue_elements.cpp:942] [create] Created (MultiPushQEl0YOLOV8-Post-Process | timeout: 10s)
[2026-04-10 17:17:55.211] [10959] [HailoRT] [info] [edge_elements.cpp:187] [create] Created (LastAsyncEl0NmsPPMuxEl0YOLOV8-Post-Process)
[2026-04-10 17:17:55.211] [10959] [HailoRT] [info] [pipeline.cpp:891] [print_deep_description] EntryPushQEl0yolov8m/input_layer1 | inputs: user | outputs: PreInferEl3yolov8m/input_layer1(running in thread_id: 10982)
[2026-04-10 17:17:55.211] [10959] [HailoRT] [info] [pipeline.cpp:891] [print_deep_description] PreInferEl3yolov8m/input_layer1 | inputs: EntryPushQEl0yolov8m/input_layer1[0] | outputs: PushQEl3yolov8m/input_layer1
[2026-04-10 17:17:55.211] [10959] [HailoRT] [info] [pipeline.cpp:891] [print_deep_description] PushQEl3yolov8m/input_layer1 | inputs: PreInferEl3yolov8m/input_layer1[0] | outputs: AsyncHwEl(running in thread_id: 10983)
[2026-04-10 17:17:55.211] [10959] [HailoRT] [info] [pipeline.cpp:891] [print_deep_description] AsyncHwEl | inputs: PushQEl3yolov8m/input_layer1[0] | outputs: MultiPushQEl0YOLOV8-Post-Process MultiPushQEl0YOLOV8-Post-Process MultiPushQEl0YOLOV8-Post-Process MultiPushQEl0YOLOV8-Post-Process MultiPushQEl0YOLOV8-Post-Process MultiPushQEl0YOLOV8-Post-Process
[2026-04-10 17:17:55.211] [10959] [HailoRT] [info] [pipeline.cpp:891] [print_deep_description] MultiPushQEl0YOLOV8-Post-Process | inputs: AsyncHwEl[0] AsyncHwEl[1] AsyncHwEl[2] AsyncHwEl[3] AsyncHwEl[4] AsyncHwEl[5] | outputs: NmsPPMuxEl0YOLOV8-Post-Process(running in thread_id: 10984)
[2026-04-10 17:17:55.211] [10959] [HailoRT] [info] [pipeline.cpp:891] [print_deep_description] NmsPPMuxEl0YOLOV8-Post-Process | inputs: MultiPushQEl0YOLOV8-Post-Process[0] | outputs: LastAsyncEl0NmsPPMuxEl0YOLOV8-Post-Process
[2026-04-10 17:17:55.211] [10959] [HailoRT] [info] [pipeline.cpp:891] [print_deep_description] LastAsyncEl0NmsPPMuxEl0YOLOV8-Post-Process | inputs: NmsPPMuxEl0YOLOV8-Post-Process[0] | outputs: user
[2026-04-10 17:17:57.128] [10979] [HailoRT] [info] [hef.cpp:1929] [get_network_group_and_network_name] No name was given. Addressing all networks of default network_group: yolov8m
[2026-04-10 17:20:56.911] [10959] [HailoRT] [info] [async_infer_runner.cpp:86] [shutdown] Pipeline was aborted. Shutting it down
[2026-04-10 17:20:56.912] [10959] [HailoRT] [info] [queue_elements.cpp:1131] [execute_deactivate] enqueue() in element MultiPushQEl0YOLOV8-Post-Process was aborted, got status = HAILO_SHUTDOWN_EVENT_SIGNALED(57)
[2026-04-10 17:20:56.912] [10959] [HailoRT] [info] [queue_elements.cpp:1131] [execute_deactivate] enqueue() in element MultiPushQEl0YOLOV8-Post-Process was aborted, got status = HAILO_SHUTDOWN_EVENT_SIGNALED(57)
[2026-04-10 17:20:56.912] [10959] [HailoRT] [info] [queue_elements.cpp:1131] [execute_deactivate] enqueue() in element MultiPushQEl0YOLOV8-Post-Process was aborted, got status = HAILO_SHUTDOWN_EVENT_SIGNALED(57)
[2026-04-10 17:20:56.912] [10959] [HailoRT] [info] [queue_elements.cpp:1131] [execute_deactivate] enqueue() in element MultiPushQEl0YOLOV8-Post-Process was aborted, got status = HAILO_SHUTDOWN_EVENT_SIGNALED(57)
[2026-04-10 17:20:56.912] [10959] [HailoRT] [info] [queue_elements.cpp:1131] [execute_deactivate] enqueue() in element MultiPushQEl0YOLOV8-Post-Process was aborted, got status = HAILO_SHUTDOWN_EVENT_SIGNALED(57)
[2026-04-10 17:20:56.912] [10959] [HailoRT] [info] [queue_elements.cpp:1131] [execute_deactivate] enqueue() in element MultiPushQEl0YOLOV8-Post-Process was aborted, got status = HAILO_SHUTDOWN_EVENT_SIGNALED(57)
[2026-04-10 17:20:56.912] [10959] [HailoRT] [info] [queue_elements.cpp:570] [execute_deactivate] enqueue() in element PushQEl3yolov8m/input_layer1 was aborted, got status = HAILO_SHUTDOWN_EVENT_SIGNALED(57)
[2026-04-10 17:20:56.912] [10959] [HailoRT] [info] [queue_elements.cpp:570] [execute_deactivate] enqueue() in element EntryPushQEl0yolov8m/input_layer1 was aborted, got status = HAILO_SHUTDOWN_EVENT_SIGNALED(57)
[2026-04-10 17:20:56.912] [10959] [HailoRT] [info] [queue_elements.cpp:46] [~BaseQueueElement] Queue element EntryPushQEl0yolov8m/input_layer1 has 0 frames in his Queue on destruction
[2026-04-10 17:20:56.912] [10959] [HailoRT] [info] [queue_elements.cpp:46] [~BaseQueueElement] Queue element PushQEl3yolov8m/input_layer1 has 0 frames in his Queue on destruction
[2026-04-10 17:32:44.578] [15172] [HailoRT] [info] [vdevice.cpp:523] [create] Creating vdevice with params: device_count: 1, scheduling_algorithm: ROUND_ROBIN, multi_process_service: false
[2026-04-10 17:32:44.590] [15172] [HailoRT] [info] [device.cpp:49] [Device] OS Version: Linux 6.12.62+rpt-rpi-2712 #1 SMP PREEMPT Debian 1:6.12.62-1+rpt1~bookworm (2026-01-19) aarch64
[2026-04-10 17:32:44.595] [15172] [HailoRT] [info] [control.cpp:108] [control__parse_identify_results] firmware_version is: 4.20.0
[2026-04-10 17:32:44.595] [15172] [HailoRT] [info] [vdevice.cpp:651] [create] VDevice Infos: 0001:01:00.0
[2026-04-10 17:32:44.638] [15172] [HailoRT] [info] [hef.cpp:1929] [get_network_group_and_network_name] No name was given. Addressing all networks of default network_group: yolov8m
[2026-04-10 17:32:44.638] [15172] [HailoRT] [info] [hef.cpp:1929] [get_network_group_and_network_name] No name was given. Addressing all networks of default network_group: yolov8m
[2026-04-10 17:32:44.654] [15172] [HailoRT] [info] [internal_buffer_manager.cpp:204] [print_execution_results] Planned internal buffer memory: CMA memory 0, user memory 3037184. memory to edge layer usage factor is 1
[2026-04-10 17:32:44.654] [15172] [HailoRT] [info] [internal_buffer_manager.cpp:212] [print_execution_results] Default Internal buffer planner executed successfully
[2026-04-10 17:32:44.723] [15172] [HailoRT] [info] [device_internal.cpp:57] [configure] Configuring HEF took 81.235371 milliseconds
[2026-04-10 17:32:44.723] [15172] [HailoRT] [info] [vdevice.cpp:749] [configure] Configuring HEF on VDevice took 81.541129 milliseconds
[2026-04-10 17:32:44.723] [15172] [HailoRT] [info] [infer_model.cpp:436] [configure] Configuring network group 'yolov8m' with params: batch size: 0, power mode: PERFORMANCE, latency: NONE
[2026-04-10 17:32:44.723] [15172] [HailoRT] [info] [multi_io_elements.cpp:756] [create] Created (AsyncHwEl)
[2026-04-10 17:32:44.724] [15172] [HailoRT] [info] [queue_elements.cpp:450] [create] Created (EntryPushQEl0yolov8m/input_layer1 | timeout: 10s)
[2026-04-10 17:32:44.724] [15172] [HailoRT] [info] [filter_elements.cpp:101] [create] Created (PreInferEl3yolov8m/input_layer1 | Reorder - src_order: RGB4, src_shape: (640, 640, 3), dst_order: NHCW, dst_shape: (640, 640, 3))
[2026-04-10 17:32:44.724] [15172] [HailoRT] [info] [queue_elements.cpp:450] [create] Created (PushQEl3yolov8m/input_layer1 | timeout: 10s)
[2026-04-10 17:32:44.724] [15172] [HailoRT] [info] [multi_io_elements.cpp:135] [create] Created (NmsPPMuxEl0YOLOV8-Post-Process | Op YOLOV8, Name: YOLOV8-Post-Process, Score threshold: 0.001, IoU threshold: 0.70, Classes: 8, Cross classes: false, NMS results order: BY_CLASS, Max bboxes per class: 100, Image height: 640, Image width: 640)
[2026-04-10 17:32:44.724] [15172] [HailoRT] [info] [queue_elements.cpp:942] [create] Created (MultiPushQEl0YOLOV8-Post-Process | timeout: 10s)
[2026-04-10 17:32:44.724] [15172] [HailoRT] [info] [edge_elements.cpp:187] [create] Created (LastAsyncEl0NmsPPMuxEl0YOLOV8-Post-Process)
[2026-04-10 17:32:44.724] [15172] [HailoRT] [info] [pipeline.cpp:891] [print_deep_description] EntryPushQEl0yolov8m/input_layer1 | inputs: user | outputs: PreInferEl3yolov8m/input_layer1(running in thread_id: 15205)
[2026-04-10 17:32:44.724] [15172] [HailoRT] [info] [pipeline.cpp:891] [print_deep_description] PreInferEl3yolov8m/input_layer1 | inputs: EntryPushQEl0yolov8m/input_layer1[0] | outputs: PushQEl3yolov8m/input_layer1
[2026-04-10 17:32:44.724] [15172] [HailoRT] [info] [pipeline.cpp:891] [print_deep_description] PushQEl3yolov8m/input_layer1 | inputs: PreInferEl3yolov8m/input_layer1[0] | outputs: AsyncHwEl(running in thread_id: 15206)
[2026-04-10 17:32:44.724] [15172] [HailoRT] [info] [pipeline.cpp:891] [print_deep_description] AsyncHwEl | inputs: PushQEl3yolov8m/input_layer1[0] | outputs: MultiPushQEl0YOLOV8-Post-Process MultiPushQEl0YOLOV8-Post-Process MultiPushQEl0YOLOV8-Post-Process MultiPushQEl0YOLOV8-Post-Process MultiPushQEl0YOLOV8-Post-Process MultiPushQEl0YOLOV8-Post-Process
[2026-04-10 17:32:44.724] [15172] [HailoRT] [info] [pipeline.cpp:891] [print_deep_description] MultiPushQEl0YOLOV8-Post-Process | inputs: AsyncHwEl[0] AsyncHwEl[1] AsyncHwEl[2] AsyncHwEl[3] AsyncHwEl[4] AsyncHwEl[5] | outputs: NmsPPMuxEl0YOLOV8-Post-Process(running in thread_id: 15207)
[2026-04-10 17:32:44.724] [15172] [HailoRT] [info] [pipeline.cpp:891] [print_deep_description] NmsPPMuxEl0YOLOV8-Post-Process | inputs: MultiPushQEl0YOLOV8-Post-Process[0] | outputs: LastAsyncEl0NmsPPMuxEl0YOLOV8-Post-Process
[2026-04-10 17:32:44.724] [15172] [HailoRT] [info] [pipeline.cpp:891] [print_deep_description] LastAsyncEl0NmsPPMuxEl0YOLOV8-Post-Process | inputs: NmsPPMuxEl0YOLOV8-Post-Process[0] | outputs: user
[2026-04-10 17:32:46.659] [15202] [HailoRT] [info] [hef.cpp:1929] [get_network_group_and_network_name] No name was given. Addressing all networks of default network_group: yolov8m
[2026-04-10 17:41:02.171] [17671] [HailoRT] [info] [vdevice.cpp:523] [create] Creating vdevice with params: device_count: 1, scheduling_algorithm: ROUND_ROBIN, multi_process_service: false
[2026-04-10 17:41:02.183] [17671] [HailoRT] [info] [device.cpp:49] [Device] OS Version: Linux 6.12.62+rpt-rpi-2712 #1 SMP PREEMPT Debian 1:6.12.62-1+rpt1~bookworm (2026-01-19) aarch64
[2026-04-10 17:41:02.185] [17671] [HailoRT] [info] [control.cpp:108] [control__parse_identify_results] firmware_version is: 4.20.0
[2026-04-10 17:41:02.185] [17671] [HailoRT] [info] [vdevice.cpp:651] [create] VDevice Infos: 0001:01:00.0
[2026-04-10 17:41:02.205] [17671] [HailoRT] [info] [hef.cpp:1929] [get_network_group_and_network_name] No name was given. Addressing all networks of default network_group: yolov8m
[2026-04-10 17:41:02.205] [17671] [HailoRT] [info] [hef.cpp:1929] [get_network_group_and_network_name] No name was given. Addressing all networks of default network_group: yolov8m
[2026-04-10 17:41:02.213] [17671] [HailoRT] [info] [internal_buffer_manager.cpp:204] [print_execution_results] Planned internal buffer memory: CMA memory 0, user memory 3037184. memory to edge layer usage factor is 1
[2026-04-10 17:41:02.213] [17671] [HailoRT] [info] [internal_buffer_manager.cpp:212] [print_execution_results] Default Internal buffer planner executed successfully
[2026-04-10 17:41:02.256] [17671] [HailoRT] [info] [device_internal.cpp:57] [configure] Configuring HEF took 48.981259 milliseconds
[2026-04-10 17:41:02.257] [17671] [HailoRT] [info] [vdevice.cpp:749] [configure] Configuring HEF on VDevice took 49.37863 milliseconds
[2026-04-10 17:41:02.257] [17671] [HailoRT] [info] [infer_model.cpp:436] [configure] Configuring network group 'yolov8m' with params: batch size: 0, power mode: PERFORMANCE, latency: NONE
[2026-04-10 17:41:02.257] [17671] [HailoRT] [info] [multi_io_elements.cpp:756] [create] Created (AsyncHwEl)
[2026-04-10 17:41:02.257] [17671] [HailoRT] [info] [queue_elements.cpp:450] [create] Created (EntryPushQEl0yolov8m/input_layer1 | timeout: 10s)
[2026-04-10 17:41:02.257] [17671] [HailoRT] [info] [filter_elements.cpp:101] [create] Created (PreInferEl3yolov8m/input_layer1 | Reorder - src_order: RGB4, src_shape: (640, 640, 3), dst_order: NHCW, dst_shape: (640, 640, 3))
[2026-04-10 17:41:02.264] [17671] [HailoRT] [info] [queue_elements.cpp:450] [create] Created (PushQEl3yolov8m/input_layer1 | timeout: 10s)
[2026-04-10 17:41:02.264] [17671] [HailoRT] [info] [multi_io_elements.cpp:135] [create] Created (NmsPPMuxEl0YOLOV8-Post-Process | Op YOLOV8, Name: YOLOV8-Post-Process, Score threshold: 0.001, IoU threshold: 0.70, Classes: 8, Cross classes: false, NMS results order: BY_CLASS, Max bboxes per class: 100, Image height: 640, Image width: 640)
[2026-04-10 17:41:02.268] [17671] [HailoRT] [info] [queue_elements.cpp:942] [create] Created (MultiPushQEl0YOLOV8-Post-Process | timeout: 10s)
[2026-04-10 17:41:02.268] [17671] [HailoRT] [info] [edge_elements.cpp:187] [create] Created (LastAsyncEl0NmsPPMuxEl0YOLOV8-Post-Process)
[2026-04-10 17:41:02.268] [17671] [HailoRT] [info] [pipeline.cpp:891] [print_deep_description] EntryPushQEl0yolov8m/input_layer1 | inputs: user | outputs: PreInferEl3yolov8m/input_layer1(running in thread_id: 17696)
[2026-04-10 17:41:02.268] [17671] [HailoRT] [info] [pipeline.cpp:891] [print_deep_description] PreInferEl3yolov8m/input_layer1 | inputs: EntryPushQEl0yolov8m/input_layer1[0] | outputs: PushQEl3yolov8m/input_layer1
[2026-04-10 17:41:02.268] [17671] [HailoRT] [info] [pipeline.cpp:891] [print_deep_description] PushQEl3yolov8m/input_layer1 | inputs: PreInferEl3yolov8m/input_layer1[0] | outputs: AsyncHwEl(running in thread_id: 17697)
[2026-04-10 17:41:02.268] [17671] [HailoRT] [info] [pipeline.cpp:891] [print_deep_description] AsyncHwEl | inputs: PushQEl3yolov8m/input_layer1[0] | outputs: MultiPushQEl0YOLOV8-Post-Process MultiPushQEl0YOLOV8-Post-Process MultiPushQEl0YOLOV8-Post-Process MultiPushQEl0YOLOV8-Post-Process MultiPushQEl0YOLOV8-Post-Process MultiPushQEl0YOLOV8-Post-Process
[2026-04-10 17:41:02.268] [17671] [HailoRT] [info] [pipeline.cpp:891] [print_deep_description] MultiPushQEl0YOLOV8-Post-Process | inputs: AsyncHwEl[0] AsyncHwEl[1] AsyncHwEl[2] AsyncHwEl[3] AsyncHwEl[4] AsyncHwEl[5] | outputs: NmsPPMuxEl0YOLOV8-Post-Process(running in thread_id: 17698)
[2026-04-10 17:41:02.268] [17671] [HailoRT] [info] [pipeline.cpp:891] [print_deep_description] NmsPPMuxEl0YOLOV8-Post-Process | inputs: MultiPushQEl0YOLOV8-Post-Process[0] | outputs: LastAsyncEl0NmsPPMuxEl0YOLOV8-Post-Process
[2026-04-10 17:41:02.268] [17671] [HailoRT] [info] [pipeline.cpp:891] [print_deep_description] LastAsyncEl0NmsPPMuxEl0YOLOV8-Post-Process | inputs: NmsPPMuxEl0YOLOV8-Post-Process[0] | outputs: user
[2026-04-10 17:41:04.276] [17693] [HailoRT] [info] [hef.cpp:1929] [get_network_group_and_network_name] No name was given. Addressing all networks of default network_group: yolov8m
[2026-04-10 17:44:56.825] [17671] [HailoRT] [info] [async_infer_runner.cpp:86] [shutdown] Pipeline was aborted. Shutting it down
[2026-04-10 17:44:56.826] [17671] [HailoRT] [info] [queue_elements.cpp:1131] [execute_deactivate] enqueue() in element MultiPushQEl0YOLOV8-Post-Process was aborted, got status = HAILO_SHUTDOWN_EVENT_SIGNALED(57)
[2026-04-10 17:44:56.826] [17671] [HailoRT] [info] [queue_elements.cpp:1131] [execute_deactivate] enqueue() in element MultiPushQEl0YOLOV8-Post-Process was aborted, got status = HAILO_SHUTDOWN_EVENT_SIGNALED(57)
[2026-04-10 17:44:56.826] [17671] [HailoRT] [info] [queue_elements.cpp:1131] [execute_deactivate] enqueue() in element MultiPushQEl0YOLOV8-Post-Process was aborted, got status = HAILO_SHUTDOWN_EVENT_SIGNALED(57)
[2026-04-10 17:44:56.826] [17671] [HailoRT] [info] [queue_elements.cpp:1131] [execute_deactivate] enqueue() in element MultiPushQEl0YOLOV8-Post-Process was aborted, got status = HAILO_SHUTDOWN_EVENT_SIGNALED(57)
[2026-04-10 17:44:56.826] [17671] [HailoRT] [info] [queue_elements.cpp:1131] [execute_deactivate] enqueue() in element MultiPushQEl0YOLOV8-Post-Process was aborted, got status = HAILO_SHUTDOWN_EVENT_SIGNALED(57)
[2026-04-10 17:44:56.826] [17671] [HailoRT] [info] [queue_elements.cpp:1131] [execute_deactivate] enqueue() in element MultiPushQEl0YOLOV8-Post-Process was aborted, got status = HAILO_SHUTDOWN_EVENT_SIGNALED(57)
[2026-04-10 17:44:56.826] [17671] [HailoRT] [info] [queue_elements.cpp:570] [execute_deactivate] enqueue() in element PushQEl3yolov8m/input_layer1 was aborted, got status = HAILO_SHUTDOWN_EVENT_SIGNALED(57)
[2026-04-10 17:44:56.826] [17671] [HailoRT] [info] [queue_elements.cpp:570] [execute_deactivate] enqueue() in element EntryPushQEl0yolov8m/input_layer1 was aborted, got status = HAILO_SHUTDOWN_EVENT_SIGNALED(57)
[2026-04-10 17:44:56.826] [17671] [HailoRT] [info] [queue_elements.cpp:46] [~BaseQueueElement] Queue element EntryPushQEl0yolov8m/input_layer1 has 0 frames in his Queue on destruction
[2026-04-10 17:44:56.826] [17671] [HailoRT] [info] [queue_elements.cpp:46] [~BaseQueueElement] Queue element PushQEl3yolov8m/input_layer1 has 0 frames in his Queue on destruction
[2026-04-10 17:49:04.286] [20184] [HailoRT] [info] [vdevice.cpp:523] [create] Creating vdevice with params: device_count: 1, scheduling_algorithm: ROUND_ROBIN, multi_process_service: false
[2026-04-10 17:49:04.298] [20184] [HailoRT] [info] [device.cpp:49] [Device] OS Version: Linux 6.12.62+rpt-rpi-2712 #1 SMP PREEMPT Debian 1:6.12.62-1+rpt1~bookworm (2026-01-19) aarch64
[2026-04-10 17:49:04.301] [20184] [HailoRT] [info] [control.cpp:108] [control__parse_identify_results] firmware_version is: 4.20.0
[2026-04-10 17:49:04.301] [20184] [HailoRT] [info] [vdevice.cpp:651] [create] VDevice Infos: 0001:01:00.0
[2026-04-10 17:49:04.330] [20184] [HailoRT] [info] [hef.cpp:1929] [get_network_group_and_network_name] No name was given. Addressing all networks of default network_group: yolov8m
[2026-04-10 17:49:04.330] [20184] [HailoRT] [info] [hef.cpp:1929] [get_network_group_and_network_name] No name was given. Addressing all networks of default network_group: yolov8m
[2026-04-10 17:49:04.341] [20184] [HailoRT] [info] [internal_buffer_manager.cpp:204] [print_execution_results] Planned internal buffer memory: CMA memory 0, user memory 3037184. memory to edge layer usage factor is 1
[2026-04-10 17:49:04.341] [20184] [HailoRT] [info] [internal_buffer_manager.cpp:212] [print_execution_results] Default Internal buffer planner executed successfully
[2026-04-10 17:49:04.398] [20184] [HailoRT] [info] [device_internal.cpp:57] [configure] Configuring HEF took 63.572222 milliseconds
[2026-04-10 17:49:04.398] [20184] [HailoRT] [info] [vdevice.cpp:749] [configure] Configuring HEF on VDevice took 63.896481 milliseconds
[2026-04-10 17:49:04.398] [20184] [HailoRT] [info] [infer_model.cpp:436] [configure] Configuring network group 'yolov8m' with params: batch size: 0, power mode: PERFORMANCE, latency: NONE
[2026-04-10 17:49:04.398] [20184] [HailoRT] [info] [multi_io_elements.cpp:756] [create] Created (AsyncHwEl)
[2026-04-10 17:49:04.398] [20184] [HailoRT] [info] [queue_elements.cpp:450] [create] Created (EntryPushQEl0yolov8m/input_layer1 | timeout: 10s)
[2026-04-10 17:49:04.398] [20184] [HailoRT] [info] [filter_elements.cpp:101] [create] Created (PreInferEl3yolov8m/input_layer1 | Reorder - src_order: RGB4, src_shape: (640, 640, 3), dst_order: NHCW, dst_shape: (640, 640, 3))
[2026-04-10 17:49:04.398] [20184] [HailoRT] [info] [queue_elements.cpp:450] [create] Created (PushQEl3yolov8m/input_layer1 | timeout: 10s)
[2026-04-10 17:49:04.398] [20184] [HailoRT] [info] [multi_io_elements.cpp:135] [create] Created (NmsPPMuxEl0YOLOV8-Post-Process | Op YOLOV8, Name: YOLOV8-Post-Process, Score threshold: 0.001, IoU threshold: 0.70, Classes: 8, Cross classes: false, NMS results order: BY_CLASS, Max bboxes per class: 100, Image height: 640, Image width: 640)
[2026-04-10 17:49:04.398] [20184] [HailoRT] [info] [queue_elements.cpp:942] [create] Created (MultiPushQEl0YOLOV8-Post-Process | timeout: 10s)
[2026-04-10 17:49:04.398] [20184] [HailoRT] [info] [edge_elements.cpp:187] [create] Created (LastAsyncEl0NmsPPMuxEl0YOLOV8-Post-Process)
[2026-04-10 17:49:04.398] [20184] [HailoRT] [info] [pipeline.cpp:891] [print_deep_description] EntryPushQEl0yolov8m/input_layer1 | inputs: user | outputs: PreInferEl3yolov8m/input_layer1(running in thread_id: 20216)
[2026-04-10 17:49:04.398] [20184] [HailoRT] [info] [pipeline.cpp:891] [print_deep_description] PreInferEl3yolov8m/input_layer1 | inputs: EntryPushQEl0yolov8m/input_layer1[0] | outputs: PushQEl3yolov8m/input_layer1
[2026-04-10 17:49:04.399] [20184] [HailoRT] [info] [pipeline.cpp:891] [print_deep_description] PushQEl3yolov8m/input_layer1 | inputs: PreInferEl3yolov8m/input_layer1[0] | outputs: AsyncHwEl(running in thread_id: 20217)
[2026-04-10 17:49:04.399] [20184] [HailoRT] [info] [pipeline.cpp:891] [print_deep_description] AsyncHwEl | inputs: PushQEl3yolov8m/input_layer1[0] | outputs: MultiPushQEl0YOLOV8-Post-Process MultiPushQEl0YOLOV8-Post-Process MultiPushQEl0YOLOV8-Post-Process MultiPushQEl0YOLOV8-Post-Process MultiPushQEl0YOLOV8-Post-Process MultiPushQEl0YOLOV8-Post-Process
[2026-04-10 17:49:04.399] [20184] [HailoRT] [info] [pipeline.cpp:891] [print_deep_description] MultiPushQEl0YOLOV8-Post-Process | inputs: AsyncHwEl[0] AsyncHwEl[1] AsyncHwEl[2] AsyncHwEl[3] AsyncHwEl[4] AsyncHwEl[5] | outputs: NmsPPMuxEl0YOLOV8-Post-Process(running in thread_id: 20218)
[2026-04-10 17:49:04.399] [20184] [HailoRT] [info] [pipeline.cpp:891] [print_deep_description] NmsPPMuxEl0YOLOV8-Post-Process | inputs: MultiPushQEl0YOLOV8-Post-Process[0] | outputs: LastAsyncEl0NmsPPMuxEl0YOLOV8-Post-Process
[2026-04-10 17:49:04.399] [20184] [HailoRT] [info] [pipeline.cpp:891] [print_deep_description] LastAsyncEl0NmsPPMuxEl0YOLOV8-Post-Process | inputs: NmsPPMuxEl0YOLOV8-Post-Process[0] | outputs: user
[2026-04-10 17:49:06.342] [20213] [HailoRT] [info] [hef.cpp:1929] [get_network_group_and_network_name] No name was given. Addressing all networks of default network_group: yolov8m
[2026-04-10 17:49:06.342] [20184] [HailoRT] [info] [async_infer_runner.cpp:86] [shutdown] Pipeline was aborted. Shutting it down
[2026-04-10 17:49:06.342] [20184] [HailoRT] [info] [queue_elements.cpp:1131] [execute_deactivate] enqueue() in element MultiPushQEl0YOLOV8-Post-Process was aborted, got status = HAILO_SHUTDOWN_EVENT_SIGNALED(57)
[2026-04-10 17:49:06.342] [20184] [HailoRT] [info] [queue_elements.cpp:1131] [execute_deactivate] enqueue() in element MultiPushQEl0YOLOV8-Post-Process was aborted, got status = HAILO_SHUTDOWN_EVENT_SIGNALED(57)
[2026-04-10 17:49:06.342] [20184] [HailoRT] [info] [queue_elements.cpp:1131] [execute_deactivate] enqueue() in element MultiPushQEl0YOLOV8-Post-Process was aborted, got status = HAILO_SHUTDOWN_EVENT_SIGNALED(57)
[2026-04-10 17:49:06.342] [20184] [HailoRT] [info] [queue_elements.cpp:1131] [execute_deactivate] enqueue() in element MultiPushQEl0YOLOV8-Post-Process was aborted, got status = HAILO_SHUTDOWN_EVENT_SIGNALED(57)
[2026-04-10 17:49:06.342] [20184] [HailoRT] [info] [queue_elements.cpp:1131] [execute_deactivate] enqueue() in element MultiPushQEl0YOLOV8-Post-Process was aborted, got status = HAILO_SHUTDOWN_EVENT_SIGNALED(57)
[2026-04-10 17:49:06.342] [20184] [HailoRT] [info] [queue_elements.cpp:1131] [execute_deactivate] enqueue() in element MultiPushQEl0YOLOV8-Post-Process was aborted, got status = HAILO_SHUTDOWN_EVENT_SIGNALED(57)
[2026-04-10 17:49:06.342] [20184] [HailoRT] [info] [queue_elements.cpp:570] [execute_deactivate] enqueue() in element PushQEl3yolov8m/input_layer1 was aborted, got status = HAILO_SHUTDOWN_EVENT_SIGNALED(57)
[2026-04-10 17:49:06.342] [20184] [HailoRT] [info] [queue_elements.cpp:570] [execute_deactivate] enqueue() in element EntryPushQEl0yolov8m/input_layer1 was aborted, got status = HAILO_SHUTDOWN_EVENT_SIGNALED(57)
[2026-04-10 17:49:06.342] [20184] [HailoRT] [info] [queue_elements.cpp:46] [~BaseQueueElement] Queue element EntryPushQEl0yolov8m/input_layer1 has 0 frames in his Queue on destruction
[2026-04-10 17:49:06.342] [20184] [HailoRT] [info] [queue_elements.cpp:46] [~BaseQueueElement] Queue element PushQEl3yolov8m/input_layer1 has 0 frames in his Queue on destruction
[2026-04-10 17:50:12.160] [20653] [HailoRT] [info] [vdevice.cpp:523] [create] Creating vdevice with params: device_count: 1, scheduling_algorithm: ROUND_ROBIN, multi_process_service: false
[2026-04-10 17:50:12.172] [20653] [HailoRT] [info] [device.cpp:49] [Device] OS Version: Linux 6.12.62+rpt-rpi-2712 #1 SMP PREEMPT Debian 1:6.12.62-1+rpt1~bookworm (2026-01-19) aarch64
[2026-04-10 17:50:12.173] [20653] [HailoRT] [info] [control.cpp:108] [control__parse_identify_results] firmware_version is: 4.20.0
[2026-04-10 17:50:12.173] [20653] [HailoRT] [info] [vdevice.cpp:651] [create] VDevice Infos: 0001:01:00.0
[2026-04-10 17:50:12.195] [20653] [HailoRT] [info] [hef.cpp:1929] [get_network_group_and_network_name] No name was given. Addressing all networks of default network_group: yolov8m
[2026-04-10 17:50:12.195] [20653] [HailoRT] [info] [hef.cpp:1929] [get_network_group_and_network_name] No name was given. Addressing all networks of default network_group: yolov8m
[2026-04-10 17:50:12.205] [20653] [HailoRT] [info] [internal_buffer_manager.cpp:204] [print_execution_results] Planned internal buffer memory: CMA memory 0, user memory 3037184. memory to edge layer usage factor is 1
[2026-04-10 17:50:12.205] [20653] [HailoRT] [info] [internal_buffer_manager.cpp:212] [print_execution_results] Default Internal buffer planner executed successfully
[2026-04-10 17:50:12.254] [20653] [HailoRT] [info] [device_internal.cpp:57] [configure] Configuring HEF took 55.640741 milliseconds
[2026-04-10 17:50:12.254] [20653] [HailoRT] [info] [vdevice.cpp:749] [configure] Configuring HEF on VDevice took 55.997574 milliseconds
[2026-04-10 17:50:12.254] [20653] [HailoRT] [info] [infer_model.cpp:436] [configure] Configuring network group 'yolov8m' with params: batch size: 0, power mode: PERFORMANCE, latency: NONE
[2026-04-10 17:50:12.254] [20653] [HailoRT] [info] [multi_io_elements.cpp:756] [create] Created (AsyncHwEl)
[2026-04-10 17:50:12.254] [20653] [HailoRT] [info] [queue_elements.cpp:450] [create] Created (EntryPushQEl0yolov8m/input_layer1 | timeout: 10s)
[2026-04-10 17:50:12.255] [20653] [HailoRT] [info] [filter_elements.cpp:101] [create] Created (PreInferEl3yolov8m/input_layer1 | Reorder - src_order: RGB4, src_shape: (640, 640, 3), dst_order: NHCW, dst_shape: (640, 640, 3))
[2026-04-10 17:50:12.255] [20653] [HailoRT] [info] [queue_elements.cpp:450] [create] Created (PushQEl3yolov8m/input_layer1 | timeout: 10s)
[2026-04-10 17:50:12.255] [20653] [HailoRT] [info] [multi_io_elements.cpp:135] [create] Created (NmsPPMuxEl0YOLOV8-Post-Process | Op YOLOV8, Name: YOLOV8-Post-Process, Score threshold: 0.001, IoU threshold: 0.70, Classes: 8, Cross classes: false, NMS results order: BY_CLASS, Max bboxes per class: 100, Image height: 640, Image width: 640)
[2026-04-10 17:50:12.255] [20653] [HailoRT] [info] [queue_elements.cpp:942] [create] Created (MultiPushQEl0YOLOV8-Post-Process | timeout: 10s)
[2026-04-10 17:50:12.255] [20653] [HailoRT] [info] [edge_elements.cpp:187] [create] Created (LastAsyncEl0NmsPPMuxEl0YOLOV8-Post-Process)
[2026-04-10 17:50:12.255] [20653] [HailoRT] [info] [pipeline.cpp:891] [print_deep_description] EntryPushQEl0yolov8m/input_layer1 | inputs: user | outputs: PreInferEl3yolov8m/input_layer1(running in thread_id: 20676)
[2026-04-10 17:50:12.255] [20653] [HailoRT] [info] [pipeline.cpp:891] [print_deep_description] PreInferEl3yolov8m/input_layer1 | inputs: EntryPushQEl0yolov8m/input_layer1[0] | outputs: PushQEl3yolov8m/input_layer1
[2026-04-10 17:50:12.255] [20653] [HailoRT] [info] [pipeline.cpp:891] [print_deep_description] PushQEl3yolov8m/input_layer1 | inputs: PreInferEl3yolov8m/input_layer1[0] | outputs: AsyncHwEl(running in thread_id: 20677)
[2026-04-10 17:50:12.255] [20653] [HailoRT] [info] [pipeline.cpp:891] [print_deep_description] AsyncHwEl | inputs: PushQEl3yolov8m/input_layer1[0] | outputs: MultiPushQEl0YOLOV8-Post-Process MultiPushQEl0YOLOV8-Post-Process MultiPushQEl0YOLOV8-Post-Process MultiPushQEl0YOLOV8-Post-Process MultiPushQEl0YOLOV8-Post-Process MultiPushQEl0YOLOV8-Post-Process
[2026-04-10 17:50:12.255] [20653] [HailoRT] [info] [pipeline.cpp:891] [print_deep_description] MultiPushQEl0YOLOV8-Post-Process | inputs: AsyncHwEl[0] AsyncHwEl[1] AsyncHwEl[2] AsyncHwEl[3] AsyncHwEl[4] AsyncHwEl[5] | outputs: NmsPPMuxEl0YOLOV8-Post-Process(running in thread_id: 20678)
[2026-04-10 17:50:12.255] [20653] [HailoRT] [info] [pipeline.cpp:891] [print_deep_description] NmsPPMuxEl0YOLOV8-Post-Process | inputs: MultiPushQEl0YOLOV8-Post-Process[0] | outputs: LastAsyncEl0NmsPPMuxEl0YOLOV8-Post-Process
[2026-04-10 17:50:12.255] [20653] [HailoRT] [info] [pipeline.cpp:891] [print_deep_description] LastAsyncEl0NmsPPMuxEl0YOLOV8-Post-Process | inputs: NmsPPMuxEl0YOLOV8-Post-Process[0] | outputs: user
[2026-04-10 17:50:13.230] [20673] [HailoRT] [info] [hef.cpp:1929] [get_network_group_and_network_name] No name was given. Addressing all networks of default network_group: yolov8m
[2026-04-10 17:50:18.676] [20653] [HailoRT] [info] [async_infer_runner.cpp:86] [shutdown] Pipeline was aborted. Shutting it down
[2026-04-10 17:50:18.676] [20653] [HailoRT] [info] [queue_elements.cpp:1131] [execute_deactivate] enqueue() in element MultiPushQEl0YOLOV8-Post-Process was aborted, got status = HAILO_SHUTDOWN_EVENT_SIGNALED(57)
[2026-04-10 17:50:18.676] [20653] [HailoRT] [info] [queue_elements.cpp:1131] [execute_deactivate] enqueue() in element MultiPushQEl0YOLOV8-Post-Process was aborted, got status = HAILO_SHUTDOWN_EVENT_SIGNALED(57)
[2026-04-10 17:50:18.676] [20653] [HailoRT] [info] [queue_elements.cpp:1131] [execute_deactivate] enqueue() in element MultiPushQEl0YOLOV8-Post-Process was aborted, got status = HAILO_SHUTDOWN_EVENT_SIGNALED(57)
[2026-04-10 17:50:18.676] [20653] [HailoRT] [info] [queue_elements.cpp:1131] [execute_deactivate] enqueue() in element MultiPushQEl0YOLOV8-Post-Process was aborted, got status = HAILO_SHUTDOWN_EVENT_SIGNALED(57)
[2026-04-10 17:50:18.676] [20653] [HailoRT] [info] [queue_elements.cpp:1131] [execute_deactivate] enqueue() in element MultiPushQEl0YOLOV8-Post-Process was aborted, got status = HAILO_SHUTDOWN_EVENT_SIGNALED(57)
[2026-04-10 17:50:18.676] [20653] [HailoRT] [info] [queue_elements.cpp:1131] [execute_deactivate] enqueue() in element MultiPushQEl0YOLOV8-Post-Process was aborted, got status = HAILO_SHUTDOWN_EVENT_SIGNALED(57)
[2026-04-10 17:50:18.676] [20653] [HailoRT] [info] [queue_elements.cpp:570] [execute_deactivate] enqueue() in element PushQEl3yolov8m/input_layer1 was aborted, got status = HAILO_SHUTDOWN_EVENT_SIGNALED(57)
[2026-04-10 17:50:18.676] [20653] [HailoRT] [info] [queue_elements.cpp:570] [execute_deactivate] enqueue() in element EntryPushQEl0yolov8m/input_layer1 was aborted, got status = HAILO_SHUTDOWN_EVENT_SIGNALED(57)
[2026-04-10 17:50:18.676] [20653] [HailoRT] [info] [queue_elements.cpp:46] [~BaseQueueElement] Queue element EntryPushQEl0yolov8m/input_layer1 has 0 frames in his Queue on destruction
[2026-04-10 17:50:18.676] [20653] [HailoRT] [info] [queue_elements.cpp:46] [~BaseQueueElement] Queue element PushQEl3yolov8m/input_layer1 has 0 frames in his Queue on destruction
[2026-04-10 17:50:57.105] [21052] [HailoRT] [info] [vdevice.cpp:523] [create] Creating vdevice with params: device_count: 1, scheduling_algorithm: ROUND_ROBIN, multi_process_service: false
[2026-04-10 17:50:57.116] [21052] [HailoRT] [info] [device.cpp:49] [Device] OS Version: Linux 6.12.62+rpt-rpi-2712 #1 SMP PREEMPT Debian 1:6.12.62-1+rpt1~bookworm (2026-01-19) aarch64
[2026-04-10 17:50:57.117] [21052] [HailoRT] [info] [control.cpp:108] [control__parse_identify_results] firmware_version is: 4.20.0
[2026-04-10 17:50:57.117] [21052] [HailoRT] [info] [vdevice.cpp:651] [create] VDevice Infos: 0001:01:00.0
[2026-04-10 17:50:57.137] [21052] [HailoRT] [info] [hef.cpp:1929] [get_network_group_and_network_name] No name was given. Addressing all networks of default network_group: yolov8m
[2026-04-10 17:50:57.137] [21052] [HailoRT] [info] [hef.cpp:1929] [get_network_group_and_network_name] No name was given. Addressing all networks of default network_group: yolov8m
[2026-04-10 17:50:57.149] [21052] [HailoRT] [info] [internal_buffer_manager.cpp:204] [print_execution_results] Planned internal buffer memory: CMA memory 0, user memory 3037184. memory to edge layer usage factor is 1
[2026-04-10 17:50:57.149] [21052] [HailoRT] [info] [internal_buffer_manager.cpp:212] [print_execution_results] Default Internal buffer planner executed successfully
[2026-04-10 17:50:57.202] [21052] [HailoRT] [info] [device_internal.cpp:57] [configure] Configuring HEF took 61.788259 milliseconds
[2026-04-10 17:50:57.202] [21052] [HailoRT] [info] [vdevice.cpp:749] [configure] Configuring HEF on VDevice took 62.102907 milliseconds
[2026-04-10 17:50:57.202] [21052] [HailoRT] [info] [infer_model.cpp:436] [configure] Configuring network group 'yolov8m' with params: batch size: 0, power mode: PERFORMANCE, latency: NONE
[2026-04-10 17:50:57.202] [21052] [HailoRT] [info] [multi_io_elements.cpp:756] [create] Created (AsyncHwEl)
[2026-04-10 17:50:57.202] [21052] [HailoRT] [info] [queue_elements.cpp:450] [create] Created (EntryPushQEl0yolov8m/input_layer1 | timeout: 10s)
[2026-04-10 17:50:57.202] [21052] [HailoRT] [info] [filter_elements.cpp:101] [create] Created (PreInferEl3yolov8m/input_layer1 | Reorder - src_order: RGB4, src_shape: (640, 640, 3), dst_order: NHCW, dst_shape: (640, 640, 3))
[2026-04-10 17:50:57.202] [21052] [HailoRT] [info] [queue_elements.cpp:450] [create] Created (PushQEl3yolov8m/input_layer1 | timeout: 10s)
[2026-04-10 17:50:57.202] [21052] [HailoRT] [info] [multi_io_elements.cpp:135] [create] Created (NmsPPMuxEl0YOLOV8-Post-Process | Op YOLOV8, Name: YOLOV8-Post-Process, Score threshold: 0.001, IoU threshold: 0.70, Classes: 8, Cross classes: false, NMS results order: BY_CLASS, Max bboxes per class: 100, Image height: 640, Image width: 640)
[2026-04-10 17:50:57.203] [21052] [HailoRT] [info] [queue_elements.cpp:942] [create] Created (MultiPushQEl0YOLOV8-Post-Process | timeout: 10s)
[2026-04-10 17:50:57.203] [21052] [HailoRT] [info] [edge_elements.cpp:187] [create] Created (LastAsyncEl0NmsPPMuxEl0YOLOV8-Post-Process)
[2026-04-10 17:50:57.203] [21052] [HailoRT] [info] [pipeline.cpp:891] [print_deep_description] EntryPushQEl0yolov8m/input_layer1 | inputs: user | outputs: PreInferEl3yolov8m/input_layer1(running in thread_id: 21075)
[2026-04-10 17:50:57.203] [21052] [HailoRT] [info] [pipeline.cpp:891] [print_deep_description] PreInferEl3yolov8m/input_layer1 | inputs: EntryPushQEl0yolov8m/input_layer1[0] | outputs: PushQEl3yolov8m/input_layer1
[2026-04-10 17:50:57.203] [21052] [HailoRT] [info] [pipeline.cpp:891] [print_deep_description] PushQEl3yolov8m/input_layer1 | inputs: PreInferEl3yolov8m/input_layer1[0] | outputs: AsyncHwEl(running in thread_id: 21076)
[2026-04-10 17:50:57.203] [21052] [HailoRT] [info] [pipeline.cpp:891] [print_deep_description] AsyncHwEl | inputs: PushQEl3yolov8m/input_layer1[0] | outputs: MultiPushQEl0YOLOV8-Post-Process MultiPushQEl0YOLOV8-Post-Process MultiPushQEl0YOLOV8-Post-Process MultiPushQEl0YOLOV8-Post-Process MultiPushQEl0YOLOV8-Post-Process MultiPushQEl0YOLOV8-Post-Process
[2026-04-10 17:50:57.203] [21052] [HailoRT] [info] [pipeline.cpp:891] [print_deep_description] MultiPushQEl0YOLOV8-Post-Process | inputs: AsyncHwEl[0] AsyncHwEl[1] AsyncHwEl[2] AsyncHwEl[3] AsyncHwEl[4] AsyncHwEl[5] | outputs: NmsPPMuxEl0YOLOV8-Post-Process(running in thread_id: 21077)
[2026-04-10 17:50:57.203] [21052] [HailoRT] [info] [pipeline.cpp:891] [print_deep_description] NmsPPMuxEl0YOLOV8-Post-Process | inputs: MultiPushQEl0YOLOV8-Post-Process[0] | outputs: LastAsyncEl0NmsPPMuxEl0YOLOV8-Post-Process
[2026-04-10 17:50:57.203] [21052] [HailoRT] [info] [pipeline.cpp:891] [print_deep_description] LastAsyncEl0NmsPPMuxEl0YOLOV8-Post-Process | inputs: NmsPPMuxEl0YOLOV8-Post-Process[0] | outputs: user
[2026-04-10 17:50:58.150] [21072] [HailoRT] [info] [hef.cpp:1929] [get_network_group_and_network_name] No name was given. Addressing all networks of default network_group: yolov8m
[2026-04-10 18:10:58.487] [3039] [HailoRT] [info] [vdevice.cpp:523] [create] Creating vdevice with params: device_count: 1, scheduling_algorithm: ROUND_ROBIN, multi_process_service: false
[2026-04-10 18:10:58.502] [3039] [HailoRT] [info] [device.cpp:49] [Device] OS Version: Linux 6.12.62+rpt-rpi-2712 #1 SMP PREEMPT Debian 1:6.12.62-1+rpt1~bookworm (2026-01-19) aarch64
[2026-04-10 18:10:58.504] [3039] [HailoRT] [info] [control.cpp:108] [control__parse_identify_results] firmware_version is: 4.20.0
[2026-04-10 18:10:58.505] [3039] [HailoRT] [info] [vdevice.cpp:651] [create] VDevice Infos: 0001:01:00.0
[2026-04-10 18:10:58.895] [3039] [HailoRT] [info] [hef.cpp:1929] [get_network_group_and_network_name] No name was given. Addressing all networks of default network_group: yolov8m
[2026-04-10 18:10:58.895] [3039] [HailoRT] [info] [hef.cpp:1929] [get_network_group_and_network_name] No name was given. Addressing all networks of default network_group: yolov8m
[2026-04-10 18:10:58.919] [3039] [HailoRT] [info] [internal_buffer_manager.cpp:204] [print_execution_results] Planned internal buffer memory: CMA memory 0, user memory 3037184. memory to edge layer usage factor is 1
[2026-04-10 18:10:58.919] [3039] [HailoRT] [info] [internal_buffer_manager.cpp:212] [print_execution_results] Default Internal buffer planner executed successfully
[2026-04-10 18:10:58.974] [3039] [HailoRT] [info] [device_internal.cpp:57] [configure] Configuring HEF took 63.236408 milliseconds
[2026-04-10 18:10:58.974] [3039] [HailoRT] [info] [vdevice.cpp:749] [configure] Configuring HEF on VDevice took 64.187278 milliseconds
[2026-04-10 18:10:58.974] [3039] [HailoRT] [info] [infer_model.cpp:436] [configure] Configuring network group 'yolov8m' with params: batch size: 0, power mode: PERFORMANCE, latency: NONE
[2026-04-10 18:10:58.976] [3039] [HailoRT] [info] [multi_io_elements.cpp:756] [create] Created (AsyncHwEl)
[2026-04-10 18:10:58.977] [3039] [HailoRT] [info] [queue_elements.cpp:450] [create] Created (EntryPushQEl0yolov8m/input_layer1 | timeout: 10s)
[2026-04-10 18:10:58.977] [3039] [HailoRT] [info] [filter_elements.cpp:101] [create] Created (PreInferEl3yolov8m/input_layer1 | Reorder - src_order: RGB4, src_shape: (640, 640, 3), dst_order: NHCW, dst_shape: (640, 640, 3))
[2026-04-10 18:10:58.977] [3039] [HailoRT] [info] [queue_elements.cpp:450] [create] Created (PushQEl3yolov8m/input_layer1 | timeout: 10s)
[2026-04-10 18:10:58.977] [3039] [HailoRT] [info] [multi_io_elements.cpp:135] [create] Created (NmsPPMuxEl0YOLOV8-Post-Process | Op YOLOV8, Name: YOLOV8-Post-Process, Score threshold: 0.001, IoU threshold: 0.70, Classes: 8, Cross classes: false, NMS results order: BY_CLASS, Max bboxes per class: 100, Image height: 640, Image width: 640)
[2026-04-10 18:10:58.978] [3039] [HailoRT] [info] [queue_elements.cpp:942] [create] Created (MultiPushQEl0YOLOV8-Post-Process | timeout: 10s)
[2026-04-10 18:10:58.978] [3039] [HailoRT] [info] [edge_elements.cpp:187] [create] Created (LastAsyncEl0NmsPPMuxEl0YOLOV8-Post-Process)
[2026-04-10 18:10:58.978] [3039] [HailoRT] [info] [pipeline.cpp:891] [print_deep_description] EntryPushQEl0yolov8m/input_layer1 | inputs: user | outputs: PreInferEl3yolov8m/input_layer1(running in thread_id: 3091)
[2026-04-10 18:10:58.978] [3039] [HailoRT] [info] [pipeline.cpp:891] [print_deep_description] PreInferEl3yolov8m/input_layer1 | inputs: EntryPushQEl0yolov8m/input_layer1[0] | outputs: PushQEl3yolov8m/input_layer1
[2026-04-10 18:10:58.978] [3039] [HailoRT] [info] [pipeline.cpp:891] [print_deep_description] PushQEl3yolov8m/input_layer1 | inputs: PreInferEl3yolov8m/input_layer1[0] | outputs: AsyncHwEl(running in thread_id: 3092)
[2026-04-10 18:10:58.978] [3039] [HailoRT] [info] [pipeline.cpp:891] [print_deep_description] AsyncHwEl | inputs: PushQEl3yolov8m/input_layer1[0] | outputs: MultiPushQEl0YOLOV8-Post-Process MultiPushQEl0YOLOV8-Post-Process MultiPushQEl0YOLOV8-Post-Process MultiPushQEl0YOLOV8-Post-Process MultiPushQEl0YOLOV8-Post-Process MultiPushQEl0YOLOV8-Post-Process
[2026-04-10 18:10:58.978] [3039] [HailoRT] [info] [pipeline.cpp:891] [print_deep_description] MultiPushQEl0YOLOV8-Post-Process | inputs: AsyncHwEl[0] AsyncHwEl[1] AsyncHwEl[2] AsyncHwEl[3] AsyncHwEl[4] AsyncHwEl[5] | outputs: NmsPPMuxEl0YOLOV8-Post-Process(running in thread_id: 3093)
[2026-04-10 18:10:58.979] [3039] [HailoRT] [info] [pipeline.cpp:891] [print_deep_description] NmsPPMuxEl0YOLOV8-Post-Process | inputs: MultiPushQEl0YOLOV8-Post-Process[0] | outputs: LastAsyncEl0NmsPPMuxEl0YOLOV8-Post-Process
[2026-04-10 18:10:58.979] [3039] [HailoRT] [info] [pipeline.cpp:891] [print_deep_description] LastAsyncEl0NmsPPMuxEl0YOLOV8-Post-Process | inputs: NmsPPMuxEl0YOLOV8-Post-Process[0] | outputs: user
[2026-04-10 18:11:00.158] [3088] [HailoRT] [info] [hef.cpp:1929] [get_network_group_and_network_name] No name was given. Addressing all networks of default network_group: yolov8m
[2026-04-10 18:15:43.489] [3154] [HailoRT] [info] [vdevice.cpp:523] [create] Creating vdevice with params: device_count: 1, scheduling_algorithm: ROUND_ROBIN, multi_process_service: false
[2026-04-10 18:15:43.502] [3154] [HailoRT] [info] [device.cpp:49] [Device] OS Version: Linux 6.12.62+rpt-rpi-2712 #1 SMP PREEMPT Debian 1:6.12.62-1+rpt1~bookworm (2026-01-19) aarch64
[2026-04-10 18:15:43.503] [3154] [HailoRT] [info] [control.cpp:108] [control__parse_identify_results] firmware_version is: 4.20.0
[2026-04-10 18:15:43.503] [3154] [HailoRT] [info] [vdevice.cpp:651] [create] VDevice Infos: 0001:01:00.0
[2026-04-10 18:15:43.865] [3154] [HailoRT] [info] [hef.cpp:1929] [get_network_group_and_network_name] No name was given. Addressing all networks of default network_group: yolov8m
[2026-04-10 18:15:43.865] [3154] [HailoRT] [info] [hef.cpp:1929] [get_network_group_and_network_name] No name was given. Addressing all networks of default network_group: yolov8m
[2026-04-10 18:15:43.890] [3154] [HailoRT] [info] [internal_buffer_manager.cpp:204] [print_execution_results] Planned internal buffer memory: CMA memory 0, user memory 3037184. memory to edge layer usage factor is 1
[2026-04-10 18:15:43.890] [3154] [HailoRT] [info] [internal_buffer_manager.cpp:212] [print_execution_results] Default Internal buffer planner executed successfully
[2026-04-10 18:15:43.933] [3154] [HailoRT] [info] [device_internal.cpp:57] [configure] Configuring HEF took 54.2585 milliseconds
[2026-04-10 18:15:43.933] [3154] [HailoRT] [info] [vdevice.cpp:749] [configure] Configuring HEF on VDevice took 55.063204 milliseconds
[2026-04-10 18:15:43.933] [3154] [HailoRT] [info] [infer_model.cpp:436] [configure] Configuring network group 'yolov8m' with params: batch size: 0, power mode: PERFORMANCE, latency: NONE
[2026-04-10 18:15:43.938] [3154] [HailoRT] [info] [multi_io_elements.cpp:756] [create] Created (AsyncHwEl)
[2026-04-10 18:15:43.939] [3154] [HailoRT] [info] [queue_elements.cpp:450] [create] Created (EntryPushQEl0yolov8m/input_layer1 | timeout: 10s)
[2026-04-10 18:15:43.939] [3154] [HailoRT] [info] [filter_elements.cpp:101] [create] Created (PreInferEl3yolov8m/input_layer1 | Reorder - src_order: RGB4, src_shape: (640, 640, 3), dst_order: NHCW, dst_shape: (640, 640, 3))
[2026-04-10 18:15:43.939] [3154] [HailoRT] [info] [queue_elements.cpp:450] [create] Created (PushQEl3yolov8m/input_layer1 | timeout: 10s)
[2026-04-10 18:15:43.939] [3154] [HailoRT] [info] [multi_io_elements.cpp:135] [create] Created (NmsPPMuxEl0YOLOV8-Post-Process | Op YOLOV8, Name: YOLOV8-Post-Process, Score threshold: 0.001, IoU threshold: 0.70, Classes: 8, Cross classes: false, NMS results order: BY_CLASS, Max bboxes per class: 100, Image height: 640, Image width: 640)
[2026-04-10 18:15:43.939] [3154] [HailoRT] [info] [queue_elements.cpp:942] [create] Created (MultiPushQEl0YOLOV8-Post-Process | timeout: 10s)
[2026-04-10 18:15:43.939] [3154] [HailoRT] [info] [edge_elements.cpp:187] [create] Created (LastAsyncEl0NmsPPMuxEl0YOLOV8-Post-Process)
[2026-04-10 18:15:43.939] [3154] [HailoRT] [info] [pipeline.cpp:891] [print_deep_description] EntryPushQEl0yolov8m/input_layer1 | inputs: user | outputs: PreInferEl3yolov8m/input_layer1(running in thread_id: 3205)
[2026-04-10 18:15:43.939] [3154] [HailoRT] [info] [pipeline.cpp:891] [print_deep_description] PreInferEl3yolov8m/input_layer1 | inputs: EntryPushQEl0yolov8m/input_layer1[0] | outputs: PushQEl3yolov8m/input_layer1
[2026-04-10 18:15:43.939] [3154] [HailoRT] [info] [pipeline.cpp:891] [print_deep_description] PushQEl3yolov8m/input_layer1 | inputs: PreInferEl3yolov8m/input_layer1[0] | outputs: AsyncHwEl(running in thread_id: 3206)
[2026-04-10 18:15:43.939] [3154] [HailoRT] [info] [pipeline.cpp:891] [print_deep_description] AsyncHwEl | inputs: PushQEl3yolov8m/input_layer1[0] | outputs: MultiPushQEl0YOLOV8-Post-Process MultiPushQEl0YOLOV8-Post-Process MultiPushQEl0YOLOV8-Post-Process MultiPushQEl0YOLOV8-Post-Process MultiPushQEl0YOLOV8-Post-Process MultiPushQEl0YOLOV8-Post-Process
[2026-04-10 18:15:43.940] [3154] [HailoRT] [info] [pipeline.cpp:891] [pri[2026-04-10 18:15:53.407] [3330] [HailoRT] [info] [vdevice.cpp:523] [create] Creating vdevice with params: device_count: 1, scheduling_algorithm: ROUND_ROBIN, multi_process_service: false
[2026-04-10 18:15:53.407] [3330] [HailoRT] [info] [device.cpp:49] [Device] OS Version: Linux 6.12.62+rpt-rpi-2712 #1 SMP PREEMPT Debian 1:6.12.62-1+rpt1~bookworm (2026-01-19) aarch64
[2026-04-10 18:15:53.409] [3330] [HailoRT] [info] [control.cpp:108] [control__parse_identify_results] firmware_version is: 4.20.0
[2026-04-10 18:15:53.441] [3330] [HailoRT] [error] [vdevice.cpp:820] [create_devices] CHECK failed - Failed to create vdevice. there are not enough free devices. requested: 1, found: 0
[2026-04-10 18:15:53.441] [3330] [HailoRT] [error] [vdevice.cpp:631] [create] CHECK_SUCCESS failed with status=HAILO_OUT_OF_PHYSICAL_DEVICES(74)
[2026-04-10 18:15:53.441] [3330] [HailoRT] [error] [shared_resource_manager.hpp:81] [register_resource] CHECK_SUCCESS failed with status=HAILO_OUT_OF_PHYSICAL_DEVICES(74)
[2026-04-10 18:15:53.441] [3330] [HailoRT] [error] [vdevice.cpp:132] [create] CHECK_SUCCESS failed with status=HAILO_OUT_OF_PHYSICAL_DEVICES(74)
[2026-04-10 18:15:53.441] [3330] [HailoRT] [error] [vdevice.cpp:554] [create] CHECK_SUCCESS failed with status=HAILO_OUT_OF_PHYSICAL_DEVICES(74)
[2026-04-10 18:17:09.037] [3931] [HailoRT] [info] [vdevice.cpp:523] [create] Creating vdevice with params: device_count: 1, scheduling_algorithm: ROUND_ROBIN, multi_process_service: false
[2026-04-10 18:17:09.049] [3931] [HailoRT] [info] [device.cpp:49] [Device] OS Version: Linux 6.12.62+rpt-rpi-2712 #1 SMP PREEMPT Debian 1:6.12.62-1+rpt1~bookworm (2026-01-19) aarch64
[2026-04-10 18:17:09.051] [3931] [HailoRT] [info] [control.cpp:108] [control__parse_identify_results] firmware_version is: 4.20.0
[2026-04-10 18:17:09.051] [3931] [HailoRT] [info] [vdevice.cpp:651] [create] VDevice Infos: 0001:01:00.0
[2026-04-10 18:17:09.075] [3931] [HailoRT] [info] [hef.cpp:1929] [get_network_group_and_network_name] No name was given. Addressing all networks of default network_group: yolov8m
[2026-04-10 18:17:09.075] [3931] [HailoRT] [info] [hef.cpp:1929] [get_network_group_and_network_name] No name was given. Addressing all networks of default network_group: yolov8m
[2026-04-10 18:17:09.084] [3931] [HailoRT] [info] [internal_buffer_manager.cpp:204] [print_execution_results] Planned internal buffer memory: CMA memory 0, user memory 3037184. memory to edge layer usage factor is 1
[2026-04-10 18:17:09.084] [3931] [HailoRT] [info] [internal_buffer_manager.cpp:212] [print_execution_results] Default Internal buffer planner executed successfully
[2026-04-10 18:17:09.121] [3931] [HailoRT] [info] [device_internal.cpp:57] [configure] Configuring HEF took 42.877334 milliseconds
[2026-04-10 18:17:09.121] [3931] [HailoRT] [info] [vdevice.cpp:749] [configure] Configuring HEF on VDevice took 43.180963 milliseconds
[2026-04-10 18:17:09.121] [3931] [HailoRT] [info] [infer_model.cpp:436] [configure] Configuring network group 'yolov8m' with params: batch size: 0, power mode: PERFORMANCE, latency: NONE
[2026-04-10 18:17:09.121] [3931] [HailoRT] [info] [multi_io_elements.cpp:756] [create] Created (AsyncHwEl)
[2026-04-10 18:17:09.121] [3931] [HailoRT] [info] [queue_elements.cpp:450] [create] Created (EntryPushQEl0yolov8m/input_layer1 | timeout: 10s)
[2026-04-10 18:17:09.121] [3931] [HailoRT] [info] [filter_elements.cpp:101] [create] Created (PreInferEl3yolov8m/input_layer1 | Reorder - src_order: RGB4, src_shape: (640, 640, 3), dst_order: NHCW, dst_shape: (640, 640, 3))
[2026-04-10 18:17:09.121] [3931] [HailoRT] [info] [queue_elements.cpp:450] [create] Created (PushQEl3yolov8m/input_layer1 | timeout: 10s)
[2026-04-10 18:17:09.121] [3931] [HailoRT] [info] [multi_io_elements.cpp:135] [create] Created (NmsPPMuxEl0YOLOV8-Post-Process | Op YOLOV8, Name: YOLOV8-Post-Process, Score threshold: 0.001, IoU threshold: 0.70, Classes: 8, Cross classes: false, NMS results order: BY_CLASS, Max bboxes per class: 100, Image height: 640, Image width: 640)
[2026-04-10 18:17:09.121] [3931] [HailoRT] [info] [queue_elements.cpp:942] [create] Created (MultiPushQEl0YOLOV8-Post-Process | timeout: 10s)
[2026-04-10 18:17:09.121] [3931] [HailoRT] [info] [edge_elements.cpp:187] [create] Created (LastAsyncEl0NmsPPMuxEl0YOLOV8-Post-Process)
[2026-04-10 18:17:09.121] [3931] [HailoRT] [info] [pipeline.cpp:891] [print_deep_description] EntryPushQEl0yolov8m/input_layer1 | inputs: user | outputs: PreInferEl3yolov8m/input_layer1(running in thread_id: 3953)
[2026-04-10 18:17:09.121] [3931] [HailoRT] [info] [pipeline.cpp:891] [print_deep_description] PreInferEl3yolov8m/input_layer1 | inputs: EntryPushQEl0yolov8m/input_layer1[0] | outputs: PushQEl3yolov8m/input_layer1
[2026-04-10 18:17:09.121] [3931] [HailoRT] [info] [pipeline.cpp:891] [print_deep_description] PushQEl3yolov8m/input_layer1 | inputs: PreInferEl3yolov8m/input_layer1[0] | outputs: AsyncHwEl(running in thread_id: 3954)
[2026-04-10 18:17:09.121] [3931] [HailoRT] [info] [pipeline.cpp:891] [print_deep_description] AsyncHwEl | inputs: PushQEl3yolov8m/input_layer1[0] | outputs: MultiPushQEl0YOLOV8-Post-Process MultiPushQEl0YOLOV8-Post-Process MultiPushQEl0YOLOV8-Post-Process MultiPushQEl0YOLOV8-Post-Process MultiPushQEl0YOLOV8-Post-Process MultiPushQEl0YOLOV8-Post-Process
[2026-04-10 18:17:09.121] [3931] [HailoRT] [info] [pipeline.cpp:891] [print_deep_description] MultiPushQEl0YOLOV8-Post-Process | inputs: AsyncHwEl[0] AsyncHwEl[1] AsyncHwEl[2] AsyncHwEl[3] AsyncHwEl[4] AsyncHwEl[5] | outputs: NmsPPMuxEl0YOLOV8-Post-Process(running in thread_id: 3955)
[2026-04-10 18:17:09.121] [3931] [HailoRT] [info] [pipeline.cpp:891] [print_deep_description] NmsPPMuxEl0YOLOV8-Post-Process | inputs: MultiPushQEl0YOLOV8-Post-Process[0] | outputs: LastAsyncEl0NmsPPMuxEl0YOLOV8-Post-Process
[2026-04-10 18:17:09.121] [3931] [HailoRT] [info] [pipeline.cpp:891] [print_deep_description] LastAsyncEl0NmsPPMuxEl0YOLOV8-Post-Process | inputs: NmsPPMuxEl0YOLOV8-Post-Process[0] | outputs: user
[2026-04-10 18:17:10.186] [3950] [HailoRT] [info] [hef.cpp:1929] [get_network_group_and_network_name] No name was given. Addressing all networks of default network_group: yolov8m
[2026-04-10 18:17:46.329] [4291] [HailoRT] [info] [vdevice.cpp:523] [create] Creating vdevice with params: device_count: 1, scheduling_algorithm: ROUND_ROBIN, multi_process_service: false
[2026-04-10 18:17:46.341] [4291] [HailoRT] [info] [device.cpp:49] [Device] OS Version: Linux 6.12.62+rpt-rpi-2712 #1 SMP PREEMPT Debian 1:6.12.62-1+rpt1~bookworm (2026-01-19) aarch64
[2026-04-10 18:17:46.343] [4291] [HailoRT] [info] [control.cpp:108] [control__parse_identify_results] firmware_version is: 4.20.0
[2026-04-10 18:17:46.343] [4291] [HailoRT] [info] [vdevice.cpp:651] [create] VDevice Infos: 0001:01:00.0
[2026-04-10 18:17:46.369] [4291] [HailoRT] [info] [hef.cpp:1929] [get_network_group_and_network_name] No name was given. Addressing all networks of default network_group: yolov8m
[2026-04-10 18:17:46.369] [4291] [HailoRT] [info] [hef.cpp:1929] [get_network_group_and_network_name] No name was given. Addressing all networks of default network_group: yolov8m
[2026-04-10 18:17:46.378] [4291] [HailoRT] [info] [internal_buffer_manager.cpp:204] [print_execution_results] Planned internal buffer memory: CMA memory 0, user memory 3037184. memory to edge layer usage factor is 1
[2026-04-10 18:17:46.378] [4291] [HailoRT] [info] [internal_buffer_manager.cpp:212] [print_execution_results] Default Internal buffer planner executed successfully
[2026-04-10 18:17:46.414] [4291] [HailoRT] [info] [device_internal.cpp:57] [configure] Configuring HEF took 42.485444 milliseconds
[2026-04-10 18:17:46.414] [4291] [HailoRT] [info] [vdevice.cpp:749] [configure] Configuring HEF on VDevice took 42.794963 milliseconds
[2026-04-10 18:17:46.414] [4291] [HailoRT] [info] [infer_model.cpp:436] [configure] Configuring network group 'yolov8m' with params: batch size: 0, power mode: PERFORMANCE, latency: NONE
[2026-04-10 18:17:46.414] [4291] [HailoRT] [info] [multi_io_elements.cpp:756] [create] Created (AsyncHwEl)
[2026-04-10 18:17:46.414] [4291] [HailoRT] [info] [queue_elements.cpp:450] [create] Created (EntryPushQEl0yolov8m/input_layer1 | timeout: 10s)
[2026-04-10 18:17:46.414] [4291] [HailoRT] [info] [filter_elements.cpp:101] [create] Created (PreInferEl3yolov8m/input_layer1 | Reorder - src_order: RGB4, src_shape: (640, 640, 3), dst_order: NHCW, dst_shape: (640, 640, 3))
[2026-04-10 18:17:46.414] [4291] [HailoRT] [info] [queue_elements.cpp:450] [create] Created (PushQEl3yolov8m/input_layer1 | timeout: 10s)
[2026-04-10 18:17:46.414] [4291] [HailoRT] [info] [multi_io_elements.cpp:135] [create] Created (NmsPPMuxEl0YOLOV8-Post-Process | Op YOLOV8, Name: YOLOV8-Post-Process, Score threshold: 0.001, IoU threshold: 0.70, Classes: 8, Cross classes: false, NMS results order: BY_CLASS, Max bboxes per class: 100, Image height: 640, Image width: 640)
[2026-04-10 18:17:46.415] [4291] [HailoRT] [info] [queue_elements.cpp:942] [create] Created (MultiPushQEl0YOLOV8-Post-Process | timeout: 10s)
[2026-04-10 18:17:46.415] [4291] [HailoRT] [info] [edge_elements.cpp:187] [create] Created (LastAsyncEl0NmsPPMuxEl0YOLOV8-Post-Process)
[2026-04-10 18:17:46.415] [4291] [HailoRT] [info] [pipeline.cpp:891] [print_deep_description] EntryPushQEl0yolov8m/input_layer1 | inputs: user | outputs: PreInferEl3yolov8m/input_layer1(running in thread_id: 4314)
[2026-04-10 18:17:46.415] [4291] [HailoRT] [info] [pipeline.cpp:891] [print_deep_description] PreInferEl3yolov8m/input_layer1 | inputs: EntryPushQEl0yolov8m/input_layer1[0] | outputs: PushQEl3yolov8m/input_layer1
[2026-04-10 18:17:46.415] [4291] [HailoRT] [info] [pipeline.cpp:891] [print_deep_description] PushQEl3yolov8m/input_layer1 | inputs: PreInferEl3yolov8m/input_layer1[0] | outputs: AsyncHwEl(running in thread_id: 4315)
[2026-04-10 18:17:46.415] [4291] [HailoRT] [info] [pipeline.cpp:891] [print_deep_description] AsyncHwEl | inputs: PushQEl3yolov8m/input_layer1[0] | outputs: MultiPushQEl0YOLOV8-Post-Process MultiPushQEl0YOLOV8-Post-Process MultiPushQEl0YOLOV8-Post-Process MultiPushQEl0YOLOV8-Post-Process MultiPushQEl0YOLOV8-Post-Process MultiPushQEl0YOLOV8-Post-Process
[2026-04-10 18:17:46.415] [4291] [HailoRT] [info] [pipeline.cpp:891] [print_deep_description] MultiPushQEl0YOLOV8-Post-Process | inputs: AsyncHwEl[0] AsyncHwEl[1] AsyncHwEl[2] AsyncHwEl[3] AsyncHwEl[4] AsyncHwEl[5] | outputs: NmsPPMuxEl0YOLOV8-Post-Process(running in thread_id: 4316)
[2026-04-10 18:17:46.415] [4291] [HailoRT] [info] [pipeline.cpp:891] [print_deep_description] NmsPPMuxEl0YOLOV8-Post-Process | inputs: MultiPushQEl0YOLOV8-Post-Process[0] | outputs: LastAsyncEl0NmsPPMuxEl0YOLOV8-Post-Process
[2026-04-10 18:17:46.415] [4291] [HailoRT] [info] [pipeline.cpp:891] [print_deep_description] LastAsyncEl0NmsPPMuxEl0YOLOV8-Post-Process | inputs: NmsPPMuxEl0YOLOV8-Post-Process[0] | outputs: user
[2026-04-10 18:17:48.320] [4311] [HailoRT] [info] [hef.cpp:1929] [get_network_group_and_network_name] No name was given. Addressing all networks of default network_group: yolov8m
[2026-04-10 18:27:42.625] [2217] [HailoRT] [info] [vdevice.cpp:523] [create] Creating vdevice with params: device_count: 1, scheduling_algorithm: ROUND_ROBIN, multi_process_service: false
[2026-04-10 18:27:42.638] [2217] [HailoRT] [info] [device.cpp:49] [Device] OS Version: Linux 6.12.62+rpt-rpi-2712 #1 SMP PREEMPT Debian 1:6.12.62-1+rpt1~bookworm (2026-01-19) aarch64
[2026-04-10 18:27:42.639] [2217] [HailoRT] [info] [control.cpp:108] [control__parse_identify_results] firmware_version is: 4.20.0
[2026-04-10 18:27:42.639] [2217] [HailoRT] [info] [vdevice.cpp:651] [create] VDevice Infos: 0001:01:00.0
[2026-04-10 18:27:42.984] [2217] [HailoRT] [info] [hef.cpp:1929] [get_network_group_and_network_name] No name was given. Addressing all networks of default network_group: yolov8m
[2026-04-10 18:27:42.984] [2217] [HailoRT] [info] [hef.cpp:1929] [get_network_group_and_network_name] No name was given. Addressing all networks of default network_group: yolov8m
[2026-04-10 18:27:43.002] [2217] [HailoRT] [info] [internal_buffer_manager.cpp:204] [print_execution_results] Planned internal buffer memory: CMA memory 0, user memory 3037184. memory to edge layer usage factor is 1
[2026-04-10 18:27:43.002] [2217] [HailoRT] [info] [internal_buffer_manager.cpp:212] [print_execution_results] Default Internal buffer planner executed successfully
[2026-04-10 18:27:43.037] [2217] [HailoRT] [info] [device_internal.cpp:57] [configure] Configuring HEF took 41.693519 milliseconds
[2026-04-10 18:27:43.037] [2217] [HailoRT] [info] [vdevice.cpp:749] [configure] Configuring HEF on VDevice took 42.394111 milliseconds
[2026-04-10 18:27:43.037] [2217] [HailoRT] [info] [infer_model.cpp:436] [configure] Configuring network group 'yolov8m' with params: batch size: 0, power mode: PERFORMANCE, latency: NONE
[2026-04-10 18:27:43.040] [2217] [HailoRT] [info] [multi_io_elements.cpp:756] [create] Created (AsyncHwEl)
[2026-04-10 18:27:43.041] [2217] [HailoRT] [info] [queue_elements.cpp:450] [create] Created (EntryPushQEl0yolov8m/input_layer1 | timeout: 10s)
[2026-04-10 18:27:43.041] [2217] [HailoRT] [info] [filter_elements.cpp:101] [create] Created (PreInferEl3yolov8m/input_layer1 | Reorder - src_order: RGB4, src_shape: (640, 640, 3), dst_order: NHCW, dst_shape: (640, 640, 3))
[2026-04-10 18:27:43.041] [2217] [HailoRT] [info] [queue_elements.cpp:450] [create] Created (PushQEl3yolov8m/input_layer1 | timeout: 10s)
[2026-04-10 18:27:43.041] [2217] [HailoRT] [info] [multi_io_elements.cpp:135] [create] Created (NmsPPMuxEl0YOLOV8-Post-Process | Op YOLOV8, Name: YOLOV8-Post-Process, Score threshold: 0.001, IoU threshold: 0.70, Classes: 8, Cross classes: false, NMS results order: BY_CLASS, Max bboxes per class: 100, Image height: 640, Image width: 640)
[2026-04-10 18:27:43.041] [2217] [HailoRT] [info] [queue_elements.cpp:942] [create] Created (MultiPushQEl0YOLOV8-Post-Process | timeout: 10s)
[2026-04-10 18:27:43.041] [2217] [HailoRT] [info] [edge_elements.cpp:187] [create] Created (LastAsyncEl0NmsPPMuxEl0YOLOV8-Post-Process)
[2026-04-10 18:27:43.041] [2217] [HailoRT] [info] [pipeline.cpp:891] [print_deep_description] EntryPushQEl0yolov8m/input_layer1 | inputs: user | outputs: PreInferEl3yolov8m/input_layer1(running in thread_id: 2232)
[2026-04-10 18:27:43.041] [2217] [HailoRT] [info] [pipeline.cpp:891] [print_deep_description] PreInferEl3yolov8m/input_layer1 | inputs: EntryPushQEl0yolov8m/input_layer1[0] | outputs: PushQEl3yolov8m/input_layer1
[2026-04-10 18:27:43.041] [2217] [HailoRT] [info] [pipeline.cpp:891] [print_deep_description] PushQEl3yolov8m/input_layer1 | inputs: PreInferEl3yolov8m/input_layer1[0] | outputs: AsyncHwEl(running in thread_id: 2233)
[2026-04-10 18:27:43.041] [2217] [HailoRT] [info] [pipeline.cpp:891] [print_deep_description] AsyncHwEl | inputs: PushQEl3yolov8m/input_layer1[0] | outputs: MultiPushQEl0YOLOV8-Post-Process MultiPushQEl0YOLOV8-Post-Process MultiPushQEl0YOLOV8-Post-Process MultiPushQEl0YOLOV8-Post-Process MultiPushQEl0YOLOV8-Post-Process MultiPushQEl0YOLOV8-Post-Process
[2026-04-10 18:27:43.042] [2217] [HailoRT] [info] [pipeline.cpp:891] [print_deep_description] MultiPushQEl0YOLOV8-Post-Process | inputs: AsyncHwEl[0] AsyncHwEl[1] AsyncHwEl[2] AsyncHwEl[3] AsyncHwEl[4] AsyncHwEl[5] | outputs: NmsPPMuxEl0YOLOV8-Post-Process(running in thread_id: 2234)
[2026-04-10 18:27:43.042] [2217] [HailoRT] [info] [pipeline.cpp:891] [print_deep_description] NmsPPMuxEl0YOLOV8-Post-Process | inputs: MultiPushQEl0YOLOV8-Post-Process[0] | outputs: LastAsyncEl0NmsPPMuxEl0YOLOV8-Post-Process
[2026-04-10 18:27:43.042] [2217] [HailoRT] [info] [pipeline.cpp:891] [print_deep_description] LastAsyncEl0NmsPPMuxEl0YOLOV8-Post-Process | inputs: NmsPPMuxEl0YOLOV8-Post-Process[0] | outputs: user
[2026-04-10 18:27:44.108] [2229] [HailoRT] [info] [hef.cpp:1929] [get_network_group_and_network_name] No name was given. Addressing all networks of default network_group: yolov8m
[2026-04-10 18:33:16.373] [2217] [HailoRT] [info] [async_infer_runner.cpp:86] [shutdown] Pipeline was aborted. Shutting it down
[2026-04-10 18:33:16.373] [2217] [HailoRT] [info] [queue_elements.cpp:1131] [execute_deactivate] enqueue() in element MultiPushQEl0YOLOV8-Post-Process was aborted, got status = HAILO_SHUTDOWN_EVENT_SIGNALED(57)
[2026-04-10 18:33:16.373] [2217] [HailoRT] [info] [queue_elements.cpp:1131] [execute_deactivate] enqueue() in element MultiPushQEl0YOLOV8-Post-Process was aborted, got status = HAILO_SHUTDOWN_EVENT_SIGNALED(57)
[2026-04-10 18:33:16.373] [2217] [HailoRT] [info] [queue_elements.cpp:1131] [execute_deactivate] enqueue() in element MultiPushQEl0YOLOV8-Post-Process was aborted, got status = HAILO_SHUTDOWN_EVENT_SIGNALED(57)
[2026-04-10 18:33:16.373] [2217] [HailoRT] [info] [queue_elements.cpp:1131] [execute_deactivate] enqueue() in element MultiPushQEl0YOLOV8-Post-Process was aborted, got status = HAILO_SHUTDOWN_EVENT_SIGNALED(57)
[2026-04-10 18:33:16.373] [2217] [HailoRT] [info] [queue_elements.cpp:1131] [execute_deactivate] enqueue() in element MultiPushQEl0YOLOV8-Post-Process was aborted, got status = HAILO_SHUTDOWN_EVENT_SIGNALED(57)
[2026-04-10 18:33:16.373] [2217] [HailoRT] [info] [queue_elements.cpp:1131] [execute_deactivate] enqueue() in element MultiPushQEl0YOLOV8-Post-Process was aborted, got status = HAILO_SHUTDOWN_EVENT_SIGNALED(57)
[2026-04-10 18:33:16.373] [2217] [HailoRT] [info] [queue_elements.cpp:570] [execute_deactivate] enqueue() in element PushQEl3yolov8m/input_layer1 was aborted, got status = HAILO_SHUTDOWN_EVENT_SIGNALED(57)
[2026-04-10 18:33:16.373] [2217] [HailoRT] [info] [queue_elements.cpp:570] [execute_deactivate] enqueue() in element EntryPushQEl0yolov8m/input_layer1 was aborted, got status = HAILO_SHUTDOWN_EVENT_SIGNALED(57)
[2026-04-10 18:33:16.373] [2217] [HailoRT] [info] [queue_elements.cpp:46] [~BaseQueueElement] Queue element EntryPushQEl0yolov8m/input_layer1 has 0 frames in his Queue on destruction
[2026-04-10 18:33:16.373] [2217] [HailoRT] [info] [queue_elements.cpp:46] [~BaseQueueElement] Queue element PushQEl3yolov8m/input_layer1 has 0 frames in his Queue on destruction
[2026-04-10 18:39:10.246] [2664] [HailoRT] [info] [vdevice.cpp:523] [create] Creating vdevice with params: device_count: 1, scheduling_algorithm: ROUND_ROBIN, multi_process_service: false
[2026-04-10 18:39:10.258] [2664] [HailoRT] [info] [device.cpp:49] [Device] OS Version: Linux 6.12.62+rpt-rpi-2712 #1 SMP PREEMPT Debian 1:6.12.62-1+rpt1~bookworm (2026-01-19) aarch64
[2026-04-10 18:39:10.260] [2664] [HailoRT] [info] [control.cpp:108] [control__parse_identify_results] firmware_version is: 4.20.0
[2026-04-10 18:39:10.260] [2664] [HailoRT] [info] [vdevice.cpp:651] [create] VDevice Infos: 0001:01:00.0
[2026-04-10 18:39:10.278] [2664] [HailoRT] [info] [hef.cpp:1929] [get_network_group_and_network_name] No name was given. Addressing all networks of default network_group: yolov8m
[2026-04-10 18:39:10.278] [2664] [HailoRT] [info] [hef.cpp:1929] [get_network_group_and_network_name] No name was given. Addressing all networks of default network_group: yolov8m
[2026-04-10 18:39:10.287] [2664] [HailoRT] [info] [internal_buffer_manager.cpp:204] [print_execution_results] Planned internal buffer memory: CMA memory 0, user memory 3037184. memory to edge layer usage factor is 1
[2026-04-10 18:39:10.287] [2664] [HailoRT] [info] [internal_buffer_manager.cpp:212] [print_execution_results] Default Internal buffer planner executed successfully
[2026-04-10 18:39:10.325] [2664] [HailoRT] [info] [device_internal.cpp:57] [configure] Configuring HEF took 43.866592 milliseconds
[2026-04-10 18:39:10.325] [2664] [HailoRT] [info] [vdevice.cpp:749] [configure] Configuring HEF on VDevice took 44.167037 milliseconds
[2026-04-10 18:39:10.325] [2664] [HailoRT] [info] [infer_model.cpp:436] [configure] Configuring network group 'yolov8m' with params: batch size: 0, power mode: PERFORMANCE, latency: NONE
[2026-04-10 18:39:10.325] [2664] [HailoRT] [info] [multi_io_elements.cpp:756] [create] Created (AsyncHwEl)
[2026-04-10 18:39:10.325] [2664] [HailoRT] [info] [queue_elements.cpp:450] [create] Created (EntryPushQEl0yolov8m/input_layer1 | timeout: 10s)
[2026-04-10 18:39:10.325] [2664] [HailoRT] [info] [filter_elements.cpp:101] [create] Created (PreInferEl3yolov8m/input_layer1 | Reorder - src_order: RGB4, src_shape: (640, 640, 3), dst_order: NHCW, dst_shape: (640, 640, 3))
[2026-04-10 18:39:10.325] [2664] [HailoRT] [info] [queue_elements.cpp:450] [create] Created (PushQEl3yolov8m/input_layer1 | timeout: 10s)
[2026-04-10 18:39:10.325] [2664] [HailoRT] [info] [multi_io_elements.cpp:135] [create] Created (NmsPPMuxEl0YOLOV8-Post-Process | Op YOLOV8, Name: YOLOV8-Post-Process, Score threshold: 0.001, IoU threshold: 0.70, Classes: 8, Cross classes: false, NMS results order: BY_CLASS, Max bboxes per class: 100, Image height: 640, Image width: 640)
[2026-04-10 18:39:10.326] [2664] [HailoRT] [info] [queue_elements.cpp:942] [create] Created (MultiPushQEl0YOLOV8-Post-Process | timeout: 10s)
[2026-04-10 18:39:10.326] [2664] [HailoRT] [info] [edge_elements.cpp:187] [create] Created (LastAsyncEl0NmsPPMuxEl0YOLOV8-Post-Process)
[2026-04-10 18:39:10.326] [2664] [HailoRT] [info] [pipeline.cpp:891] [print_deep_description] EntryPushQEl0yolov8m/input_layer1 | inputs: user | outputs: PreInferEl3yolov8m/input_layer1(running in thread_id: 2681)
[2026-04-10 18:39:10.326] [2664] [HailoRT] [info] [pipeline.cpp:891] [print_deep_description] PreInferEl3yolov8m/input_layer1 | inputs: EntryPushQEl0yolov8m/input_layer1[0] | outputs: PushQEl3yolov8m/input_layer1
[2026-04-10 18:39:10.326] [2664] [HailoRT] [info] [pipeline.cpp:891] [print_deep_description] PushQEl3yolov8m/input_layer1 | inputs: PreInferEl3yolov8m/input_layer1[0] | outputs: AsyncHwEl(running in thread_id: 2682)
[2026-04-10 18:39:10.326] [2664] [HailoRT] [info] [pipeline.cpp:891] [print_deep_description] AsyncHwEl | inputs: PushQEl3yolov8m/input_layer1[0] | outputs: MultiPushQEl0YOLOV8-Post-Process MultiPushQEl0YOLOV8-Post-Process MultiPushQEl0YOLOV8-Post-Process MultiPushQEl0YOLOV8-Post-Process MultiPushQEl0YOLOV8-Post-Process MultiPushQEl0YOLOV8-Post-Process
[2026-04-10 18:39:10.326] [2664] [HailoRT] [info] [pipeline.cpp:891] [print_deep_description] MultiPushQEl0YOLOV8-Post-Process | inputs: AsyncHwEl[0] AsyncHwEl[1] AsyncHwEl[2] AsyncHwEl[3] AsyncHwEl[4] AsyncHwEl[5] | outputs: NmsPPMuxEl0YOLOV8-Post-Process(running in thread_id: 2683)
[2026-04-10 18:39:10.326] [2664] [HailoRT] [info] [pipeline.cpp:891] [print_deep_description] NmsPPMuxEl0YOLOV8-Post-Process | inputs: MultiPushQEl0YOLOV8-Post-Process[0] | outputs: LastAsyncEl0NmsPPMuxEl0YOLOV8-Post-Process
[2026-04-10 18:39:10.326] [2664] [HailoRT] [info] [pipeline.cpp:891] [print_deep_description] LastAsyncEl0NmsPPMuxEl0YOLOV8-Post-Process | inputs: NmsPPMuxEl0YOLOV8-Post-Process[0] | outputs: user
[2026-04-10 18:39:12.489] [2678] [HailoRT] [info] [hef.cpp:1929] [get_network_group_and_network_name] No name was given. Addressing all networks of default network_group: yolov8m
[2026-04-10 18:39:47.204] [2664] [HailoRT] [info] [async_infer_runner.cpp:86] [shutdown] Pipeline was aborted. Shutting it down
[2026-04-10 18:39:47.205] [2664] [HailoRT] [info] [queue_elements.cpp:1131] [execute_deactivate] enqueue() in element MultiPushQEl0YOLOV8-Post-Process was aborted, got status = HAILO_SHUTDOWN_EVENT_SIGNALED(57)
[2026-04-10 18:39:47.205] [2664] [HailoRT] [info] [queue_elements.cpp:1131] [execute_deactivate] enqueue() in element MultiPushQEl0YOLOV8-Post-Process was aborted, got status = HAILO_SHUTDOWN_EVENT_SIGNALED(57)
[2026-04-10 18:39:47.205] [2664] [HailoRT] [info] [queue_elements.cpp:1131] [execute_deactivate] enqueue() in element MultiPushQEl0YOLOV8-Post-Process was aborted, got status = HAILO_SHUTDOWN_EVENT_SIGNALED(57)
[2026-04-10 18:39:47.205] [2664] [HailoRT] [info] [queue_elements.cpp:1131] [execute_deactivate] enqueue() in element MultiPushQEl0YOLOV8-Post-Process was aborted, got status = HAILO_SHUTDOWN_EVENT_SIGNALED(57)
[2026-04-10 18:39:47.205] [2664] [HailoRT] [info] [queue_elements.cpp:1131] [execute_deactivate] enqueue() in element MultiPushQEl0YOLOV8-Post-Process was aborted, got status = HAILO_SHUTDOWN_EVENT_SIGNALED(57)
[2026-04-10 18:39:47.205] [2664] [HailoRT] [info] [queue_elements.cpp:1131] [execute_deactivate] enqueue() in element MultiPushQEl0YOLOV8-Post-Process was aborted, got status = HAILO_SHUTDOWN_EVENT_SIGNALED(57)
[2026-04-10 18:39:47.205] [2664] [HailoRT] [info] [queue_elements.cpp:570] [execute_deactivate] enqueue() in element PushQEl3yolov8m/input_layer1 was aborted, got status = HAILO_SHUTDOWN_EVENT_SIGNALED(57)
[2026-04-10 18:39:47.205] [2664] [HailoRT] [info] [queue_elements.cpp:570] [execute_deactivate] enqueue() in element EntryPushQEl0yolov8m/input_layer1 was aborted, got status = HAILO_SHUTDOWN_EVENT_SIGNALED(57)
[2026-04-10 18:39:47.205] [2664] [HailoRT] [info] [queue_elements.cpp:46] [~BaseQueueElement] Queue element EntryPushQEl0yolov8m/input_layer1 has 0 frames in his Queue on destruction
[2026-04-10 18:39:47.205] [2664] [HailoRT] [info] [queue_elements.cpp:46] [~BaseQueueElement] Queue element PushQEl3yolov8m/input_layer1 has 0 frames in his Queue on destruction
[2026-04-10 18:41:24.967] [2886] [HailoRT] [info] [vdevice.cpp:523] [create] Creating vdevice with params: device_count: 1, scheduling_algorithm: ROUND_ROBIN, multi_process_service: false
[2026-04-10 18:41:24.978] [2886] [HailoRT] [info] [device.cpp:49] [Device] OS Version: Linux 6.12.62+rpt-rpi-2712 #1 SMP PREEMPT Debian 1:6.12.62-1+rpt1~bookworm (2026-01-19) aarch64
[2026-04-10 18:41:24.980] [2886] [HailoRT] [info] [control.cpp:108] [control__parse_identify_results] firmware_version is: 4.20.0
[2026-04-10 18:41:24.980] [2886] [HailoRT] [info] [vdevice.cpp:651] [create] VDevice Infos: 0001:01:00.0
[2026-04-10 18:41:24.998] [2886] [HailoRT] [info] [hef.cpp:1929] [get_network_group_and_network_name] No name was given. Addressing all networks of default network_group: yolov8m
[2026-04-10 18:41:24.998] [2886] [HailoRT] [info] [hef.cpp:1929] [get_network_group_and_network_name] No name was given. Addressing all networks of default network_group: yolov8m
[2026-04-10 18:41:25.007] [2886] [HailoRT] [info] [internal_buffer_manager.cpp:204] [print_execution_results] Planned internal buffer memory: CMA memory 0, user memory 3037184. memory to edge layer usage factor is 1
[2026-04-10 18:41:25.007] [2886] [HailoRT] [info] [internal_buffer_manager.cpp:212] [print_execution_results] Default Internal buffer planner executed successfully
[2026-04-10 18:41:25.042] [2886] [HailoRT] [info] [device_internal.cpp:57] [configure] Configuring HEF took 40.744648 milliseconds
[2026-04-10 18:41:25.042] [2886] [HailoRT] [info] [vdevice.cpp:749] [configure] Configuring HEF on VDevice took 41.045722 milliseconds
[2026-04-10 18:41:25.042] [2886] [HailoRT] [info] [infer_model.cpp:436] [configure] Configuring network group 'yolov8m' with params: batch size: 0, power mode: PERFORMANCE, latency: NONE
[2026-04-10 18:41:25.042] [2886] [HailoRT] [info] [multi_io_elements.cpp:756] [create] Created (AsyncHwEl)
[2026-04-10 18:41:25.042] [2886] [HailoRT] [info] [queue_elements.cpp:450] [create] Created (EntryPushQEl0yolov8m/input_layer1 | timeout: 10s)
[2026-04-10 18:41:25.042] [2886] [HailoRT] [info] [filter_elements.cpp:101] [create] Created (PreInferEl3yolov8m/input_layer1 | Reorder - src_order: RGB4, src_shape: (640, 640, 3), dst_order: NHCW, dst_shape: (640, 640, 3))
[2026-04-10 18:41:25.042] [2886] [HailoRT] [info] [queue_elements.cpp:450] [create] Created (PushQEl3yolov8m/input_layer1 | timeout: 10s)
[2026-04-10 18:41:25.042] [2886] [HailoRT] [info] [multi_io_elements.cpp:135] [create] Created (NmsPPMuxEl0YOLOV8-Post-Process | Op YOLOV8, Name: YOLOV8-Post-Process, Score threshold: 0.001, IoU threshold: 0.70, Classes: 8, Cross classes: false, NMS results order: BY_CLASS, Max bboxes per class: 100, Image height: 640, Image width: 640)
[2026-04-10 18:41:25.043] [2886] [HailoRT] [info] [queue_elements.cpp:942] [create] Created (MultiPushQEl0YOLOV8-Post-Process | timeout: 10s)
[2026-04-10 18:41:25.043] [2886] [HailoRT] [info] [edge_elements.cpp:187] [create] Created (LastAsyncEl0NmsPPMuxEl0YOLOV8-Post-Process)
[2026-04-10 18:41:25.043] [2886] [HailoRT] [info] [pipeline.cpp:891] [print_deep_description] EntryPushQEl0yolov8m/input_layer1 | inputs: user | outputs: PreInferEl3yolov8m/input_layer1(running in thread_id: 2902)
[2026-04-10 18:41:25.043] [2886] [HailoRT] [info] [pipeline.cpp:891] [print_deep_description] PreInferEl3yolov8m/input_layer1 | inputs: EntryPushQEl0yolov8m/input_layer1[0] | outputs: PushQEl3yolov8m/input_layer1
[2026-04-10 18:41:25.043] [2886] [HailoRT] [info] [pipeline.cpp:891] [print_deep_description] PushQEl3yolov8m/input_layer1 | inputs: PreInferEl3yolov8m/input_layer1[0] | outputs: AsyncHwEl(running in thread_id: 2903)
[2026-04-10 18:41:25.043] [2886] [HailoRT] [info] [pipeline.cpp:891] [print_deep_description] AsyncHwEl | inputs: PushQEl3yolov8m/input_layer1[0] | outputs: MultiPushQEl0YOLOV8-Post-Process MultiPushQEl0YOLOV8-Post-Process MultiPushQEl0YOLOV8-Post-Process MultiPushQEl0YOLOV8-Post-Process MultiPushQEl0YOLOV8-Post-Process MultiPushQEl0YOLOV8-Post-Process
[2026-04-10 18:41:25.043] [2886] [HailoRT] [info] [pipeline.cpp:891] [print_deep_description] MultiPushQEl0YOLOV8-Post-Process | inputs: AsyncHwEl[0] AsyncHwEl[1] AsyncHwEl[2] AsyncHwEl[3] AsyncHwEl[4] AsyncHwEl[5] | outputs: NmsPPMuxEl0YOLOV8-Post-Process(running in thread_id: 2904)
[2026-04-10 18:41:25.043] [2886] [HailoRT] [info] [pipeline.cpp:891] [print_deep_description] NmsPPMuxEl0YOLOV8-Post-Process | inputs: MultiPushQEl0YOLOV8-Post-Process[0] | outputs: LastAsyncEl0NmsPPMuxEl0YOLOV8-Post-Process
[2026-04-10 18:41:25.043] [2886] [HailoRT] [info] [pipeline.cpp:891] [print_deep_description] LastAsyncEl0NmsPPMuxEl0YOLOV8-Post-Process | inputs: NmsPPMuxEl0YOLOV8-Post-Process[0] | outputs: user
[2026-04-10 18:41:25.996] [2899] [HailoRT] [info] [hef.cpp:1929] [get_network_group_and_network_name] No name was given. Addressing all networks of default network_group: yolov8m
[2026-04-10 18:42:12.003] [3018] [HailoRT] [info] [vdevice.cpp:523] [create] Creating vdevice with params: device_count: 1, scheduling_algorithm: ROUND_ROBIN, multi_process_service: false
[2026-04-10 18:42:12.014] [3018] [HailoRT] [info] [device.cpp:49] [Device] OS Version: Linux 6.12.62+rpt-rpi-2712 #1 SMP PREEMPT Debian 1:6.12.62-1+rpt1~bookworm (2026-01-19) aarch64
[2026-04-10 18:42:12.016] [3018] [HailoRT] [info] [control.cpp:108] [control__parse_identify_results] firmware_version is: 4.20.0
[2026-04-10 18:42:12.016] [3018] [HailoRT] [info] [vdevice.cpp:651] [create] VDevice Infos: 0001:01:00.0
[2026-04-10 18:42:12.034] [3018] [HailoRT] [info] [hef.cpp:1929] [get_network_group_and_network_name] No name was given. Addressing all networks of default network_group: yolov8m
[2026-04-10 18:42:12.034] [3018] [HailoRT] [info] [hef.cpp:1929] [get_network_group_and_network_name] No name was given. Addressing all networks of default network_group: yolov8m
[2026-04-10 18:42:12.043] [3018] [HailoRT] [info] [internal_buffer_manager.cpp:204] [print_execution_results] Planned internal buffer memory: CMA memory 0, user memory 3037184. memory to edge layer usage factor is 1
[2026-04-10 18:42:12.043] [3018] [HailoRT] [info] [internal_buffer_manager.cpp:212] [print_execution_results] Default Internal buffer planner executed successfully
[2026-04-10 18:42:12.079] [3018] [HailoRT] [info] [device_internal.cpp:57] [configure] Configuring HEF took 41.534537 milliseconds
[2026-04-10 18:42:12.079] [3018] [HailoRT] [info] [vdevice.cpp:749] [configure] Configuring HEF on VDevice took 41.833908 milliseconds
[2026-04-10 18:42:12.079] [3018] [HailoRT] [info] [infer_model.cpp:436] [configure] Configuring network group 'yolov8m' with params: batch size: 0, power mode: PERFORMANCE, latency: NONE
[2026-04-10 18:42:12.079] [3018] [HailoRT] [info] [multi_io_elements.cpp:756] [create] Created (AsyncHwEl)
[2026-04-10 18:42:12.079] [3018] [HailoRT] [info] [queue_elements.cpp:450] [create] Created (EntryPushQEl0yolov8m/input_layer1 | timeout: 10s)
[2026-04-10 18:42:12.079] [3018] [HailoRT] [info] [filter_elements.cpp:101] [create] Created (PreInferEl3yolov8m/input_layer1 | Reorder - src_order: RGB4, src_shape: (640, 640, 3), dst_order: NHCW, dst_shape: (640, 640, 3))
[2026-04-10 18:42:12.079] [3018] [HailoRT] [info] [queue_elements.cpp:450] [create] Created (PushQEl3yolov8m/input_layer1 | timeout: 10s)
[2026-04-10 18:42:12.079] [3018] [HailoRT] [info] [multi_io_elements.cpp:135] [create] Created (NmsPPMuxEl0YOLOV8-Post-Process | Op YOLOV8, Name: YOLOV8-Post-Process, Score threshold: 0.001, IoU threshold: 0.70, Classes: 8, Cross classes: false, NMS results order: BY_CLASS, Max bboxes per class: 100, Image height: 640, Image width: 640)
[2026-04-10 18:42:12.079] [3018] [HailoRT] [info] [queue_elements.cpp:942] [create] Created (MultiPushQEl0YOLOV8-Post-Process | timeout: 10s)
[2026-04-10 18:42:12.079] [3018] [HailoRT] [info] [edge_elements.cpp:187] [create] Created (LastAsyncEl0NmsPPMuxEl0YOLOV8-Post-Process)
[2026-04-10 18:42:12.079] [3018] [HailoRT] [info] [pipeline.cpp:891] [print_deep_description] EntryPushQEl0yolov8m/input_layer1 | inputs: user | outputs: PreInferEl3yolov8m/input_layer1(running in thread_id: 3034)
[2026-04-10 18:42:12.079] [3018] [HailoRT] [info] [pipeline.cpp:891] [print_deep_description] PreInferEl3yolov8m/input_layer1 | inputs: EntryPushQEl0yolov8m/input_layer1[0] | outputs: PushQEl3yolov8m/input_layer1
[2026-04-10 18:42:12.079] [3018] [HailoRT] [info] [pipeline.cpp:891] [print_deep_description] PushQEl3yolov8m/input_layer1 | inputs: PreInferEl3yolov8m/input_layer1[0] | outputs: AsyncHwEl(running in thread_id: 3035)
[2026-04-10 18:42:12.079] [3018] [HailoRT] [info] [pipeline.cpp:891] [print_deep_description] AsyncHwEl | inputs: PushQEl3yolov8m/input_layer1[0] | outputs: MultiPushQEl0YOLOV8-Post-Process MultiPushQEl0YOLOV8-Post-Process MultiPushQEl0YOLOV8-Post-Process MultiPushQEl0YOLOV8-Post-Process MultiPushQEl0YOLOV8-Post-Process MultiPushQEl0YOLOV8-Post-Process
[2026-04-10 18:42:12.079] [3018] [HailoRT] [info] [pipeline.cpp:891] [print_deep_description] MultiPushQEl0YOLOV8-Post-Process | inputs: AsyncHwEl[0] AsyncHwEl[1] AsyncHwEl[2] AsyncHwEl[3] AsyncHwEl[4] AsyncHwEl[5] | outputs: NmsPPMuxEl0YOLOV8-Post-Process(running in thread_id: 3036)
[2026-04-10 18:42:12.079] [3018] [HailoRT] [info] [pipeline.cpp:891] [print_deep_description] NmsPPMuxEl0YOLOV8-Post-Process | inputs: MultiPushQEl0YOLOV8-Post-Process[0] | outputs: LastAsyncEl0NmsPPMuxEl0YOLOV8-Post-Process
[2026-04-10 18:42:12.079] [3018] [HailoRT] [info] [pipeline.cpp:891] [print_deep_description] LastAsyncEl0NmsPPMuxEl0YOLOV8-Post-Process | inputs: NmsPPMuxEl0YOLOV8-Post-Process[0] | outputs: user
[2026-04-10 18:42:13.014] [3031] [HailoRT] [info] [hef.cpp:1929] [get_network_group_and_network_name] No name was given. Addressing all networks of default network_group: yolov8m
[2026-04-10 18:44:46.547] [3247] [HailoRT] [info] [vdevice.cpp:523] [create] Creating vdevice with params: device_count: 1, scheduling_algorithm: ROUND_ROBIN, multi_process_service: false
[2026-04-10 18:44:46.558] [3247] [HailoRT] [info] [device.cpp:49] [Device] OS Version: Linux 6.12.62+rpt-rpi-2712 #1 SMP PREEMPT Debian 1:6.12.62-1+rpt1~bookworm (2026-01-19) aarch64
[2026-04-10 18:44:46.560] [3247] [HailoRT] [info] [control.cpp:108] [control__parse_identify_results] firmware_version is: 4.20.0
[2026-04-10 18:44:46.560] [3247] [HailoRT] [info] [vdevice.cpp:651] [create] VDevice Infos: 0001:01:00.0
[2026-04-10 18:44:46.578] [3247] [HailoRT] [info] [hef.cpp:1929] [get_network_group_and_network_name] No name was given. Addressing all networks of default network_group: yolov8m
[2026-04-10 18:44:46.578] [3247] [HailoRT] [info] [hef.cpp:1929] [get_network_group_and_network_name] No name was given. Addressing all networks of default network_group: yolov8m
[2026-04-10 18:44:46.587] [3247] [HailoRT] [info] [internal_buffer_manager.cpp:204] [print_execution_results] Planned internal buffer memory: CMA memory 0, user memory 3037184. memory to edge layer usage factor is 1
[2026-04-10 18:44:46.587] [3247] [HailoRT] [info] [internal_buffer_manager.cpp:212] [print_execution_results] Default Internal buffer planner executed successfully
[2026-04-10 18:44:46.622] [3247] [HailoRT] [info] [device_internal.cpp:57] [configure] Configuring HEF took 41.063185 milliseconds
[2026-04-10 18:44:46.622] [3247] [HailoRT] [info] [vdevice.cpp:749] [configure] Configuring HEF on VDevice took 41.369685 milliseconds
[2026-04-10 18:44:46.622] [3247] [HailoRT] [info] [infer_model.cpp:436] [configure] Configuring network group 'yolov8m' with params: batch size: 0, power mode: PERFORMANCE, latency: NONE
[2026-04-10 18:44:46.622] [3247] [HailoRT] [info] [multi_io_elements.cpp:756] [create] Created (AsyncHwEl)
[2026-04-10 18:44:46.622] [3247] [HailoRT] [info] [queue_elements.cpp:450] [create] Created (EntryPushQEl0yolov8m/input_layer1 | timeout: 10s)
[2026-04-10 18:44:46.622] [3247] [HailoRT] [info] [filter_elements.cpp:101] [create] Created (PreInferEl3yolov8m/input_layer1 | Reorder - src_order: RGB4, src_shape: (640, 640, 3), dst_order: NHCW, dst_shape: (640, 640, 3))
[2026-04-10 18:44:46.623] [3247] [HailoRT] [info] [queue_elements.cpp:450] [create] Created (PushQEl3yolov8m/input_layer1 | timeout: 10s)
[2026-04-10 18:44:46.623] [3247] [HailoRT] [info] [multi_io_elements.cpp:135] [create] Created (NmsPPMuxEl0YOLOV8-Post-Process | Op YOLOV8, Name: YOLOV8-Post-Process, Score threshold: 0.001, IoU threshold: 0.70, Classes: 8, Cross classes: false, NMS results order: BY_CLASS, Max bboxes per class: 100, Image height: 640, Image width: 640)
[2026-04-10 18:44:46.623] [3247] [HailoRT] [info] [queue_elements.cpp:942] [create] Created (MultiPushQEl0YOLOV8-Post-Process | timeout: 10s)
[2026-04-10 18:44:46.623] [3247] [HailoRT] [info] [edge_elements.cpp:187] [create] Created (LastAsyncEl0NmsPPMuxEl0YOLOV8-Post-Process)
[2026-04-10 18:44:46.623] [3247] [HailoRT] [info] [pipeline.cpp:891] [print_deep_description] EntryPushQEl0yolov8m/input_layer1 | inputs: user | outputs: PreInferEl3yolov8m/input_layer1(running in thread_id: 3263)
[2026-04-10 18:44:46.623] [3247] [HailoRT] [info] [pipeline.cpp:891] [print_deep_description] PreInferEl3yolov8m/input_layer1 | inputs: EntryPushQEl0yolov8m/input_layer1[0] | outputs: PushQEl3yolov8m/input_layer1
[2026-04-10 18:44:46.623] [3247] [HailoRT] [info] [pipeline.cpp:891] [print_deep_description] PushQEl3yolov8m/input_layer1 | inputs: PreInferEl3yolov8m/input_layer1[0] | outputs: AsyncHwEl(running in thread_id: 3264)
[2026-04-10 18:44:46.623] [3247] [HailoRT] [info] [pipeline.cpp:891] [print_deep_description] AsyncHwEl | inputs: PushQEl3yolov8m/input_layer1[0] | outputs: MultiPushQEl0YOLOV8-Post-Process MultiPushQEl0YOLOV8-Post-Process MultiPushQEl0YOLOV8-Post-Process MultiPushQEl0YOLOV8-Post-Process MultiPushQEl0YOLOV8-Post-Process MultiPushQEl0YOLOV8-Post-Process
[2026-04-10 18:44:46.623] [3247] [HailoRT] [info] [pipeline.cpp:891] [print_deep_description] MultiPushQEl0YOLOV8-Post-Process | inputs: AsyncHwEl[0] AsyncHwEl[1] AsyncHwEl[2] AsyncHwEl[3] AsyncHwEl[4] AsyncHwEl[5] | outputs: NmsPPMuxEl0YOLOV8-Post-Process(running in thread_id: 3265)
[2026-04-10 18:44:46.623] [3247] [HailoRT] [info] [pipeline.cpp:891] [print_deep_description] NmsPPMuxEl0YOLOV8-Post-Process | inputs: MultiPushQEl0YOLOV8-Post-Process[0] | outputs: LastAsyncEl0NmsPPMuxEl0YOLOV8-Post-Process
[2026-04-10 18:44:46.623] [3247] [HailoRT] [info] [pipeline.cpp:891] [print_deep_description] LastAsyncEl0NmsPPMuxEl0YOLOV8-Post-Process | inputs: NmsPPMuxEl0YOLOV8-Post-Process[0] | outputs: user
[2026-04-10 18:44:48.526] [3260] [HailoRT] [info] [hef.cpp:1929] [get_network_group_and_network_name] No name was given. Addressing all networks of default network_group: yolov8m
[2026-04-10 18:46:10.571] [3455] [HailoRT] [info] [vdevice.cpp:523] [create] Creating vdevice with params: device_count: 1, scheduling_algorithm: ROUND_ROBIN, multi_process_service: false
[2026-04-10 18:46:10.582] [3455] [HailoRT] [info] [device.cpp:49] [Device] OS Version: Linux 6.12.62+rpt-rpi-2712 #1 SMP PREEMPT Debian 1:6.12.62-1+rpt1~bookworm (2026-01-19) aarch64
[2026-04-10 18:46:10.584] [3455] [HailoRT] [info] [control.cpp:108] [control__parse_identify_results] firmware_version is: 4.20.0
[2026-04-10 18:46:10.584] [3455] [HailoRT] [info] [vdevice.cpp:651] [create] VDevice Infos: 0001:01:00.0
[2026-04-10 18:46:10.602] [3455] [HailoRT] [info] [hef.cpp:1929] [get_network_group_and_network_name] No name was given. Addressing all networks of default network_group: yolov8m
[2026-04-10 18:46:10.603] [3455] [HailoRT] [info] [hef.cpp:1929] [get_network_group_and_network_name] No name was given. Addressing all networks of default network_group: yolov8m
[2026-04-10 18:46:10.611] [3455] [HailoRT] [info] [internal_buffer_manager.cpp:204] [print_execution_results] Planned internal buffer memory: CMA memory 0, user memory 3037184. memory to edge layer usage factor is 1
[2026-04-10 18:46:10.611] [3455] [HailoRT] [info] [internal_buffer_manager.cpp:212] [print_execution_results] Default Internal buffer planner executed successfully
[2026-04-10 18:46:10.646] [3455] [HailoRT] [info] [device_internal.cpp:57] [configure] Configuring HEF took 40.932185 milliseconds
[2026-04-10 18:46:10.646] [3455] [HailoRT] [info] [vdevice.cpp:749] [configure] Configuring HEF on VDevice took 41.232796 milliseconds
[2026-04-10 18:46:10.646] [3455] [HailoRT] [info] [infer_model.cpp:436] [configure] Configuring network group 'yolov8m' with params: batch size: 0, power mode: PERFORMANCE, latency: NONE
[2026-04-10 18:46:10.646] [3455] [HailoRT] [info] [multi_io_elements.cpp:756] [create] Created (AsyncHwEl)
[2026-04-10 18:46:10.646] [3455] [HailoRT] [info] [queue_elements.cpp:450] [create] Created (EntryPushQEl0yolov8m/input_layer1 | timeout: 10s)
[2026-04-10 18:46:10.646] [3455] [HailoRT] [info] [filter_elements.cpp:101] [create] Created (PreInferEl3yolov8m/input_layer1 | Reorder - src_order: RGB4, src_shape: (640, 640, 3), dst_order: NHCW, dst_shape: (640, 640, 3))
[2026-04-10 18:46:10.647] [3455] [HailoRT] [info] [queue_elements.cpp:450] [create] Created (PushQEl3yolov8m/input_layer1 | timeout: 10s)
[2026-04-10 18:46:10.647] [3455] [HailoRT] [info] [multi_io_elements.cpp:135] [create] Created (NmsPPMuxEl0YOLOV8-Post-Process | Op YOLOV8, Name: YOLOV8-Post-Process, Score threshold: 0.001, IoU threshold: 0.70, Classes: 8, Cross classes: false, NMS results order: BY_CLASS, Max bboxes per class: 100, Image height: 640, Image width: 640)
[2026-04-10 18:46:10.647] [3455] [HailoRT] [info] [queue_elements.cpp:942] [create] Created (MultiPushQEl0YOLOV8-Post-Process | timeout: 10s)
[2026-04-10 18:46:10.647] [3455] [HailoRT] [info] [edge_elements.cpp:187] [create] Created (LastAsyncEl0NmsPPMuxEl0YOLOV8-Post-Process)
[2026-04-10 18:46:10.647] [3455] [HailoRT] [info] [pipeline.cpp:891] [print_deep_description] EntryPushQEl0yolov8m/input_layer1 | inputs: user | outputs: PreInferEl3yolov8m/input_layer1(running in thread_id: 3471)
[2026-04-10 18:46:10.647] [3455] [HailoRT] [info] [pipeline.cpp:891] [print_deep_description] PreInferEl3yolov8m/input_layer1 | inputs: EntryPushQEl0yolov8m/input_layer1[0] | outputs: PushQEl3yolov8m/input_layer1
[2026-04-10 18:46:10.647] [3455] [HailoRT] [info] [pipeline.cpp:891] [print_deep_description] PushQEl3yolov8m/input_layer1 | inputs: PreInferEl3yolov8m/input_layer1[0] | outputs: AsyncHwEl(running in thread_id: 3472)
[2026-04-10 18:46:10.647] [3455] [HailoRT] [info] [pipeline.cpp:891] [print_deep_description] AsyncHwEl | inputs: PushQEl3yolov8m/input_layer1[0] | outputs: MultiPushQEl0YOLOV8-Post-Process MultiPushQEl0YOLOV8-Post-Process MultiPushQEl0YOLOV8-Post-Process MultiPushQEl0YOLOV8-Post-Process MultiPushQEl0YOLOV8-Post-Process MultiPushQEl0YOLOV8-Post-Process
[2026-04-10 18:46:10.647] [3455] [HailoRT] [info] [pipeline.cpp:891] [print_deep_description] MultiPushQEl0YOLOV8-Post-Process | inputs: AsyncHwEl[0] AsyncHwEl[1] AsyncHwEl[2] AsyncHwEl[3] AsyncHwEl[4] AsyncHwEl[5] | outputs: NmsPPMuxEl0YOLOV8-Post-Process(running in thread_id: 3473)
[2026-04-10 18:46:10.647] [3455] [HailoRT] [info] [pipeline.cpp:891] [print_deep_description] NmsPPMuxEl0YOLOV8-Post-Process | inputs: MultiPushQEl0YOLOV8-Post-Process[0] | outputs: LastAsyncEl0NmsPPMuxEl0YOLOV8-Post-Process
[2026-04-10 18:46:10.647] [3455] [HailoRT] [info] [pipeline.cpp:891] [print_deep_description] LastAsyncEl0NmsPPMuxEl0YOLOV8-Post-Process | inputs: NmsPPMuxEl0YOLOV8-Post-Process[0] | outputs: user
[2026-04-10 18:46:11.607] [3468] [HailoRT] [info] [hef.cpp:1929] [get_network_group_and_network_name] No name was given. Addressing all networks of default network_group: yolov8m
[2026-04-10 18:47:39.000] [3455] [HailoRT] [info] [async_infer_runner.cpp:86] [shutdown] Pipeline was aborted. Shutting it down
[2026-04-10 18:47:39.001] [3455] [HailoRT] [info] [queue_elements.cpp:1131] [execute_deactivate] enqueue() in element MultiPushQEl0YOLOV8-Post-Process was aborted, got status = HAILO_SHUTDOWN_EVENT_SIGNALED(57)
[2026-04-10 18:47:39.001] [3455] [HailoRT] [info] [queue_elements.cpp:1131] [execute_deactivate] enqueue() in element MultiPushQEl0YOLOV8-Post-Process was aborted, got status = HAILO_SHUTDOWN_EVENT_SIGNALED(57)
[2026-04-10 18:47:39.001] [3455] [HailoRT] [info] [queue_elements.cpp:1131] [execute_deactivate] enqueue() in element MultiPushQEl0YOLOV8-Post-Process was aborted, got status = HAILO_SHUTDOWN_EVENT_SIGNALED(57)
[2026-04-10 18:47:39.001] [3455] [HailoRT] [info] [queue_elements.cpp:1131] [execute_deactivate] enqueue() in element MultiPushQEl0YOLOV8-Post-Process was aborted, got status = HAILO_SHUTDOWN_EVENT_SIGNALED(57)
[2026-04-10 18:47:39.001] [3455] [HailoRT] [info] [queue_elements.cpp:1131] [execute_deactivate] enqueue() in element MultiPushQEl0YOLOV8-Post-Process was aborted, got status = HAILO_SHUTDOWN_EVENT_SIGNALED(57)
[2026-04-10 18:47:39.001] [3455] [HailoRT] [info] [queue_elements.cpp:1131] [execute_deactivate] enqueue() in element MultiPushQEl0YOLOV8-Post-Process was aborted, got status = HAILO_SHUTDOWN_EVENT_SIGNALED(57)
[2026-04-10 18:47:39.001] [3455] [HailoRT] [info] [queue_elements.cpp:570] [execute_deactivate] enqueue() in element PushQEl3yolov8m/input_layer1 was aborted, got status = HAILO_SHUTDOWN_EVENT_SIGNALED(57)
[2026-04-10 18:47:39.002] [3455] [HailoRT] [info] [queue_elements.cpp:570] [execute_deactivate] enqueue() in element EntryPushQEl0yolov8m/input_layer1 was aborted, got status = HAILO_SHUTDOWN_EVENT_SIGNALED(57)
[2026-04-10 18:47:39.002] [3455] [HailoRT] [info] [queue_elements.cpp:46] [~BaseQueueElement] Queue element EntryPushQEl0yolov8m/input_layer1 has 0 frames in his Queue on destruction
[2026-04-10 18:47:39.002] [3455] [HailoRT] [info] [queue_elements.cpp:46] [~BaseQueueElement] Queue element PushQEl3yolov8m/input_layer1 has 0 frames in his Queue on destruction
[2026-04-10 18:50:21.387] [3679] [HailoRT] [info] [vdevice.cpp:523] [create] Creating vdevice with params: device_count: 1, scheduling_algorithm: ROUND_ROBIN, multi_process_service: false
[2026-04-10 18:50:21.398] [3679] [HailoRT] [info] [device.cpp:49] [Device] OS Version: Linux 6.12.62+rpt-rpi-2712 #1 SMP PREEMPT Debian 1:6.12.62-1+rpt1~bookworm (2026-01-19) aarch64
[2026-04-10 18:50:21.400] [3679] [HailoRT] [info] [control.cpp:108] [control__parse_identify_results] firmware_version is: 4.20.0
[2026-04-10 18:50:21.400] [3679] [HailoRT] [info] [vdevice.cpp:651] [create] VDevice Infos: 0001:01:00.0
[2026-04-10 18:50:21.418] [3679] [HailoRT] [info] [hef.cpp:1929] [get_network_group_and_network_name] No name was given. Addressing all networks of default network_group: yolov8m
[2026-04-10 18:50:21.418] [3679] [HailoRT] [info] [hef.cpp:1929] [get_network_group_and_network_name] No name was given. Addressing all networks of default network_group: yolov8m
[2026-04-10 18:50:21.427] [3679] [HailoRT] [info] [internal_buffer_manager.cpp:204] [print_execution_results] Planned internal buffer memory: CMA memory 0, user memory 3037184. memory to edge layer usage factor is 1
[2026-04-10 18:50:21.427] [3679] [HailoRT] [info] [internal_buffer_manager.cpp:212] [print_execution_results] Default Internal buffer planner executed successfully
[2026-04-10 18:50:21.465] [3679] [HailoRT] [info] [device_internal.cpp:57] [configure] Configuring HEF took 43.955445 milliseconds
[2026-04-10 18:50:21.465] [3679] [HailoRT] [info] [vdevice.cpp:749] [configure] Configuring HEF on VDevice took 44.25387 milliseconds
[2026-04-10 18:50:21.465] [3679] [HailoRT] [info] [infer_model.cpp:436] [configure] Configuring network group 'yolov8m' with params: batch size: 0, power mode: PERFORMANCE, latency: NONE
[2026-04-10 18:50:21.465] [3679] [HailoRT] [info] [multi_io_elements.cpp:756] [create] Created (AsyncHwEl)
[2026-04-10 18:50:21.465] [3679] [HailoRT] [info] [queue_elements.cpp:450] [create] Created (EntryPushQEl0yolov8m/input_layer1 | timeout: 10s)
[2026-04-10 18:50:21.465] [3679] [HailoRT] [info] [filter_elements.cpp:101] [create] Created (PreInferEl3yolov8m/input_layer1 | Reorder - src_order: RGB4, src_shape: (640, 640, 3), dst_order: NHCW, dst_shape: (640, 640, 3))
[2026-04-10 18:50:21.465] [3679] [HailoRT] [info] [queue_elements.cpp:450] [create] Created (PushQEl3yolov8m/input_layer1 | timeout: 10s)
[2026-04-10 18:50:21.465] [3679] [HailoRT] [info] [multi_io_elements.cpp:135] [create] Created (NmsPPMuxEl0YOLOV8-Post-Process | Op YOLOV8, Name: YOLOV8-Post-Process, Score threshold: 0.001, IoU threshold: 0.70, Classes: 8, Cross classes: false, NMS results order: BY_CLASS, Max bboxes per class: 100, Image height: 640, Image width: 640)
[2026-04-10 18:50:21.466] [3679] [HailoRT] [info] [queue_elements.cpp:942] [create] Created (MultiPushQEl0YOLOV8-Post-Process | timeout: 10s)
[2026-04-10 18:50:21.466] [3679] [HailoRT] [info] [edge_elements.cpp:187] [create] Created (LastAsyncEl0NmsPPMuxEl0YOLOV8-Post-Process)
[2026-04-10 18:50:21.466] [3679] [HailoRT] [info] [pipeline.cpp:891] [print_deep_description] EntryPushQEl0yolov8m/input_layer1 | inputs: user | outputs: PreInferEl3yolov8m/input_layer1(running in thread_id: 3695)
[2026-04-10 18:50:21.466] [3679] [HailoRT] [info] [pipeline.cpp:891] [print_deep_description] PreInferEl3yolov8m/input_layer1 | inputs: EntryPushQEl0yolov8m/input_layer1[0] | outputs: PushQEl3yolov8m/input_layer1
[2026-04-10 18:50:21.466] [3679] [HailoRT] [info] [pipeline.cpp:891] [print_deep_description] PushQEl3yolov8m/input_layer1 | inputs: PreInferEl3yolov8m/input_layer1[0] | outputs: AsyncHwEl(running in thread_id: 3696)
[2026-04-10 18:50:21.466] [3679] [HailoRT] [info] [pipeline.cpp:891] [print_deep_description] AsyncHwEl | inputs: PushQEl3yolov8m/input_layer1[0] | outputs: MultiPushQEl0YOLOV8-Post-Process MultiPushQEl0YOLOV8-Post-Process MultiPushQEl0YOLOV8-Post-Process MultiPushQEl0YOLOV8-Post-Process MultiPushQEl0YOLOV8-Post-Process MultiPushQEl0YOLOV8-Post-Process
[2026-04-10 18:50:21.466] [3679] [HailoRT] [info] [pipeline.cpp:891] [print_deep_description] MultiPushQEl0YOLOV8-Post-Process | inputs: AsyncHwEl[0] AsyncHwEl[1] AsyncHwEl[2] AsyncHwEl[3] AsyncHwEl[4] AsyncHwEl[5] | outputs: NmsPPMuxEl0YOLOV8-Post-Process(running in thread_id: 3697)
[2026-04-10 18:50:21.466] [3679] [HailoRT] [info] [pipeline.cpp:891] [print_deep_description] NmsPPMuxEl0YOLOV8-Post-Process | inputs: MultiPushQEl0YOLOV8-Post-Process[0] | outputs: LastAsyncEl0NmsPPMuxEl0YOLOV8-Post-Process
[2026-04-10 18:50:21.466] [3679] [HailoRT] [info] [pipeline.cpp:891] [print_deep_description] LastAsyncEl0NmsPPMuxEl0YOLOV8-Post-Process | inputs: NmsPPMuxEl0YOLOV8-Post-Process[0] | outputs: user
[2026-04-10 18:50:23.366] [3692] [HailoRT] [info] [hef.cpp:1929] [get_network_group_and_network_name] No name was given. Addressing all networks of default network_group: yolov8m
[2026-04-10 18:51:30.879] [3679] [HailoRT] [info] [async_infer_runner.cpp:86] [shutdown] Pipeline was aborted. Shutting it down
[2026-04-10 18:51:30.881] [3679] [HailoRT] [info] [queue_elements.cpp:1131] [execute_deactivate] enqueue() in element MultiPushQEl0YOLOV8-Post-Process was aborted, got status = HAILO_SHUTDOWN_EVENT_SIGNALED(57)
[2026-04-10 18:51:30.881] [3679] [HailoRT] [info] [queue_elements.cpp:1131] [execute_deactivate] enqueue() in element MultiPushQEl0YOLOV8-Post-Process was aborted, got status = HAILO_SHUTDOWN_EVENT_SIGNALED(57)
[2026-04-10 18:51:30.881] [3679] [HailoRT] [info] [queue_elements.cpp:1131] [execute_deactivate] enqueue() in element MultiPushQEl0YOLOV8-Post-Process was aborted, got status = HAILO_SHUTDOWN_EVENT_SIGNALED(57)
[2026-04-10 18:51:30.881] [3679] [HailoRT] [info] [queue_elements.cpp:1131] [execute_deactivate] enqueue() in element MultiPushQEl0YOLOV8-Post-Process was aborted, got status = HAILO_SHUTDOWN_EVENT_SIGNALED(57)
[2026-04-10 18:51:30.881] [3679] [HailoRT] [info] [queue_elements.cpp:1131] [execute_deactivate] enqueue() in element MultiPushQEl0YOLOV8-Post-Process was aborted, got status = HAILO_SHUTDOWN_EVENT_SIGNALED(57)
[2026-04-10 18:51:30.881] [3679] [HailoRT] [info] [queue_elements.cpp:1131] [execute_deactivate] enqueue() in element MultiPushQEl0YOLOV8-Post-Process was aborted, got status = HAILO_SHUTDOWN_EVENT_SIGNALED(57)
[2026-04-10 18:51:30.881] [3679] [HailoRT] [info] [queue_elements.cpp:570] [execute_deactivate] enqueue() in element PushQEl3yolov8m/input_layer1 was aborted, got status = HAILO_SHUTDOWN_EVENT_SIGNALED(57)
[2026-04-10 18:51:30.881] [3679] [HailoRT] [info] [queue_elements.cpp:570] [execute_deactivate] enqueue() in element EntryPushQEl0yolov8m/input_layer1 was aborted, got status = HAILO_SHUTDOWN_EVENT_SIGNALED(57)
[2026-04-10 18:51:30.881] [3679] [HailoRT] [info] [queue_elements.cpp:46] [~BaseQueueElement] Queue element EntryPushQEl0yolov8m/input_layer1 has 0 frames in his Queue on destruction
[2026-04-10 18:51:30.881] [3679] [HailoRT] [info] [queue_elements.cpp:46] [~BaseQueueElement] Queue element PushQEl3yolov8m/input_layer1 has 0 frames in his Queue on destruction
[2026-04-10 18:55:57.994] [3903] [HailoRT] [info] [vdevice.cpp:523] [create] Creating vdevice with params: device_count: 1, scheduling_algorithm: ROUND_ROBIN, multi_process_service: false
[2026-04-10 18:55:58.006] [3903] [HailoRT] [info] [device.cpp:49] [Device] OS Version: Linux 6.12.62+rpt-rpi-2712 #1 SMP PREEMPT Debian 1:6.12.62-1+rpt1~bookworm (2026-01-19) aarch64
[2026-04-10 18:55:58.008] [3903] [HailoRT] [info] [control.cpp:108] [control__parse_identify_results] firmware_version is: 4.20.0
[2026-04-10 18:55:58.008] [3903] [HailoRT] [info] [vdevice.cpp:651] [create] VDevice Infos: 0001:01:00.0
[2026-04-10 18:55:58.026] [3903] [HailoRT] [info] [hef.cpp:1929] [get_network_group_and_network_name] No name was given. Addressing all networks of default network_group: yolov8m
[2026-04-10 18:55:58.026] [3903] [HailoRT] [info] [hef.cpp:1929] [get_network_group_and_network_name] No name was given. Addressing all networks of default network_group: yolov8m
[2026-04-10 18:55:58.035] [3903] [HailoRT] [info] [internal_buffer_manager.cpp:204] [print_execution_results] Planned internal buffer memory: CMA memory 0, user memory 3037184. memory to edge layer usage factor is 1
[2026-04-10 18:55:58.035] [3903] [HailoRT] [info] [internal_buffer_manager.cpp:212] [print_execution_results] Default Internal buffer planner executed successfully
[2026-04-10 18:55:58.071] [3903] [HailoRT] [info] [device_internal.cpp:57] [configure] Configuring HEF took 41.34776 milliseconds
[2026-04-10 18:55:58.071] [3903] [HailoRT] [info] [vdevice.cpp:749] [configure] Configuring HEF on VDevice took 41.646741 milliseconds
[2026-04-10 18:55:58.071] [3903] [HailoRT] [info] [infer_model.cpp:436] [configure] Configuring network group 'yolov8m' with params: batch size: 0, power mode: PERFORMANCE, latency: NONE
[2026-04-10 18:55:58.071] [3903] [HailoRT] [info] [multi_io_elements.cpp:756] [create] Created (AsyncHwEl)
[2026-04-10 18:55:58.071] [3903] [HailoRT] [info] [queue_elements.cpp:450] [create] Created (EntryPushQEl0yolov8m/input_layer1 | timeout: 10s)
[2026-04-10 18:55:58.071] [3903] [HailoRT] [info] [filter_elements.cpp:101] [create] Created (PreInferEl3yolov8m/input_layer1 | Reorder - src_order: RGB4, src_shape: (640, 640, 3), dst_order: NHCW, dst_shape: (640, 640, 3))
[2026-04-10 18:55:58.071] [3903] [HailoRT] [info] [queue_elements.cpp:450] [create] Created (PushQEl3yolov8m/input_layer1 | timeout: 10s)
[2026-04-10 18:55:58.071] [3903] [HailoRT] [info] [multi_io_elements.cpp:135] [create] Created (NmsPPMuxEl0YOLOV8-Post-Process | Op YOLOV8, Name: YOLOV8-Post-Process, Score threshold: 0.001, IoU threshold: 0.70, Classes: 8, Cross classes: false, NMS results order: BY_CLASS, Max bboxes per class: 100, Image height: 640, Image width: 640)
[2026-04-10 18:55:58.071] [3903] [HailoRT] [info] [queue_elements.cpp:942] [create] Created (MultiPushQEl0YOLOV8-Post-Process | timeout: 10s)
[2026-04-10 18:55:58.071] [3903] [HailoRT] [info] [edge_elements.cpp:187] [create] Created (LastAsyncEl0NmsPPMuxEl0YOLOV8-Post-Process)
[2026-04-10 18:55:58.071] [3903] [HailoRT] [info] [pipeline.cpp:891] [print_deep_description] EntryPushQEl0yolov8m/input_layer1 | inputs: user | outputs: PreInferEl3yolov8m/input_layer1(running in thread_id: 3919)
[2026-04-10 18:55:58.071] [3903] [HailoRT] [info] [pipeline.cpp:891] [print_deep_description] PreInferEl3yolov8m/input_layer1 | inputs: EntryPushQEl0yolov8m/input_layer1[0] | outputs: PushQEl3yolov8m/input_layer1
[2026-04-10 18:55:58.071] [3903] [HailoRT] [info] [pipeline.cpp:891] [print_deep_description] PushQEl3yolov8m/input_layer1 | inputs: PreInferEl3yolov8m/input_layer1[0] | outputs: AsyncHwEl(running in thread_id: 3920)
[2026-04-10 18:55:58.071] [3903] [HailoRT] [info] [pipeline.cpp:891] [print_deep_description] AsyncHwEl | inputs: PushQEl3yolov8m/input_layer1[0] | outputs: MultiPushQEl0YOLOV8-Post-Process MultiPushQEl0YOLOV8-Post-Process MultiPushQEl0YOLOV8-Post-Process MultiPushQEl0YOLOV8-Post-Process MultiPushQEl0YOLOV8-Post-Process MultiPushQEl0YOLOV8-Post-Process
[2026-04-10 18:55:58.071] [3903] [HailoRT] [info] [pipeline.cpp:891] [print_deep_description] MultiPushQEl0YOLOV8-Post-Process | inputs: AsyncHwEl[0] AsyncHwEl[1] AsyncHwEl[2] AsyncHwEl[3] AsyncHwEl[4] AsyncHwEl[5] | outputs: NmsPPMuxEl0YOLOV8-Post-Process(running in thread_id: 3921)
[2026-04-10 18:55:58.071] [3903] [HailoRT] [info] [pipeline.cpp:891] [print_deep_description] NmsPPMuxEl0YOLOV8-Post-Process | inputs: MultiPushQEl0YOLOV8-Post-Process[0] | outputs: LastAsyncEl0NmsPPMuxEl0YOLOV8-Post-Process
[2026-04-10 18:55:58.071] [3903] [HailoRT] [info] [pipeline.cpp:891] [print_deep_description] LastAsyncEl0NmsPPMuxEl0YOLOV8-Post-Process | inputs: NmsPPMuxEl0YOLOV8-Post-Process[0] | outputs: user
[2026-04-10 18:55:59.029] [3916] [HailoRT] [info] [hef.cpp:1929] [get_network_group_and_network_name] No name was given. Addressing all networks of default network_group: yolov8m
[2026-04-10 18:56:37.984] [3903] [HailoRT] [info] [async_infer_runner.cpp:86] [shutdown] Pipeline was aborted. Shutting it down
[2026-04-10 18:56:37.985] [3903] [HailoRT] [info] [queue_elements.cpp:1131] [execute_deactivate] enqueue() in element MultiPushQEl0YOLOV8-Post-Process was aborted, got status = HAILO_SHUTDOWN_EVENT_SIGNALED(57)
[2026-04-10 18:56:37.985] [3903] [HailoRT] [info] [queue_elements.cpp:1131] [execute_deactivate] enqueue() in element MultiPushQEl0YOLOV8-Post-Process was aborted, got status = HAILO_SHUTDOWN_EVENT_SIGNALED(57)
[2026-04-10 18:56:37.985] [3903] [HailoRT] [info] [queue_elements.cpp:1131] [execute_deactivate] enqueue() in element MultiPushQEl0YOLOV8-Post-Process was aborted, got status = HAILO_SHUTDOWN_EVENT_SIGNALED(57)
[2026-04-10 18:56:37.985] [3903] [HailoRT] [info] [queue_elements.cpp:1131] [execute_deactivate] enqueue() in element MultiPushQEl0YOLOV8-Post-Process was aborted, got status = HAILO_SHUTDOWN_EVENT_SIGNALED(57)
[2026-04-10 18:56:37.985] [3903] [HailoRT] [info] [queue_elements.cpp:1131] [execute_deactivate] enqueue() in element MultiPushQEl0YOLOV8-Post-Process was aborted, got status = HAILO_SHUTDOWN_EVENT_SIGNALED(57)
[2026-04-10 18:56:37.985] [3903] [HailoRT] [info] [queue_elements.cpp:1131] [execute_deactivate] enqueue() in element MultiPushQEl0YOLOV8-Post-Process was aborted, got status = HAILO_SHUTDOWN_EVENT_SIGNALED(57)
[2026-04-10 18:56:37.985] [3903] [HailoRT] [info] [queue_elements.cpp:570] [execute_deactivate] enqueue() in element PushQEl3yolov8m/input_layer1 was aborted, got status = HAILO_SHUTDOWN_EVENT_SIGNALED(57)
[2026-04-10 18:56:37.985] [3903] [HailoRT] [info] [queue_elements.cpp:570] [execute_deactivate] enqueue() in element EntryPushQEl0yolov8m/input_layer1 was aborted, got status = HAILO_SHUTDOWN_EVENT_SIGNALED(57)
[2026-04-10 18:56:37.985] [3903] [HailoRT] [info] [queue_elements.cpp:46] [~BaseQueueElement] Queue element EntryPushQEl0yolov8m/input_layer1 has 0 frames in his Queue on destruction
[2026-04-10 18:56:37.985] [3903] [HailoRT] [info] [queue_elements.cpp:46] [~BaseQueueElement] Queue element PushQEl3yolov8m/input_layer1 has 0 frames in his Queue on destruction
[2026-04-10 18:58:21.487] [4128] [HailoRT] [info] [vdevice.cpp:523] [create] Creating vdevice with params: device_count: 1, scheduling_algorithm: ROUND_ROBIN, multi_process_service: false
[2026-04-10 18:58:21.498] [4128] [HailoRT] [info] [device.cpp:49] [Device] OS Version: Linux 6.12.62+rpt-rpi-2712 #1 SMP PREEMPT Debian 1:6.12.62-1+rpt1~bookworm (2026-01-19) aarch64
[2026-04-10 18:58:21.500] [4128] [HailoRT] [info] [control.cpp:108] [control__parse_identify_results] firmware_version is: 4.20.0
[2026-04-10 18:58:21.500] [4128] [HailoRT] [info] [vdevice.cpp:651] [create] VDevice Infos: 0001:01:00.0
[2026-04-10 18:58:21.518] [4128] [HailoRT] [info] [hef.cpp:1929] [get_network_group_and_network_name] No name was given. Addressing all networks of default network_group: yolov8m
[2026-04-10 18:58:21.518] [4128] [HailoRT] [info] [hef.cpp:1929] [get_network_group_and_network_name] No name was given. Addressing all networks of default network_group: yolov8m
[2026-04-10 18:58:21.527] [4128] [HailoRT] [info] [internal_buffer_manager.cpp:204] [print_execution_results] Planned internal buffer memory: CMA memory 0, user memory 3037184. memory to edge layer usage factor is 1
[2026-04-10 18:58:21.527] [4128] [HailoRT] [info] [internal_buffer_manager.cpp:212] [print_execution_results] Default Internal buffer planner executed successfully
[2026-04-10 18:58:21.565] [4128] [HailoRT] [info] [device_internal.cpp:57] [configure] Configuring HEF took 43.959352 milliseconds
[2026-04-10 18:58:21.565] [4128] [HailoRT] [info] [vdevice.cpp:749] [configure] Configuring HEF on VDevice took 44.261704 milliseconds
[2026-04-10 18:58:21.565] [4128] [HailoRT] [info] [infer_model.cpp:436] [configure] Configuring network group 'yolov8m' with params: batch size: 0, power mode: PERFORMANCE, latency: NONE
[2026-04-10 18:58:21.565] [4128] [HailoRT] [info] [multi_io_elements.cpp:756] [create] Created (AsyncHwEl)
[2026-04-10 18:58:21.565] [4128] [HailoRT] [info] [queue_elements.cpp:450] [create] Created (EntryPushQEl0yolov8m/input_layer1 | timeout: 10s)
[2026-04-10 18:58:21.565] [4128] [HailoRT] [info] [filter_elements.cpp:101] [create] Created (PreInferEl3yolov8m/input_layer1 | Reorder - src_order: RGB4, src_shape: (640, 640, 3), dst_order: NHCW, dst_shape: (640, 640, 3))
[2026-04-10 18:58:21.565] [4128] [HailoRT] [info] [queue_elements.cpp:450] [create] Created (PushQEl3yolov8m/input_layer1 | timeout: 10s)
[2026-04-10 18:58:21.565] [4128] [HailoRT] [info] [multi_io_elements.cpp:135] [create] Created (NmsPPMuxEl0YOLOV8-Post-Process | Op YOLOV8, Name: YOLOV8-Post-Process, Score threshold: 0.001, IoU threshold: 0.70, Classes: 8, Cross classes: false, NMS results order: BY_CLASS, Max bboxes per class: 100, Image height: 640, Image width: 640)
[2026-04-10 18:58:21.566] [4128] [HailoRT] [info] [queue_elements.cpp:942] [create] Created (MultiPushQEl0YOLOV8-Post-Process | timeout: 10s)
[2026-04-10 18:58:21.566] [4128] [HailoRT] [info] [edge_elements.cpp:187] [create] Created (LastAsyncEl0NmsPPMuxEl0YOLOV8-Post-Process)
[2026-04-10 18:58:21.566] [4128] [HailoRT] [info] [pipeline.cpp:891] [print_deep_description] EntryPushQEl0yolov8m/input_layer1 | inputs: user | outputs: PreInferEl3yolov8m/input_layer1(running in thread_id: 4144)
[2026-04-10 18:58:21.566] [4128] [HailoRT] [info] [pipeline.cpp:891] [print_deep_description] PreInferEl3yolov8m/input_layer1 | inputs: EntryPushQEl0yolov8m/input_layer1[0] | outputs: PushQEl3yolov8m/input_layer1
[2026-04-10 18:58:21.566] [4128] [HailoRT] [info] [pipeline.cpp:891] [print_deep_description] PushQEl3yolov8m/input_layer1 | inputs: PreInferEl3yolov8m/input_layer1[0] | outputs: AsyncHwEl(running in thread_id: 4145)
[2026-04-10 18:58:21.566] [4128] [HailoRT] [info] [pipeline.cpp:891] [print_deep_description] AsyncHwEl | inputs: PushQEl3yolov8m/input_layer1[0] | outputs: MultiPushQEl0YOLOV8-Post-Process MultiPushQEl0YOLOV8-Post-Process MultiPushQEl0YOLOV8-Post-Process MultiPushQEl0YOLOV8-Post-Process MultiPushQEl0YOLOV8-Post-Process MultiPushQEl0YOLOV8-Post-Process
[2026-04-10 18:58:21.566] [4128] [HailoRT] [info] [pipeline.cpp:891] [print_deep_description] MultiPushQEl0YOLOV8-Post-Process | inputs: AsyncHwEl[0] AsyncHwEl[1] AsyncHwEl[2] AsyncHwEl[3] AsyncHwEl[4] AsyncHwEl[5] | outputs: NmsPPMuxEl0YOLOV8-Post-Process(running in thread_id: 4146)
[2026-04-10 18:58:21.566] [4128] [HailoRT] [info] [pipeline.cpp:891] [print_deep_description] NmsPPMuxEl0YOLOV8-Post-Process | inputs: MultiPushQEl0YOLOV8-Post-Process[0] | outputs: LastAsyncEl0NmsPPMuxEl0YOLOV8-Post-Process
[2026-04-10 18:58:21.566] [4128] [HailoRT] [info] [pipeline.cpp:891] [print_deep_description] LastAsyncEl0NmsPPMuxEl0YOLOV8-Post-Process | inputs: NmsPPMuxEl0YOLOV8-Post-Process[0] | outputs: user
[2026-04-10 18:58:22.510] [4141] [HailoRT] [info] [hef.cpp:1929] [get_network_group_and_network_name] No name was given. Addressing all networks of default network_group: yolov8m
[2026-04-10 19:07:01.511] [4353] [HailoRT] [info] [vdevice.cpp:523] [create] Creating vdevice with params: device_count: 1, scheduling_algorithm: ROUND_ROBIN, multi_process_service: false
[2026-04-10 19:07:01.522] [4353] [HailoRT] [info] [device.cpp:49] [Device] OS Version: Linux 6.12.62+rpt-rpi-2712 #1 SMP PREEMPT Debian 1:6.12.62-1+rpt1~bookworm (2026-01-19) aarch64
[2026-04-10 19:07:01.524] [4353] [HailoRT] [info] [control.cpp:108] [control__parse_identify_results] firmware_version is: 4.20.0
[2026-04-10 19:07:01.524] [4353] [HailoRT] [info] [vdevice.cpp:651] [create] VDevice Infos: 0001:01:00.0
[2026-04-10 19:07:01.542] [4353] [HailoRT] [info] [hef.cpp:1929] [get_network_group_and_network_name] No name was given. Addressing all networks of default network_group: yolov8m
[2026-04-10 19:07:01.542] [4353] [HailoRT] [info] [hef.cpp:1929] [get_network_group_and_network_name] No name was given. Addressing all networks of default network_group: yolov8m
[2026-04-10 19:07:01.551] [4353] [HailoRT] [info] [internal_buffer_manager.cpp:204] [print_execution_results] Planned internal buffer memory: CMA memory 0, user memory 3037184. memory to edge layer usage factor is 1
[2026-04-10 19:07:01.551] [4353] [HailoRT] [info] [internal_buffer_manager.cpp:212] [print_execution_results] Default Internal buffer planner executed successfully
[2026-04-10 19:07:01.589] [4353] [HailoRT] [info] [device_internal.cpp:57] [configure] Configuring HEF took 43.993648 milliseconds
[2026-04-10 19:07:01.589] [4353] [HailoRT] [info] [vdevice.cpp:749] [configure] Configuring HEF on VDevice took 44.293445 milliseconds
[2026-04-10 19:07:01.589] [4353] [HailoRT] [info] [infer_model.cpp:436] [configure] Configuring network group 'yolov8m' with params: batch size: 0, power mode: PERFORMANCE, latency: NONE
[2026-04-10 19:07:01.589] [4353] [HailoRT] [info] [multi_io_elements.cpp:756] [create] Created (AsyncHwEl)
[2026-04-10 19:07:01.589] [4353] [HailoRT] [info] [queue_elements.cpp:450] [create] Created (EntryPushQEl0yolov8m/input_layer1 | timeout: 10s)
[2026-04-10 19:07:01.589] [4353] [HailoRT] [info] [filter_elements.cpp:101] [create] Created (PreInferEl3yolov8m/input_layer1 | Reorder - src_order: RGB4, src_shape: (640, 640, 3), dst_order: NHCW, dst_shape: (640, 640, 3))
[2026-04-10 19:07:01.589] [4353] [HailoRT] [info] [queue_elements.cpp:450] [create] Created (PushQEl3yolov8m/input_layer1 | timeout: 10s)
[2026-04-10 19:07:01.589] [4353] [HailoRT] [info] [multi_io_elements.cpp:135] [create] Created (NmsPPMuxEl0YOLOV8-Post-Process | Op YOLOV8, Name: YOLOV8-Post-Process, Score threshold: 0.001, IoU threshold: 0.70, Classes: 8, Cross classes: false, NMS results order: BY_CLASS, Max bboxes per class: 100, Image height: 640, Image width: 640)
[2026-04-10 19:07:01.590] [4353] [HailoRT] [info] [queue_elements.cpp:942] [create] Created (MultiPushQEl0YOLOV8-Post-Process | timeout: 10s)
[2026-04-10 19:07:01.590] [4353] [HailoRT] [info] [edge_elements.cpp:187] [create] Created (LastAsyncEl0NmsPPMuxEl0YOLOV8-Post-Process)
[2026-04-10 19:07:01.590] [4353] [HailoRT] [info] [pipeline.cpp:891] [print_deep_description] EntryPushQEl0yolov8m/input_layer1 | inputs: user | outputs: PreInferEl3yolov8m/input_layer1(running in thread_id: 4370)
[2026-04-10 19:07:01.590] [4353] [HailoRT] [info] [pipeline.cpp:891] [print_deep_description] PreInferEl3yolov8m/input_layer1 | inputs: EntryPushQEl0yolov8m/input_layer1[0] | outputs: PushQEl3yolov8m/input_layer1
[2026-04-10 19:07:01.590] [4353] [HailoRT] [info] [pipeline.cpp:891] [print_deep_description] PushQEl3yolov8m/input_layer1 | inputs: PreInferEl3yolov8m/input_layer1[0] | outputs: AsyncHwEl(running in thread_id: 4371)
[2026-04-10 19:07:01.590] [4353] [HailoRT] [info] [pipeline.cpp:891] [print_deep_description] AsyncHwEl | inputs: PushQEl3yolov8m/input_layer1[0] | outputs: MultiPushQEl0YOLOV8-Post-Process MultiPushQEl0YOLOV8-Post-Process MultiPushQEl0YOLOV8-Post-Process MultiPushQEl0YOLOV8-Post-Process MultiPushQEl0YOLOV8-Post-Process MultiPushQEl0YOLOV8-Post-Process
[2026-04-10 19:07:01.590] [4353] [HailoRT] [info] [pipeline.cpp:891] [print_deep_description] MultiPushQEl0YOLOV8-Post-Process | inputs: AsyncHwEl[0] AsyncHwEl[1] AsyncHwEl[2] AsyncHwEl[3] AsyncHwEl[4] AsyncHwEl[5] | outputs: NmsPPMuxEl0YOLOV8-Post-Process(running in thread_id: 4372)
[2026-04-10 19:07:01.590] [4353] [HailoRT] [info] [pipeline.cpp:891] [print_deep_description] NmsPPMuxEl0YOLOV8-Post-Process | inputs: MultiPushQEl0YOLOV8-Post-Process[0] | outputs: LastAsyncEl0NmsPPMuxEl0YOLOV8-Post-Process
[2026-04-10 19:07:01.590] [4353] [HailoRT] [info] [pipeline.cpp:891] [print_deep_description] LastAsyncEl0NmsPPMuxEl0YOLOV8-Post-Process | inputs: NmsPPMuxEl0YOLOV8-Post-Process[0] | outputs: user
[2026-04-10 19:07:03.496] [4367] [HailoRT] [info] [hef.cpp:1929] [get_network_group_and_network_name] No name was given. Addressing all networks of default network_group: yolov8m
[2026-04-10 19:19:45.292] [4353] [HailoRT] [info] [async_infer_runner.cpp:86] [shutdown] Pipeline was aborted. Shutting it down
[2026-04-10 19:19:45.293] [4353] [HailoRT] [info] [queue_elements.cpp:1131] [execute_deactivate] enqueue() in element MultiPushQEl0YOLOV8-Post-Process was aborted, got status = HAILO_SHUTDOWN_EVENT_SIGNALED(57)
[2026-04-10 19:19:45.293] [4353] [HailoRT] [info] [queue_elements.cpp:1131] [execute_deactivate] enqueue() in element MultiPushQEl0YOLOV8-Post-Process was aborted, got status = HAILO_SHUTDOWN_EVENT_SIGNALED(57)
[2026-04-10 19:19:45.293] [4353] [HailoRT] [info] [queue_elements.cpp:1131] [execute_deactivate] enqueue() in element MultiPushQEl0YOLOV8-Post-Process was aborted, got status = HAILO_SHUTDOWN_EVENT_SIGNALED(57)
[2026-04-10 19:19:45.293] [4353] [HailoRT] [info] [queue_elements.cpp:1131] [execute_deactivate] enqueue() in element MultiPushQEl0YOLOV8-Post-Process was aborted, got status = HAILO_SHUTDOWN_EVENT_SIGNALED(57)
[2026-04-10 19:19:45.293] [4353] [HailoRT] [info] [queue_elements.cpp:1131] [execute_deactivate] enqueue() in element MultiPushQEl0YOLOV8-Post-Process was aborted, got status = HAILO_SHUTDOWN_EVENT_SIGNALED(57)
[2026-04-10 19:19:45.293] [4353] [HailoRT] [info] [queue_elements.cpp:1131] [execute_deactivate] enqueue() in element MultiPushQEl0YOLOV8-Post-Process was aborted, got status = HAILO_SHUTDOWN_EVENT_SIGNALED(57)
[2026-04-10 19:19:45.293] [4353] [HailoRT] [info] [queue_elements.cpp:570] [execute_deactivate] enqueue() in element PushQEl3yolov8m/input_layer1 was aborted, got status = HAILO_SHUTDOWN_EVENT_SIGNALED(57)
[2026-04-10 19:19:45.293] [4353] [HailoRT] [info] [queue_elements.cpp:570] [execute_deactivate] enqueue() in element EntryPushQEl0yolov8m/input_layer1 was aborted, got status = HAILO_SHUTDOWN_EVENT_SIGNALED(57)
[2026-04-10 19:19:45.293] [4353] [HailoRT] [info] [queue_elements.cpp:46] [~BaseQueueElement] Queue element EntryPushQEl0yolov8m/input_layer1 has 0 frames in his Queue on destruction
[2026-04-10 19:19:45.293] [4353] [HailoRT] [info] [queue_elements.cpp:46] [~BaseQueueElement] Queue element PushQEl3yolov8m/input_layer1 has 0 frames in his Queue on destruction
[2026-04-10 19:27:22.095] [4694] [HailoRT] [info] [vdevice.cpp:523] [create] Creating vdevice with params: device_count: 1, scheduling_algorithm: ROUND_ROBIN, multi_process_service: false
[2026-04-10 19:27:22.106] [4694] [HailoRT] [info] [device.cpp:49] [Device] OS Version: Linux 6.12.62+rpt-rpi-2712 #1 SMP PREEMPT Debian 1:6.12.62-1+rpt1~bookworm (2026-01-19) aarch64
[2026-04-10 19:27:22.108] [4694] [HailoRT] [info] [control.cpp:108] [control__parse_identify_results] firmware_version is: 4.20.0
[2026-04-10 19:27:22.108] [4694] [HailoRT] [info] [vdevice.cpp:651] [create] VDevice Infos: 0001:01:00.0
[2026-04-10 19:27:22.126] [4694] [HailoRT] [info] [hef.cpp:1929] [get_network_group_and_network_name] No name was given. Addressing all networks of default network_group: yolov8m
[2026-04-10 19:27:22.126] [4694] [HailoRT] [info] [hef.cpp:1929] [get_network_group_and_network_name] No name was given. Addressing all networks of default network_group: yolov8m
[2026-04-10 19:27:22.135] [4694] [HailoRT] [info] [internal_buffer_manager.cpp:204] [print_execution_results] Planned internal buffer memory: CMA memory 0, user memory 3037184. memory to edge layer usage factor is 1
[2026-04-10 19:27:22.135] [4694] [HailoRT] [info] [internal_buffer_manager.cpp:212] [print_execution_results] Default Internal buffer planner executed successfully
[2026-04-10 19:27:22.170] [4694] [HailoRT] [info] [device_internal.cpp:57] [configure] Configuring HEF took 40.837685 milliseconds
[2026-04-10 19:27:22.170] [4694] [HailoRT] [info] [vdevice.cpp:749] [configure] Configuring HEF on VDevice took 41.137722 milliseconds
[2026-04-10 19:27:22.170] [4694] [HailoRT] [info] [infer_model.cpp:436] [configure] Configuring network group 'yolov8m' with params: batch size: 0, power mode: PERFORMANCE, latency: NONE
[2026-04-10 19:27:22.170] [4694] [HailoRT] [info] [multi_io_elements.cpp:756] [create] Created (AsyncHwEl)
[2026-04-10 19:27:22.170] [4694] [HailoRT] [info] [queue_elements.cpp:450] [create] Created (EntryPushQEl0yolov8m/input_layer1 | timeout: 10s)
[2026-04-10 19:27:22.170] [4694] [HailoRT] [info] [filter_elements.cpp:101] [create] Created (PreInferEl3yolov8m/input_layer1 | Reorder - src_order: RGB4, src_shape: (640, 640, 3), dst_order: NHCW, dst_shape: (640, 640, 3))
[2026-04-10 19:27:22.170] [4694] [HailoRT] [info] [queue_elements.cpp:450] [create] Created (PushQEl3yolov8m/input_layer1 | timeout: 10s)
[2026-04-10 19:27:22.170] [4694] [HailoRT] [info] [multi_io_elements.cpp:135] [create] Created (NmsPPMuxEl0YOLOV8-Post-Process | Op YOLOV8, Name: YOLOV8-Post-Process, Score threshold: 0.001, IoU threshold: 0.70, Classes: 8, Cross classes: false, NMS results order: BY_CLASS, Max bboxes per class: 100, Image height: 640, Image width: 640)
[2026-04-10 19:27:22.170] [4694] [HailoRT] [info] [queue_elements.cpp:942] [create] Created (MultiPushQEl0YOLOV8-Post-Process | timeout: 10s)
[2026-04-10 19:27:22.170] [4694] [HailoRT] [info] [edge_elements.cpp:187] [create] Created (LastAsyncEl0NmsPPMuxEl0YOLOV8-Post-Process)
[2026-04-10 19:27:22.170] [4694] [HailoRT] [info] [pipeline.cpp:891] [print_deep_description] EntryPushQEl0yolov8m/input_layer1 | inputs: user | outputs: PreInferEl3yolov8m/input_layer1(running in thread_id: 4710)
[2026-04-10 19:27:22.170] [4694] [HailoRT] [info] [pipeline.cpp:891] [print_deep_description] PreInferEl3yolov8m/input_layer1 | inputs: EntryPushQEl0yolov8m/input_layer1[0] | outputs: PushQEl3yolov8m/input_layer1
[2026-04-10 19:27:22.170] [4694] [HailoRT] [info] [pipeline.cpp:891] [print_deep_description] PushQEl3yolov8m/input_layer1 | inputs: PreInferEl3yolov8m/input_layer1[0] | outputs: AsyncHwEl(running in thread_id: 4711)
[2026-04-10 19:27:22.170] [4694] [HailoRT] [info] [pipeline.cpp:891] [print_deep_description] AsyncHwEl | inputs: PushQEl3yolov8m/input_layer1[0] | outputs: MultiPushQEl0YOLOV8-Post-Process MultiPushQEl0YOLOV8-Post-Process MultiPushQEl0YOLOV8-Post-Process MultiPushQEl0YOLOV8-Post-Process MultiPushQEl0YOLOV8-Post-Process MultiPushQEl0YOLOV8-Post-Process
[2026-04-10 19:27:22.170] [4694] [HailoRT] [info] [pipeline.cpp:891] [print_deep_description] MultiPushQEl0YOLOV8-Post-Process | inputs: AsyncHwEl[0] AsyncHwEl[1] AsyncHwEl[2] AsyncHwEl[3] AsyncHwEl[4] AsyncHwEl[5] | outputs: NmsPPMuxEl0YOLOV8-Post-Process(running in thread_id: 4712)
[2026-04-10 19:27:22.171] [4694] [HailoRT] [info] [pipeline.cpp:891] [print_deep_description] NmsPPMuxEl0YOLOV8-Post-Process | inputs: MultiPushQEl0YOLOV8-Post-Process[0] | outputs: LastAsyncEl0NmsPPMuxEl0YOLOV8-Post-Process
[2026-04-10 19:27:22.171] [4694] [HailoRT] [info] [pipeline.cpp:891] [print_deep_description] LastAsyncEl0NmsPPMuxEl0YOLOV8-Post-Process | inputs: NmsPPMuxEl0YOLOV8-Post-Process[0] | outputs: user
[2026-04-10 19:27:23.193] [4707] [HailoRT] [info] [hef.cpp:1929] [get_network_group_and_network_name] No name was given. Addressing all networks of default network_group: yolov8m
[2026-04-10 19:37:16.735] [5016] [HailoRT] [info] [vdevice.cpp:523] [create] Creating vdevice with params: device_count: 1, scheduling_algorithm: ROUND_ROBIN, multi_process_service: false
[2026-04-10 19:37:16.746] [5016] [HailoRT] [info] [device.cpp:49] [Device] OS Version: Linux 6.12.62+rpt-rpi-2712 #1 SMP PREEMPT Debian 1:6.12.62-1+rpt1~bookworm (2026-01-19) aarch64
[2026-04-10 19:37:16.748] [5016] [HailoRT] [info] [control.cpp:108] [control__parse_identify_results] firmware_version is: 4.20.0
[2026-04-10 19:37:16.748] [5016] [HailoRT] [info] [vdevice.cpp:651] [create] VDevice Infos: 0001:01:00.0
[2026-04-10 19:37:16.766] [5016] [HailoRT] [info] [hef.cpp:1929] [get_network_group_and_network_name] No name was given. Addressing all networks of default network_group: yolov8m
[2026-04-10 19:37:16.766] [5016] [HailoRT] [info] [hef.cpp:1929] [get_network_group_and_network_name] No name was given. Addressing all networks of default network_group: yolov8m
[2026-04-10 19:37:16.775] [5016] [HailoRT] [info] [internal_buffer_manager.cpp:204] [print_execution_results] Planned internal buffer memory: CMA memory 0, user memory 3037184. memory to edge layer usage factor is 1
[2026-04-10 19:37:16.775] [5016] [HailoRT] [info] [internal_buffer_manager.cpp:212] [print_execution_results] Default Internal buffer planner executed successfully
[2026-04-10 19:37:16.812] [5016] [HailoRT] [info] [device_internal.cpp:57] [configure] Configuring HEF took 42.889704 milliseconds
[2026-04-10 19:37:16.812] [5016] [HailoRT] [info] [vdevice.cpp:749] [configure] Configuring HEF on VDevice took 43.193648 milliseconds
[2026-04-10 19:37:16.812] [5016] [HailoRT] [info] [infer_model.cpp:436] [configure] Configuring network group 'yolov8m' with params: batch size: 0, power mode: PERFORMANCE, latency: NONE
[2026-04-10 19:37:16.812] [5016] [HailoRT] [info] [multi_io_elements.cpp:756] [create] Created (AsyncHwEl)
[2026-04-10 19:37:16.812] [5016] [HailoRT] [info] [queue_elements.cpp:450] [create] Created (EntryPushQEl0yolov8m/input_layer1 | timeout: 10s)
[2026-04-10 19:37:16.812] [5016] [HailoRT] [info] [filter_elements.cpp:101] [create] Created (PreInferEl3yolov8m/input_layer1 | Reorder - src_order: RGB4, src_shape: (640, 640, 3), dst_order: NHCW, dst_shape: (640, 640, 3))
[2026-04-10 19:37:16.812] [5016] [HailoRT] [info] [queue_elements.cpp:450] [create] Created (PushQEl3yolov8m/input_layer1 | timeout: 10s)
[2026-04-10 19:37:16.812] [5016] [HailoRT] [info] [multi_io_elements.cpp:135] [create] Created (NmsPPMuxEl0YOLOV8-Post-Process | Op YOLOV8, Name: YOLOV8-Post-Process, Score threshold: 0.001, IoU threshold: 0.70, Classes: 8, Cross classes: false, NMS results order: BY_CLASS, Max bboxes per class: 100, Image height: 640, Image width: 640)
[2026-04-10 19:37:16.812] [5016] [HailoRT] [info] [queue_elements.cpp:942] [create] Created (MultiPushQEl0YOLOV8-Post-Process | timeout: 10s)
[2026-04-10 19:37:16.812] [5016] [HailoRT] [info] [edge_elements.cpp:187] [create] Created (LastAsyncEl0NmsPPMuxEl0YOLOV8-Post-Process)
[2026-04-10 19:37:16.812] [5016] [HailoRT] [info] [pipeline.cpp:891] [print_deep_description] EntryPushQEl0yolov8m/input_layer1 | inputs: user | outputs: PreInferEl3yolov8m/input_layer1(running in thread_id: 5032)
[2026-04-10 19:37:16.812] [5016] [HailoRT] [info] [pipeline.cpp:891] [print_deep_description] PreInferEl3yolov8m/input_layer1 | inputs: EntryPushQEl0yolov8m/input_layer1[0] | outputs: PushQEl3yolov8m/input_layer1
[2026-04-10 19:37:16.812] [5016] [HailoRT] [info] [pipeline.cpp:891] [print_deep_description] PushQEl3yolov8m/input_layer1 | inputs: PreInferEl3yolov8m/input_layer1[0] | outputs: AsyncHwEl(running in thread_id: 5033)
[2026-04-10 19:37:16.812] [5016] [HailoRT] [info] [pipeline.cpp:891] [print_deep_description] AsyncHwEl | inputs: PushQEl3yolov8m/input_layer1[0] | outputs: MultiPushQEl0YOLOV8-Post-Process MultiPushQEl0YOLOV8-Post-Process MultiPushQEl0YOLOV8-Post-Process MultiPushQEl0YOLOV8-Post-Process MultiPushQEl0YOLOV8-Post-Process MultiPushQEl0YOLOV8-Post-Process
[2026-04-10 19:37:16.813] [5016] [HailoRT] [info] [pipeline.cpp:891] [print_deep_description] MultiPushQEl0YOLOV8-Post-Process | inputs: AsyncHwEl[0] AsyncHwEl[1] AsyncHwEl[2] AsyncHwEl[3] AsyncHwEl[4] AsyncHwEl[5] | outputs: NmsPPMuxEl0YOLOV8-Post-Process(running in thread_id: 5034)
[2026-04-10 19:37:16.813] [5016] [HailoRT] [info] [pipeline.cpp:891] [print_deep_description] NmsPPMuxEl0YOLOV8-Post-Process | inputs: MultiPushQEl0YOLOV8-Post-Process[0] | outputs: LastAsyncEl0NmsPPMuxEl0YOLOV8-Post-Process
[2026-04-10 19:37:16.813] [5016] [HailoRT] [info] [pipeline.cpp:891] [print_deep_description] LastAsyncEl0NmsPPMuxEl0YOLOV8-Post-Process | inputs: NmsPPMuxEl0YOLOV8-Post-Process[0] | outputs: user
[2026-04-10 19:37:17.763] [5029] [HailoRT] [info] [hef.cpp:1929] [get_network_group_and_network_name] No name was given. Addressing all networks of default network_group: yolov8m
[2026-04-10 19:38:51.506] [5016] [HailoRT] [info] [async_infer_runner.cpp:86] [shutdown] Pipeline was aborted. Shutting it down
[2026-04-10 19:38:51.511] [5027] [HailoRT] [info] [network_group.cpp:857] [operator()] Infer request was aborted by user
[2026-04-10 19:38:51.512] [5016] [HailoRT] [info] [queue_elements.cpp:1131] [execute_deactivate] enqueue() in element MultiPushQEl0YOLOV8-Post-Process was aborted, got status = HAILO_SHUTDOWN_EVENT_SIGNALED(57)
[2026-04-10 19:38:51.512] [5016] [HailoRT] [info] [queue_elements.cpp:1131] [execute_deactivate] enqueue() in element MultiPushQEl0YOLOV8-Post-Process was aborted, got status = HAILO_SHUTDOWN_EVENT_SIGNALED(57)
[2026-04-10 19:38:51.512] [5016] [HailoRT] [info] [queue_elements.cpp:1131] [execute_deactivate] enqueue() in element MultiPushQEl0YOLOV8-Post-Process was aborted, got status = HAILO_SHUTDOWN_EVENT_SIGNALED(57)
[2026-04-10 19:38:51.512] [5016] [HailoRT] [info] [queue_elements.cpp:1131] [execute_deactivate] enqueue() in element MultiPushQEl0YOLOV8-Post-Process was aborted, got status = HAILO_SHUTDOWN_EVENT_SIGNALED(57)
[2026-04-10 19:38:51.512] [5016] [HailoRT] [info] [queue_elements.cpp:1131] [execute_deactivate] enqueue() in element MultiPushQEl0YOLOV8-Post-Process was aborted, got status = HAILO_SHUTDOWN_EVENT_SIGNALED(57)
[2026-04-10 19:38:51.512] [5016] [HailoRT] [info] [queue_elements.cpp:1131] [execute_deactivate] enqueue() in element MultiPushQEl0YOLOV8-Post-Process was aborted, got status = HAILO_SHUTDOWN_EVENT_SIGNALED(57)
[2026-04-10 19:38:51.512] [5016] [HailoRT] [info] [queue_elements.cpp:570] [execute_deactivate] enqueue() in element PushQEl3yolov8m/input_layer1 was aborted, got status = HAILO_SHUTDOWN_EVENT_SIGNALED(57)
[2026-04-10 19:38:51.512] [5016] [HailoRT] [info] [queue_elements.cpp:570] [execute_deactivate] enqueue() in element EntryPushQEl0yolov8m/input_layer1 was aborted, got status = HAILO_SHUTDOWN_EVENT_SIGNALED(57)
[2026-04-10 19:38:51.512] [5016] [HailoRT] [info] [queue_elements.cpp:46] [~BaseQueueElement] Queue element EntryPushQEl0yolov8m/input_layer1 has 0 frames in his Queue on destruction
[2026-04-10 19:38:51.512] [5016] [HailoRT] [info] [queue_elements.cpp:46] [~BaseQueueElement] Queue element PushQEl3yolov8m/input_layer1 has 0 frames in his Queue on destruction
[2026-04-10 19:40:12.971] [5233] [HailoRT] [info] [vdevice.cpp:523] [create] Creating vdevice with params: device_count: 1, scheduling_algorithm: ROUND_ROBIN, multi_process_service: false
[2026-04-10 19:40:12.982] [5233] [HailoRT] [info] [device.cpp:49] [Device] OS Version: Linux 6.12.62+rpt-rpi-2712 #1 SMP PREEMPT Debian 1:6.12.62-1+rpt1~bookworm (2026-01-19) aarch64
[2026-04-10 19:40:12.984] [5233] [HailoRT] [info] [control.cpp:108] [control__parse_identify_results] firmware_version is: 4.20.0
[2026-04-10 19:40:12.984] [5233] [HailoRT] [info] [vdevice.cpp:651] [create] VDevice Infos: 0001:01:00.0
[2026-04-10 19:40:13.002] [5233] [HailoRT] [info] [hef.cpp:1929] [get_network_group_and_network_name] No name was given. Addressing all networks of default network_group: yolov8m
[2026-04-10 19:40:13.002] [5233] [HailoRT] [info] [hef.cpp:1929] [get_network_group_and_network_name] No name was given. Addressing all networks of default network_group: yolov8m
[2026-04-10 19:40:13.011] [5233] [HailoRT] [info] [internal_buffer_manager.cpp:204] [print_execution_results] Planned internal buffer memory: CMA memory 0, user memory 3037184. memory to edge layer usage factor is 1
[2026-04-10 19:40:13.011] [5233] [HailoRT] [info] [internal_buffer_manager.cpp:212] [print_execution_results] Default Internal buffer planner executed successfully
[2026-04-10 19:40:13.047] [5233] [HailoRT] [info] [device_internal.cpp:57] [configure] Configuring HEF took 41.606166 milliseconds
[2026-04-10 19:40:13.047] [5233] [HailoRT] [info] [vdevice.cpp:749] [configure] Configuring HEF on VDevice took 41.912 milliseconds
[2026-04-10 19:40:13.047] [5233] [HailoRT] [info] [infer_model.cpp:436] [configure] Configuring network group 'yolov8m' with params: batch size: 0, power mode: PERFORMANCE, latency: NONE
[2026-04-10 19:40:13.047] [5233] [HailoRT] [info] [multi_io_elements.cpp:756] [create] Created (AsyncHwEl)
[2026-04-10 19:40:13.047] [5233] [HailoRT] [info] [queue_elements.cpp:450] [create] Created (EntryPushQEl0yolov8m/input_layer1 | timeout: 10s)
[2026-04-10 19:40:13.047] [5233] [HailoRT] [info] [filter_elements.cpp:101] [create] Created (PreInferEl3yolov8m/input_layer1 | Reorder - src_order: RGB4, src_shape: (640, 640, 3), dst_order: NHCW, dst_shape: (640, 640, 3))
[2026-04-10 19:40:13.047] [5233] [HailoRT] [info] [queue_elements.cpp:450] [create] Created (PushQEl3yolov8m/input_layer1 | timeout: 10s)
[2026-04-10 19:40:13.047] [5233] [HailoRT] [info] [multi_io_elements.cpp:135] [create] Created (NmsPPMuxEl0YOLOV8-Post-Process | Op YOLOV8, Name: YOLOV8-Post-Process, Score threshold: 0.001, IoU threshold: 0.70, Classes: 8, Cross classes: false, NMS results order: BY_CLASS, Max bboxes per class: 100, Image height: 640, Image width: 640)
[2026-04-10 19:40:13.047] [5233] [HailoRT] [info] [queue_elements.cpp:942] [create] Created (MultiPushQEl0YOLOV8-Post-Process | timeout: 10s)
[2026-04-10 19:40:13.047] [5233] [HailoRT] [info] [edge_elements.cpp:187] [create] Created (LastAsyncEl0NmsPPMuxEl0YOLOV8-Post-Process)
[2026-04-10 19:40:13.047] [5233] [HailoRT] [info] [pipeline.cpp:891] [print_deep_description] EntryPushQEl0yolov8m/input_layer1 | inputs: user | outputs: PreInferEl3yolov8m/input_layer1(running in thread_id: 5249)
[2026-04-10 19:40:13.047] [5233] [HailoRT] [info] [pipeline.cpp:891] [print_deep_description] PreInferEl3yolov8m/input_layer1 | inputs: EntryPushQEl0yolov8m/input_layer1[0] | outputs: PushQEl3yolov8m/input_layer1
[2026-04-10 19:40:13.047] [5233] [HailoRT] [info] [pipeline.cpp:891] [print_deep_description] PushQEl3yolov8m/input_layer1 | inputs: PreInferEl3yolov8m/input_layer1[0] | outputs: AsyncHwEl(running in thread_id: 5250)
[2026-04-10 19:40:13.047] [5233] [HailoRT] [info] [pipeline.cpp:891] [print_deep_description] AsyncHwEl | inputs: PushQEl3yolov8m/input_layer1[0] | outputs: MultiPushQEl0YOLOV8-Post-Process MultiPushQEl0YOLOV8-Post-Process MultiPushQEl0YOLOV8-Post-Process MultiPushQEl0YOLOV8-Post-Process MultiPushQEl0YOLOV8-Post-Process MultiPushQEl0YOLOV8-Post-Process
[2026-04-10 19:40:13.047] [5233] [HailoRT] [info] [pipeline.cpp:891] [print_deep_description] MultiPushQEl0YOLOV8-Post-Process | inputs: AsyncHwEl[0] AsyncHwEl[1] AsyncHwEl[2] AsyncHwEl[3] AsyncHwEl[4] AsyncHwEl[5] | outputs: NmsPPMuxEl0YOLOV8-Post-Process(running in thread_id: 5251)
[2026-04-10 19:40:13.047] [5233] [HailoRT] [info] [pipeline.cpp:891] [print_deep_description] NmsPPMuxEl0YOLOV8-Post-Process | inputs: MultiPushQEl0YOLOV8-Post-Process[0] | outputs: LastAsyncEl0NmsPPMuxEl0YOLOV8-Post-Process
[2026-04-10 19:40:13.047] [5233] [HailoRT] [info] [pipeline.cpp:891] [print_deep_description] LastAsyncEl0NmsPPMuxEl0YOLOV8-Post-Process | inputs: NmsPPMuxEl0YOLOV8-Post-Process[0] | outputs: user
[2026-04-10 19:40:14.946] [5246] [HailoRT] [info] [hef.cpp:1929] [get_network_group_and_network_name] No name was given. Addressing all networks of default network_group: yolov8m
[2026-04-10 19:44:03.865] [5233] [HailoRT] [info] [async_infer_runner.cpp:86] [shutdown] Pipeline was aborted. Shutting it down
[2026-04-10 19:44:03.866] [5233] [HailoRT] [info] [queue_elements.cpp:1131] [execute_deactivate] enqueue() in element MultiPushQEl0YOLOV8-Post-Process was aborted, got status = HAILO_SHUTDOWN_EVENT_SIGNALED(57)
[2026-04-10 19:44:03.866] [5233] [HailoRT] [info] [queue_elements.cpp:1131] [execute_deactivate] enqueue() in element MultiPushQEl0YOLOV8-Post-Process was aborted, got status = HAILO_SHUTDOWN_EVENT_SIGNALED(57)
[2026-04-10 19:44:03.866] [5233] [HailoRT] [info] [queue_elements.cpp:1131] [execute_deactivate] enqueue() in element MultiPushQEl0YOLOV8-Post-Process was aborted, got status = HAILO_SHUTDOWN_EVENT_SIGNALED(57)
[2026-04-10 19:44:03.866] [5233] [HailoRT] [info] [queue_elements.cpp:1131] [execute_deactivate] enqueue() in element MultiPushQEl0YOLOV8-Post-Process was aborted, got status = HAILO_SHUTDOWN_EVENT_SIGNALED(57)
[2026-04-10 19:44:03.866] [5233] [HailoRT] [info] [queue_elements.cpp:1131] [execute_deactivate] enqueue() in element MultiPushQEl0YOLOV8-Post-Process was aborted, got status = HAILO_SHUTDOWN_EVENT_SIGNALED(57)
[2026-04-10 19:44:03.866] [5233] [HailoRT] [info] [queue_elements.cpp:1131] [execute_deactivate] enqueue() in element MultiPushQEl0YOLOV8-Post-Process was aborted, got status = HAILO_SHUTDOWN_EVENT_SIGNALED(57)
[2026-04-10 19:44:03.866] [5233] [HailoRT] [info] [queue_elements.cpp:570] [execute_deactivate] enqueue() in element PushQEl3yolov8m/input_layer1 was aborted, got status = HAILO_SHUTDOWN_EVENT_SIGNALED(57)
[2026-04-10 19:44:03.866] [5233] [HailoRT] [info] [queue_elements.cpp:570] [execute_deactivate] enqueue() in element EntryPushQEl0yolov8m/input_layer1 was aborted, got status = HAILO_SHUTDOWN_EVENT_SIGNALED(57)
[2026-04-10 19:44:03.866] [5233] [HailoRT] [info] [queue_elements.cpp:46] [~BaseQueueElement] Queue element EntryPushQEl0yolov8m/input_layer1 has 0 frames in his Queue on destruction
[2026-04-10 19:44:03.866] [5233] [HailoRT] [info] [queue_elements.cpp:46] [~BaseQueueElement] Queue element PushQEl3yolov8m/input_layer1 has 0 frames in his Queue on destruction
[2026-04-10 19:47:04.743] [5461] [HailoRT] [info] [vdevice.cpp:523] [create] Creating vdevice with params: device_count: 1, scheduling_algorithm: ROUND_ROBIN, multi_process_service: false
[2026-04-10 19:47:04.754] [5461] [HailoRT] [info] [device.cpp:49] [Device] OS Version: Linux 6.12.62+rpt-rpi-2712 #1 SMP PREEMPT Debian 1:6.12.62-1+rpt1~bookworm (2026-01-19) aarch64
[2026-04-10 19:47:04.756] [5461] [HailoRT] [info] [control.cpp:108] [control__parse_identify_results] firmware_version is: 4.20.0
[2026-04-10 19:47:04.756] [5461] [HailoRT] [info] [vdevice.cpp:651] [create] VDevice Infos: 0001:01:00.0
[2026-04-10 19:47:04.774] [5461] [HailoRT] [info] [hef.cpp:1929] [get_network_group_and_network_name] No name was given. Addressing all networks of default network_group: yolov8m
[2026-04-10 19:47:04.774] [5461] [HailoRT] [info] [hef.cpp:1929] [get_network_group_and_network_name] No name was given. Addressing all networks of default network_group: yolov8m
[2026-04-10 19:47:04.786] [5461] [HailoRT] [info] [internal_buffer_manager.cpp:204] [print_execution_results] Planned internal buffer memory: CMA memory 0, user memory 3037184. memory to edge layer usage factor is 1
[2026-04-10 19:47:04.786] [5461] [HailoRT] [info] [internal_buffer_manager.cpp:212] [print_execution_results] Default Internal buffer planner executed successfully
[2026-04-10 19:47:04.828] [5461] [HailoRT] [info] [device_internal.cpp:57] [configure] Configuring HEF took 50.996426 milliseconds
[2026-04-10 19:47:04.828] [5461] [HailoRT] [info] [vdevice.cpp:749] [configure] Configuring HEF on VDevice took 51.296686 milliseconds
[2026-04-10 19:47:04.828] [5461] [HailoRT] [info] [infer_model.cpp:436] [configure] Configuring network group 'yolov8m' with params: batch size: 0, power mode: PERFORMANCE, latency: NONE
[2026-04-10 19:47:04.828] [5461] [HailoRT] [info] [multi_io_elements.cpp:756] [create] Created (AsyncHwEl)
[2026-04-10 19:47:04.828] [5461] [HailoRT] [info] [queue_elements.cpp:450] [create] Created (EntryPushQEl0yolov8m/input_layer1 | timeout: 10s)
[2026-04-10 19:47:04.828] [5461] [HailoRT] [info] [filter_elements.cpp:101] [create] Created (PreInferEl3yolov8m/input_layer1 | Reorder - src_order: RGB4, src_shape: (640, 640, 3), dst_order: NHCW, dst_shape: (640, 640, 3))
[2026-04-10 19:47:04.828] [5461] [HailoRT] [info] [queue_elements.cpp:450] [create] Created (PushQEl3yolov8m/input_layer1 | timeout: 10s)
[2026-04-10 19:47:04.828] [5461] [HailoRT] [info] [multi_io_elements.cpp:135] [create] Created (NmsPPMuxEl0YOLOV8-Post-Process | Op YOLOV8, Name: YOLOV8-Post-Process, Score threshold: 0.001, IoU threshold: 0.70, Classes: 8, Cross classes: false, NMS results order: BY_CLASS, Max bboxes per class: 100, Image height: 640, Image width: 640)
[2026-04-10 19:47:04.828] [5461] [HailoRT] [info] [queue_elements.cpp:942] [create] Created (MultiPushQEl0YOLOV8-Post-Process | timeout: 10s)
[2026-04-10 19:47:04.828] [5461] [HailoRT] [info] [edge_elements.cpp:187] [create] Created (LastAsyncEl0NmsPPMuxEl0YOLOV8-Post-Process)
[2026-04-10 19:47:04.828] [5461] [HailoRT] [info] [pipeline.cpp:891] [print_deep_description] EntryPushQEl0yolov8m/input_layer1 | inputs: user | outputs: PreInferEl3yolov8m/input_layer1(running in thread_id: 5477)
[2026-04-10 19:47:04.828] [5461] [HailoRT] [info] [pipeline.cpp:891] [print_deep_description] PreInferEl3yolov8m/input_layer1 | inputs: EntryPushQEl0yolov8m/input_layer1[0] | outputs: PushQEl3yolov8m/input_layer1
[2026-04-10 19:47:04.828] [5461] [HailoRT] [info] [pipeline.cpp:891] [print_deep_description] PushQEl3yolov8m/input_layer1 | inputs: PreInferEl3yolov8m/input_layer1[0] | outputs: AsyncHwEl(running in thread_id: 5478)
[2026-04-10 19:47:04.828] [5461] [HailoRT] [info] [pipeline.cpp:891] [print_deep_description] AsyncHwEl | inputs: PushQEl3yolov8m/input_layer1[0] | outputs: MultiPushQEl0YOLOV8-Post-Process MultiPushQEl0YOLOV8-Post-Process MultiPushQEl0YOLOV8-Post-Process MultiPushQEl0YOLOV8-Post-Process MultiPushQEl0YOLOV8-Post-Process MultiPushQEl0YOLOV8-Post-Process
[2026-04-10 19:47:04.828] [5461] [HailoRT] [info] [pipeline.cpp:891] [print_deep_description] MultiPushQEl0YOLOV8-Post-Process | inputs: AsyncHwEl[0] AsyncHwEl[1] AsyncHwEl[2] AsyncHwEl[3] AsyncHwEl[4] AsyncHwEl[5] | outputs: NmsPPMuxEl0YOLOV8-Post-Process(running in thread_id: 5479)
[2026-04-10 19:47:04.828] [5461] [HailoRT] [info] [pipeline.cpp:891] [print_deep_description] NmsPPMuxEl0YOLOV8-Post-Process | inputs: MultiPushQEl0YOLOV8-Post-Process[0] | outputs: LastAsyncEl0NmsPPMuxEl0YOLOV8-Post-Process
[2026-04-10 19:47:04.828] [5461] [HailoRT] [info] [pipeline.cpp:891] [print_deep_description] LastAsyncEl0NmsPPMuxEl0YOLOV8-Post-Process | inputs: NmsPPMuxEl0YOLOV8-Post-Process[0] | outputs: user
[2026-04-10 19:47:06.744] [5474] [HailoRT] [info] [hef.cpp:1929] [get_network_group_and_network_name] No name was given. Addressing all networks of default network_group: yolov8m
[2026-04-10 19:48:37.746] [5461] [HailoRT] [info] [async_infer_runner.cpp:86] [shutdown] Pipeline was aborted. Shutting it down
[2026-04-10 19:48:37.747] [5461] [HailoRT] [info] [queue_elements.cpp:1131] [execute_deactivate] enqueue() in element MultiPushQEl0YOLOV8-Post-Process was aborted, got status = HAILO_SHUTDOWN_EVENT_SIGNALED(57)
[2026-04-10 19:48:37.747] [5461] [HailoRT] [info] [queue_elements.cpp:1131] [execute_deactivate] enqueue() in element MultiPushQEl0YOLOV8-Post-Process was aborted, got status = HAILO_SHUTDOWN_EVENT_SIGNALED(57)
[2026-04-10 19:48:37.747] [5461] [HailoRT] [info] [queue_elements.cpp:1131] [execute_deactivate] enqueue() in element MultiPushQEl0YOLOV8-Post-Process was aborted, got status = HAILO_SHUTDOWN_EVENT_SIGNALED(57)
[2026-04-10 19:48:37.747] [5461] [HailoRT] [info] [queue_elements.cpp:1131] [execute_deactivate] enqueue() in element MultiPushQEl0YOLOV8-Post-Process was aborted, got status = HAILO_SHUTDOWN_EVENT_SIGNALED(57)
[2026-04-10 19:48:37.747] [5461] [HailoRT] [info] [queue_elements.cpp:1131] [execute_deactivate] enqueue() in element MultiPushQEl0YOLOV8-Post-Process was aborted, got status = HAILO_SHUTDOWN_EVENT_SIGNALED(57)
[2026-04-10 19:48:37.747] [5461] [HailoRT] [info] [queue_elements.cpp:1131] [execute_deactivate] enqueue() in element MultiPushQEl0YOLOV8-Post-Process was aborted, got status = HAILO_SHUTDOWN_EVENT_SIGNALED(57)
[2026-04-10 19:48:37.747] [5461] [HailoRT] [info] [queue_elements.cpp:570] [execute_deactivate] enqueue() in element PushQEl3yolov8m/input_layer1 was aborted, got status = HAILO_SHUTDOWN_EVENT_SIGNALED(57)
[2026-04-10 19:48:37.747] [5461] [HailoRT] [info] [queue_elements.cpp:570] [execute_deactivate] enqueue() in element EntryPushQEl0yolov8m/input_layer1 was aborted, got status = HAILO_SHUTDOWN_EVENT_SIGNALED(57)
[2026-04-10 19:48:37.747] [5461] [HailoRT] [info] [queue_elements.cpp:46] [~BaseQueueElement] Queue element EntryPushQEl0yolov8m/input_layer1 has 0 frames in his Queue on destruction
[2026-04-10 19:48:37.747] [5461] [HailoRT] [info] [queue_elements.cpp:46] [~BaseQueueElement] Queue element PushQEl3yolov8m/input_layer1 has 0 frames in his Queue on destruction
[2026-04-10 19:50:05.359] [5672] [HailoRT] [info] [vdevice.cpp:523] [create] Creating vdevice with params: device_count: 1, scheduling_algorithm: ROUND_ROBIN, multi_process_service: false
[2026-04-10 19:50:05.370] [5672] [HailoRT] [info] [device.cpp:49] [Device] OS Version: Linux 6.12.62+rpt-rpi-2712 #1 SMP PREEMPT Debian 1:6.12.62-1+rpt1~bookworm (2026-01-19) aarch64
[2026-04-10 19:50:05.372] [5672] [HailoRT] [info] [control.cpp:108] [control__parse_identify_results] firmware_version is: 4.20.0
[2026-04-10 19:50:05.372] [5672] [HailoRT] [info] [vdevice.cpp:651] [create] VDevice Infos: 0001:01:00.0
[2026-04-10 19:50:05.390] [5672] [HailoRT] [info] [hef.cpp:1929] [get_network_group_and_network_name] No name was given. Addressing all networks of default network_group: yolov8m
[2026-04-10 19:50:05.390] [5672] [HailoRT] [info] [hef.cpp:1929] [get_network_group_and_network_name] No name was given. Addressing all networks of default network_group: yolov8m
[2026-04-10 19:50:05.399] [5672] [HailoRT] [info] [internal_buffer_manager.cpp:204] [print_execution_results] Planned internal buffer memory: CMA memory 0, user memory 3037184. memory to edge layer usage factor is 1
[2026-04-10 19:50:05.399] [5672] [HailoRT] [info] [internal_buffer_manager.cpp:212] [print_execution_results] Default Internal buffer planner executed successfully
[2026-04-10 19:50:05.434] [5672] [HailoRT] [info] [device_internal.cpp:57] [configure] Configuring HEF took 40.644259 milliseconds
[2026-04-10 19:50:05.434] [5672] [HailoRT] [info] [vdevice.cpp:749] [configure] Configuring HEF on VDevice took 40.943518 milliseconds
[2026-04-10 19:50:05.434] [5672] [HailoRT] [info] [infer_model.cpp:436] [configure] Configuring network group 'yolov8m' with params: batch size: 0, power mode: PERFORMANCE, latency: NONE
[2026-04-10 19:50:05.434] [5672] [HailoRT] [info] [multi_io_elements.cpp:756] [create] Created (AsyncHwEl)
[2026-04-10 19:50:05.434] [5672] [HailoRT] [info] [queue_elements.cpp:450] [create] Created (EntryPushQEl0yolov8m/input_layer1 | timeout: 10s)
[2026-04-10 19:50:05.434] [5672] [HailoRT] [info] [filter_elements.cpp:101] [create] Created (PreInferEl3yolov8m/input_layer1 | Reorder - src_order: RGB4, src_shape: (640, 640, 3), dst_order: NHCW, dst_shape: (640, 640, 3))
[2026-04-10 19:50:05.434] [5672] [HailoRT] [info] [queue_elements.cpp:450] [create] Created (PushQEl3yolov8m/input_layer1 | timeout: 10s)
[2026-04-10 19:50:05.434] [5672] [HailoRT] [info] [multi_io_elements.cpp:135] [create] Created (NmsPPMuxEl0YOLOV8-Post-Process | Op YOLOV8, Name: YOLOV8-Post-Process, Score threshold: 0.001, IoU threshold: 0.70, Classes: 8, Cross classes: false, NMS results order: BY_CLASS, Max bboxes per class: 100, Image height: 640, Image width: 640)
[2026-04-10 19:50:05.434] [5672] [HailoRT] [info] [queue_elements.cpp:942] [create] Created (MultiPushQEl0YOLOV8-Post-Process | timeout: 10s)
[2026-04-10 19:50:05.434] [5672] [HailoRT] [info] [edge_elements.cpp:187] [create] Created (LastAsyncEl0NmsPPMuxEl0YOLOV8-Post-Process)
[2026-04-10 19:50:05.434] [5672] [HailoRT] [info] [pipeline.cpp:891] [print_deep_description] EntryPushQEl0yolov8m/input_layer1 | inputs: user | outputs: PreInferEl3yolov8m/input_layer1(running in thread_id: 5688)
[2026-04-10 19:50:05.434] [5672] [HailoRT] [info] [pipeline.cpp:891] [print_deep_description] PreInferEl3yolov8m/input_layer1 | inputs: EntryPushQEl0yolov8m/input_layer1[0] | outputs: PushQEl3yolov8m/input_layer1
[2026-04-10 19:50:05.434] [5672] [HailoRT] [info] [pipeline.cpp:891] [print_deep_description] PushQEl3yolov8m/input_layer1 | inputs: PreInferEl3yolov8m/input_layer1[0] | outputs: AsyncHwEl(running in thread_id: 5689)
[2026-04-10 19:50:05.434] [5672] [HailoRT] [info] [pipeline.cpp:891] [print_deep_description] AsyncHwEl | inputs: PushQEl3yolov8m/input_layer1[0] | outputs: MultiPushQEl0YOLOV8-Post-Process MultiPushQEl0YOLOV8-Post-Process MultiPushQEl0YOLOV8-Post-Process MultiPushQEl0YOLOV8-Post-Process MultiPushQEl0YOLOV8-Post-Process MultiPushQEl0YOLOV8-Post-Process
[2026-04-10 19:50:05.434] [5672] [HailoRT] [info] [pipeline.cpp:891] [print_deep_description] MultiPushQEl0YOLOV8-Post-Process | inputs: AsyncHwEl[0] AsyncHwEl[1] AsyncHwEl[2] AsyncHwEl[3] AsyncHwEl[4] AsyncHwEl[5] | outputs: NmsPPMuxEl0YOLOV8-Post-Process(running in thread_id: 5690)
[2026-04-10 19:50:05.434] [5672] [HailoRT] [info] [pipeline.cpp:891] [print_deep_description] NmsPPMuxEl0YOLOV8-Post-Process | inputs: MultiPushQEl0YOLOV8-Post-Process[0] | outputs: LastAsyncEl0NmsPPMuxEl0YOLOV8-Post-Process
[2026-04-10 19:50:05.434] [5672] [HailoRT] [info] [pipeline.cpp:891] [print_deep_description] LastAsyncEl0NmsPPMuxEl0YOLOV8-Post-Process | inputs: NmsPPMuxEl0YOLOV8-Post-Process[0] | outputs: user
[2026-04-10 19:50:07.326] [5685] [HailoRT] [info] [hef.cpp:1929] [get_network_group_and_network_name] No name was given. Addressing all networks of default network_group: yolov8m
[2026-04-10 19:55:53.926] [5672] [HailoRT] [info] [async_infer_runner.cpp:86] [shutdown] Pipeline was aborted. Shutting it down
[2026-04-10 19:55:53.927] [5672] [HailoRT] [info] [queue_elements.cpp:1131] [execute_deactivate] enqueue() in element MultiPushQEl0YOLOV8-Post-Process was aborted, got status = HAILO_SHUTDOWN_EVENT_SIGNALED(57)
[2026-04-10 19:55:53.927] [5672] [HailoRT] [info] [queue_elements.cpp:1131] [execute_deactivate] enqueue() in element MultiPushQEl0YOLOV8-Post-Process was aborted, got status = HAILO_SHUTDOWN_EVENT_SIGNALED(57)
[2026-04-10 19:55:53.927] [5672] [HailoRT] [info] [queue_elements.cpp:1131] [execute_deactivate] enqueue() in element MultiPushQEl0YOLOV8-Post-Process was aborted, got status = HAILO_SHUTDOWN_EVENT_SIGNALED(57)
[2026-04-10 19:55:53.927] [5672] [HailoRT] [info] [queue_elements.cpp:1131] [execute_deactivate] enqueue() in element MultiPushQEl0YOLOV8-Post-Process was aborted, got status = HAILO_SHUTDOWN_EVENT_SIGNALED(57)
[2026-04-10 19:55:53.927] [5672] [HailoRT] [info] [queue_elements.cpp:1131] [execute_deactivate] enqueue() in element MultiPushQEl0YOLOV8-Post-Process was aborted, got status = HAILO_SHUTDOWN_EVENT_SIGNALED(57)
[2026-04-10 19:55:53.927] [5672] [HailoRT] [info] [queue_elements.cpp:1131] [execute_deactivate] enqueue() in element MultiPushQEl0YOLOV8-Post-Process was aborted, got status = HAILO_SHUTDOWN_EVENT_SIGNALED(57)
[2026-04-10 19:55:53.927] [5672] [HailoRT] [info] [queue_elements.cpp:570] [execute_deactivate] enqueue() in element PushQEl3yolov8m/input_layer1 was aborted, got status = HAILO_SHUTDOWN_EVENT_SIGNALED(57)
[2026-04-10 19:55:53.927] [5672] [HailoRT] [info] [queue_elements.cpp:570] [execute_deactivate] enqueue() in element EntryPushQEl0yolov8m/input_layer1 was aborted, got status = HAILO_SHUTDOWN_EVENT_SIGNALED(57)
[2026-04-10 19:55:53.927] [5672] [HailoRT] [info] [queue_elements.cpp:46] [~BaseQueueElement] Queue element EntryPushQEl0yolov8m/input_layer1 has 0 frames in his Queue on destruction
[2026-04-10 19:55:53.928] [5672] [HailoRT] [info] [queue_elements.cpp:46] [~BaseQueueElement] Queue element PushQEl3yolov8m/input_layer1 has 0 frames in his Queue on destruction
